"Provincia","Año 2007/Tercero/Usuaria","Año 2007/Tercero/Familiares/Personas allegadas","Año 2007/Tercero/Otros","Año 2007/Cuarto/Usuaria","Año 2007/Cuarto/Familiares/Personas allegadas","Año 2007/Cuarto/Otros","Año 2008/Primero/Usuaria","Año 2008/Primero/Familiares/Personas allegadas","Año 2008/Primero/Otros","Año 2008/Segundo/Usuaria","Año 2008/Segundo/Familiares/Personas allegadas","Año 2008/Segundo/Otros","Año 2008/Tercero/Usuaria","Año 2008/Tercero/Familiares/Personas allegadas","Año 2008/Tercero/Otros","Año 2008/Cuarto/Usuaria","Año 2008/Cuarto/Familiares/Personas allegadas","Año 2008/Cuarto/Otros","Año 2009/Primero/Usuaria","Año 2009/Primero/Familiares/Personas allegadas","Año 2009/Primero/Otros","Año 2009/Segundo/Usuaria","Año 2009/Segundo/Familiares/Personas allegadas","Año 2009/Segundo/Otros","Año 2009/Tercero/Usuaria","Año 2009/Tercero/Familiares/Personas allegadas","Año 2009/Tercero/Otros","Año 2009/Cuarto/Usuaria","Año 2009/Cuarto/Familiares/Personas allegadas","Año 2009/Cuarto/Otros","Año 2010/Primero/Usuaria","Año 2010/Primero/Familiares/Personas allegadas","Año 2010/Primero/Otros","Año 2010/Segundo/Usuaria","Año 2010/Segundo/Familiares/Personas allegadas","Año 2010/Segundo/Otros","Año 2010/Tercero/Usuaria","Año 2010/Tercero/Familiares/Personas allegadas","Año 2010/Tercero/Otros","Año 2010/Cuarto/Usuaria","Año 2010/Cuarto/Familiares/Personas allegadas","Año 2010/Cuarto/Otros","Año 2011/Primero/Usuaria","Año 2011/Primero/Familiares/Personas allegadas","Año 2011/Primero/Otros","Año 2011/Segundo/Usuaria","Año 2011/Segundo/Familiares/Personas allegadas","Año 2011/Segundo/Otros","Año 2011/Tercero/Usuaria","Año 2011/Tercero/Familiares/Personas allegadas","Año 2011/Tercero/Otros","Año 2011/Cuarto/Usuaria","Año 2011/Cuarto/Familiares/Personas allegadas","Año 2011/Cuarto/Otros","Año 2012/Primero/Usuaria","Año 2012/Primero/Familiares/Personas allegadas","Año 2012/Primero/Otros","Año 2012/Segundo/Usuaria","Año 2012/Segundo/Familiares/Personas allegadas","Año 2012/Segundo/Otros","Año 2012/Tercero/Usuaria","Año 2012/Tercero/Familiares/Personas allegadas","Año 2012/Tercero/Otros","Año 2012/Cuarto/Usuaria","Año 2012/Cuarto/Familiares/Personas allegadas","Año 2012/Cuarto/Otros","Año 2013/Primero/Usuaria","Año 2013/Primero/Familiares/Personas allegadas","Año 2013/Primero/Otros","Año 2013/Segundo/Usuaria","Año 2013/Segundo/Familiares/Personas allegadas","Año 2013/Segundo/Otros","Año 2013/Tercero/Usuaria","Año 2013/Tercero/Familiares/Personas allegadas","Año 2013/Tercero/Otros","Año 2013/Cuarto/Desconocido","Año 2013/Cuarto/Usuaria","Año 2013/Cuarto/Familiares/Personas allegadas","Año 2013/Cuarto/Otros","Año 2014/Primero/Desconocido","Año 2014/Primero/Usuaria","Año 2014/Primero/Familiares/Personas allegadas","Año 2014/Primero/Otros","Año 2014/Segundo/Desconocido","Año 2014/Segundo/Usuaria","Año 2014/Segundo/Familiares/Personas allegadas","Año 2014/Segundo/Otros","Año 2014/Tercero/Desconocido","Año 2014/Tercero/Usuaria","Año 2014/Tercero/Familiares/Personas allegadas","Año 2014/Tercero/Otros","Año 2014/Cuarto/Desconocido","Año 2014/Cuarto/Usuaria","Año 2014/Cuarto/Familiares/Personas allegadas","Año 2014/Cuarto/Otros","Año 2015/Primero/Desconocido","Año 2015/Primero/Usuaria","Año 2015/Primero/Familiares/Personas allegadas","Año 2015/Primero/Otros","Año 2015/Segundo/Desconocido","Año 2015/Segundo/Usuaria","Año 2015/Segundo/Familiares/Personas allegadas","Año 2015/Segundo/Otros","Año 2015/Tercero/Desconocido","Año 2015/Tercero/Usuaria","Año 2015/Tercero/Familiares/Personas allegadas","Año 2015/Tercero/Otros","Año 2015/Cuarto/Desconocido","Año 2015/Cuarto/Usuaria","Año 2015/Cuarto/Familiares/Personas allegadas","Año 2015/Cuarto/Otros","Año 2016/Primero/Desconocido","Año 2016/Primero/Usuaria","Año 2016/Primero/Familiares/Personas allegadas","Año 2016/Primero/Otros","Año 2016/Segundo/Desconocido","Año 2016/Segundo/Usuaria","Año 2016/Segundo/Familiares/Personas allegadas","Año 2016/Segundo/Otros","Año 2016/Tercero/Desconocido","Año 2016/Tercero/Usuaria","Año 2016/Tercero/Familiares/Personas allegadas","Año 2016/Tercero/Otros","Año 2016/Cuarto/Desconocido","Año 2016/Cuarto/Usuaria","Año 2016/Cuarto/Familiares/Personas allegadas","Año 2016/Cuarto/Otros","Año 2017/Primero/Desconocido","Año 2017/Primero/Usuaria","Año 2017/Primero/Familiares/Personas allegadas","Año 2017/Primero/Otros","Año 2017/Segundo/Desconocido","Año 2017/Segundo/Usuaria","Año 2017/Segundo/Familiares/Personas allegadas","Año 2017/Segundo/Otros","Año 2017/Tercero/Desconocido","Año 2017/Tercero/Usuaria","Año 2017/Tercero/Familiares/Personas allegadas","Año 2017/Tercero/Otros","Año 2017/Cuarto/Desconocido","Año 2017/Cuarto/Usuaria","Año 2017/Cuarto/Familiares/Personas allegadas","Año 2017/Cuarto/Otros","Año 2018/Primero/Desconocido","Año 2018/Primero/Usuaria","Año 2018/Primero/Familiares/Personas allegadas","Año 2018/Primero/Otros","Año 2018/Segundo/Desconocido","Año 2018/Segundo/Usuaria","Año 2018/Segundo/Familiares/Personas allegadas","Año 2018/Segundo/Otros","Año 2018/Segundo/No Consta","Año 2018/Tercero/Usuaria","Año 2018/Tercero/Familiares/Personas allegadas","Año 2018/Tercero/Otros","Año 2018/Tercero/No Consta","Año 2018/Cuarto/Usuaria","Año 2018/Cuarto/Familiares/Personas allegadas","Año 2018/Cuarto/Otros","Año 2018/Cuarto/No Consta","Año 2019/Primero/Usuaria","Año 2019/Primero/Familiares/Personas allegadas","Año 2019/Primero/Otros","Año 2019/Primero/No Consta","Año 2019/Segundo/Usuaria","Año 2019/Segundo/Familiares/Personas allegadas","Año 2019/Segundo/Otros","Año 2019/Segundo/No Consta","Año 2019/Tercero/Usuaria","Año 2019/Tercero/Familiares/Personas allegadas","Año 2019/Tercero/Otros","Año 2019/Tercero/No Consta","Año 2019/Cuarto/Usuaria","Año 2019/Cuarto/Familiares/Personas allegadas","Año 2019/Cuarto/Otros","Año 2019/Cuarto/No Consta","Año 2020/Primero/Usuaria","Año 2020/Primero/Familiares/Personas allegadas","Año 2020/Primero/Otros","Año 2020/Primero/No Consta","Año 2020/Segundo/Usuaria","Año 2020/Segundo/Familiares/Personas allegadas","Año 2020/Segundo/Otros","Año 2020/Segundo/No Consta","Año 2020/Tercero/Usuaria","Año 2020/Tercero/Familiares/Personas allegadas","Año 2020/Tercero/Otros","Año 2020/Tercero/No Consta","Año 2020/Cuarto/Usuaria","Año 2020/Cuarto/Familiares/Personas allegadas","Año 2020/Cuarto/Otros","Año 2020/Cuarto/No Consta","Año 2021/Primero/Usuaria","Año 2021/Primero/Familiares/Personas allegadas","Año 2021/Primero/Otros","Año 2021/Primero/No Consta","Año 2021/Segundo/Usuaria","Año 2021/Segundo/Familiares/Personas allegadas","Año 2021/Segundo/Otros","Año 2021/Segundo/No Consta","Año 2021/Tercero/Usuaria","Año 2021/Tercero/Familiares/Personas allegadas","Año 2021/Tercero/Otros","Año 2021/Tercero/No Consta","Año 2021/Cuarto/Usuaria","Año 2021/Cuarto/Familiares/Personas allegadas","Año 2021/Cuarto/Otros","Año 2021/Cuarto/No Consta","Año 2022/Primero/Usuaria","Año 2022/Primero/Familiares/Personas allegadas","Año 2022/Primero/Otros","Año 2022/Primero/No Consta","Año 2022/Segundo/Usuaria","Año 2022/Segundo/Familiares/Personas allegadas","Año 2022/Segundo/Otros","Año 2022/Segundo/No Consta","Año 2022/Tercero/Usuaria","Año 2022/Tercero/Familiares/Personas allegadas","Año 2022/Tercero/Otros","Año 2022/Tercero/No Consta","Año 2022/Cuarto/Usuaria","Año 2022/Cuarto/Familiares/Personas allegadas","Año 2022/Cuarto/Otros","Año 2022/Cuarto/No Consta","Año 2023/Primero/Usuaria","Año 2023/Primero/Familiares/Personas allegadas","Año 2023/Primero/Otros","Año 2023/Primero/No Consta","Año 2023/Segundo/Usuaria","Año 2023/Segundo/Familiares/Personas allegadas","Año 2023/Segundo/Otros","Año 2023/Segundo/No Consta","Año 2023/Tercero/Usuaria","Año 2023/Tercero/Familiares/Personas allegadas","Año 2023/Tercero/Otros","Año 2023/Tercero/No Consta"
"Almería","3.0","","","150.0","27.0","1.0","215.0","41.0","4.0","153.0","35.0","8.0","191.0","58.0","5.0","177.0","41.0","8.0","185.0","45.0","4.0","151.0","32.0","6.0","154.0","48.0","5.0","125.0","74.0","5.0","115.0","52.0","2.0","154.0","66.0","7.0","150.0","64.0","5.0","137.0","63.0","6.0","146.0","47.0","4.0","162.0","58.0","4.0","180.0","77.0","9.0","173.0","48.0","4.0","132.0","51.0","3.0","125.0","43.0","4.0","139.0","38.0","4.0","96.0","31.0","1.0","98.0","35.0","2.0","104.0","80.0","8.0","121.0","61.0","6.0","","130.0","65.0","2.0","","173.0","63.0","7.0","","153.0","65.0","16.0","","178.0","83.0","12.0","","175.0","65.0","6.0","1.0","156.0","45.0","7.0","","207.0","75.0","3.0","1.0","216.0","90.0","6.0","","246.0","75.0","9.0","1.0","195.0","70.0","10.0","","178.0","67.0","8.0","2.0","236.0","107.0","13.0","2.0","142.0","69.0","8.0","","150.0","88.0","6.0","","153.0","67.0","4.0","","168.0","63.0","7.0","3.0","113.0","67.0","7.0","1.0","138.0","64.0","2.0","1.0","175.0","61.0","10.0","4.0","166.0","70.0","6.0","7.0","143.0","60.0","8.0","4.0","114.0","43.0","3.0","1.0","132.0","52.0","8.0","3.0","130.0","72.0","6.0","1.0","139.0","59.0","6.0","","131.0","71.0","5.0","2.0","189.0","72.0","10.0","5.0","173.0","66.0","13.0","3.0","94.0","42.0","5.0","1.0","130.0","47.0","2.0","2.0","167.0","79.0","13.0","","179.0","85.0","10.0","4.0","157.0","64.0","6.0","3.0","157.0","62.0","21.0","","172.0","48.0","9.0","6.0","177.0","65.0","1.0","12.0","153.0","52.0","4.0","9.0","164.0","72.0","","8.0","143.0","64.0","14.0","7.0","193.0","67.0","5.0","6.0"
"Cádiz","2.0","","","187.0","44.0","7.0","341.0","69.0","5.0","336.0","60.0","7.0","372.0","94.0","18.0","264.0","60.0","7.0","275.0","75.0","6.0","238.0","72.0","12.0","270.0","77.0","7.0","264.0","99.0","2.0","201.0","100.0","10.0","226.0","106.0","9.0","230.0","99.0","18.0","219.0","116.0","15.0","289.0","81.0","12.0","260.0","92.0","18.0","308.0","121.0","15.0","345.0","96.0","10.0","229.0","58.0","4.0","230.0","69.0","12.0","262.0","84.0","12.0","197.0","67.0","5.0","181.0","95.0","7.0","196.0","139.0","5.0","221.0","136.0","9.0","","246.0","125.0","11.0","","259.0","136.0","5.0","","266.0","102.0","15.0","","336.0","132.0","11.0","1.0","380.0","123.0","10.0","4.0","296.0","91.0","3.0","2.0","363.0","145.0","18.0","","359.0","132.0","12.0","3.0","434.0","173.0","5.0","3.0","335.0","135.0","8.0","1.0","338.0","124.0","12.0","","462.0","213.0","17.0","1.0","295.0","144.0","9.0","1.0","356.0","151.0","13.0","1.0","292.0","141.0","15.0","","349.0","122.0","16.0","2.0","263.0","124.0","7.0","1.0","276.0","140.0","10.0","","295.0","118.0","14.0","2.0","248.0","142.0","15.0","9.0","226.0","83.0","11.0","7.0","195.0","99.0","13.0","3.0","224.0","120.0","12.0","6.0","225.0","136.0","20.0","5.0","231.0","111.0","18.0","2.0","220.0","117.0","14.0","3.0","345.0","173.0","19.0","10.0","287.0","134.0","19.0","6.0","246.0","109.0","16.0","3.0","242.0","77.0","8.0","4.0","359.0","162.0","19.0","7.0","345.0","153.0","17.0","3.0","274.0","119.0","15.0","7.0","255.0","117.0","13.0","8.0","304.0","122.0","12.0","12.0","344.0","145.0","13.0","26.0","284.0","118.0","9.0","14.0","297.0","111.0","7.0","15.0","339.0","110.0","4.0","19.0","336.0","146.0","10.0","19.0"
"Córdoba","7.0","3.0","","155.0","26.0","6.0","183.0","46.0","2.0","150.0","34.0","2.0","220.0","36.0","14.0","150.0","38.0","7.0","135.0","28.0","7.0","194.0","33.0","6.0","179.0","52.0","6.0","152.0","64.0","6.0","152.0","52.0","3.0","156.0","80.0","7.0","142.0","68.0","3.0","141.0","68.0","10.0","186.0","66.0","4.0","147.0","67.0","6.0","189.0","69.0","8.0","196.0","55.0","2.0","150.0","57.0","7.0","123.0","51.0","5.0","145.0","34.0","6.0","105.0","61.0","4.0","96.0","61.0","4.0","115.0","93.0","4.0","147.0","83.0","2.0","","210.0","76.0","3.0","","169.0","78.0","2.0","","180.0","78.0","4.0","","192.0","79.0","7.0","","215.0","63.0","6.0","","150.0","65.0","8.0","","193.0","67.0","5.0","","240.0","80.0","12.0","1.0","235.0","80.0","9.0","","209.0","90.0","6.0","","185.0","86.0","6.0","","258.0","106.0","8.0","1.0","177.0","89.0","10.0","","188.0","91.0","5.0","","164.0","89.0","5.0","","164.0","76.0","7.0","","152.0","74.0","4.0","","165.0","61.0","5.0","1.0","175.0","79.0","11.0","4.0","169.0","71.0","10.0","3.0","134.0","72.0","12.0","3.0","104.0","63.0","5.0","1.0","130.0","83.0","8.0","3.0","128.0","62.0","5.0","1.0","136.0","80.0","9.0","4.0","128.0","56.0","5.0","1.0","197.0","101.0","8.0","4.0","148.0","64.0","7.0","2.0","112.0","48.0","6.0","","141.0","63.0","8.0","","190.0","79.0","10.0","2.0","143.0","64.0","12.0","3.0","133.0","58.0","9.0","3.0","111.0","61.0","4.0","4.0","140.0","70.0","8.0","11.0","144.0","63.0","1.0","14.0","118.0","66.0","2.0","9.0","164.0","92.0","6.0","10.0","145.0","51.0","3.0","17.0","193.0","78.0","1.0","15.0"
"Granada","6.0","1.0","1.0","250.0","41.0","6.0","303.0","69.0","9.0","258.0","52.0","7.0","312.0","80.0","14.0","266.0","69.0","16.0","222.0","52.0","9.0","267.0","47.0","11.0","278.0","61.0","8.0","212.0","90.0","8.0","225.0","114.0","7.0","227.0","115.0","10.0","238.0","106.0","10.0","256.0","135.0","4.0","306.0","79.0","13.0","254.0","86.0","5.0","290.0","87.0","6.0","310.0","95.0","9.0","257.0","81.0","7.0","247.0","69.0","10.0","239.0","66.0","9.0","159.0","58.0","6.0","128.0","74.0","7.0","176.0","119.0","11.0","197.0","122.0","8.0","1.0","245.0","96.0","6.0","","244.0","124.0","14.0","","251.0","91.0","11.0","","285.0","110.0","9.0","","229.0","121.0","11.0","","233.0","101.0","7.0","","313.0","130.0","12.0","1.0","326.0","155.0","15.0","","410.0","176.0","11.0","1.0","308.0","142.0","11.0","1.0","307.0","139.0","13.0","1.0","388.0","175.0","20.0","1.0","258.0","122.0","20.0","1.0","278.0","149.0","10.0","","272.0","122.0","11.0","1.0","224.0","140.0","11.0","1.0","172.0","121.0","12.0","1.0","201.0","119.0","9.0","","211.0","134.0","24.0","4.0","225.0","89.0","23.0","3.0","184.0","114.0","10.0","1.0","157.0","81.0","11.0","3.0","186.0","81.0","11.0","3.0","225.0","118.0","23.0","1.0","188.0","88.0","16.0","2.0","191.0","121.0","11.0","4.0","265.0","135.0","19.0","7.0","277.0","133.0","21.0","2.0","152.0","75.0","14.0","1.0","166.0","94.0","8.0","1.0","246.0","123.0","20.0","5.0","209.0","104.0","16.0","4.0","235.0","115.0","23.0","5.0","201.0","83.0","18.0","1.0","236.0","89.0","15.0","9.0","253.0","113.0","15.0","24.0","234.0","115.0","13.0","14.0","254.0","114.0","11.0","13.0","231.0","116.0","12.0","20.0","258.0","135.0","7.0","17.0"
"Huelva","4.0","2.0","2.0","82.0","17.0","2.0","183.0","23.0","3.0","128.0","21.0","10.0","159.0","28.0","1.0","109.0","32.0","4.0","99.0","27.0","8.0","102.0","27.0","8.0","116.0","29.0","5.0","98.0","44.0","2.0","85.0","25.0","11.0","83.0","47.0","4.0","93.0","38.0","4.0","111.0","52.0","3.0","131.0","40.0","","122.0","51.0","6.0","125.0","50.0","3.0","136.0","45.0","2.0","105.0","31.0","4.0","84.0","34.0","2.0","99.0","36.0","2.0","79.0","30.0","3.0","73.0","45.0","2.0","88.0","49.0","11.0","104.0","52.0","5.0","","130.0","48.0","","","123.0","58.0","4.0","","142.0","38.0","13.0","","115.0","66.0","8.0","","154.0","51.0","5.0","","121.0","43.0","2.0","1.0","127.0","54.0","5.0","","170.0","68.0","8.0","","196.0","62.0","5.0","","131.0","53.0","5.0","","128.0","72.0","9.0","1.0","174.0","96.0","9.0","","169.0","71.0","7.0","","154.0","64.0","10.0","","110.0","68.0","5.0","2.0","115.0","57.0","4.0","1.0","96.0","59.0","4.0","1.0","126.0","61.0","6.0","1.0","131.0","67.0","18.0","1.0","147.0","52.0","10.0","2.0","71.0","50.0","8.0","5.0","72.0","50.0","12.0","2.0","90.0","54.0","16.0","","84.0","54.0","16.0","1.0","104.0","56.0","15.0","2.0","85.0","55.0","17.0","","121.0","46.0","10.0","3.0","110.0","67.0","18.0","","67.0","27.0","8.0","2.0","75.0","55.0","17.0","","116.0","57.0","7.0","3.0","153.0","54.0","21.0","2.0","113.0","54.0","12.0","3.0","102.0","58.0","13.0","2.0","131.0","49.0","16.0","5.0","118.0","49.0","7.0","9.0","95.0","52.0","7.0","10.0","112.0","45.0","4.0","6.0","81.0","36.0","4.0","4.0","116.0","76.0","9.0","4.0"
"Jaén","","","2.0","131.0","17.0","4.0","180.0","31.0","6.0","124.0","24.0","3.0","185.0","25.0","4.0","115.0","38.0","1.0","126.0","57.0","5.0","133.0","32.0","5.0","124.0","34.0","7.0","113.0","57.0","9.0","110.0","41.0","3.0","125.0","79.0","4.0","104.0","57.0","6.0","94.0","59.0","4.0","125.0","53.0","4.0","130.0","51.0","2.0","132.0","45.0","2.0","173.0","62.0","4.0","114.0","52.0","6.0","129.0","39.0","1.0","141.0","32.0","7.0","94.0","32.0","8.0","85.0","43.0","1.0","130.0","81.0","2.0","111.0","66.0","1.0","","165.0","63.0","3.0","1.0","143.0","50.0","1.0","","134.0","61.0","8.0","","128.0","43.0","7.0","1.0","144.0","45.0","4.0","","131.0","45.0","4.0","","129.0","52.0","2.0","2.0","168.0","66.0","8.0","","148.0","62.0","8.0","","175.0","67.0","4.0","1.0","146.0","63.0","6.0","","171.0","100.0","7.0","","149.0","59.0","4.0","","160.0","58.0","6.0","","127.0","56.0","3.0","","142.0","60.0","5.0","","103.0","55.0","9.0","1.0","109.0","53.0","2.0","","118.0","52.0","3.0","5.0","72.0","46.0","8.0","","83.0","42.0","5.0","2.0","83.0","33.0","4.0","1.0","106.0","57.0","7.0","1.0","93.0","55.0","4.0","1.0","91.0","56.0","7.0","","95.0","57.0","3.0","","156.0","63.0","16.0","2.0","137.0","55.0","8.0","","107.0","28.0","4.0","2.0","92.0","39.0","2.0","1.0","141.0","59.0","3.0","4.0","143.0","43.0","4.0","3.0","160.0","51.0","7.0","4.0","131.0","40.0","6.0","4.0","116.0","49.0","6.0","2.0","135.0","48.0","8.0","9.0","121.0","38.0","1.0","7.0","128.0","55.0","5.0","3.0","114.0","45.0","2.0","8.0","128.0","52.0","4.0","7.0"
"Málaga","8.0","5.0","1.0","357.0","78.0","6.0","551.0","113.0","12.0","482.0","113.0","12.0","533.0","144.0","12.0","423.0","146.0","22.0","433.0","93.0","17.0","443.0","116.0","15.0","467.0","115.0","21.0","399.0","128.0","15.0","367.0","139.0","12.0","411.0","191.0","18.0","472.0","205.0","20.0","340.0","209.0","14.0","474.0","164.0","19.0","476.0","140.0","22.0","483.0","140.0","13.0","589.0","190.0","23.0","361.0","139.0","12.0","407.0","129.0","15.0","445.0","115.0","16.0","307.0","117.0","11.0","276.0","138.0","10.0","337.0","204.0","15.0","375.0","186.0","16.0","1.0","440.0","152.0","18.0","","416.0","169.0","16.0","","477.0","188.0","20.0","","519.0","187.0","32.0","","509.0","179.0","15.0","1.0","420.0","143.0","20.0","7.0","533.0","224.0","31.0","1.0","615.0","282.0","27.0","","682.0","290.0","21.0","1.0","534.0","222.0","36.0","","472.0","262.0","28.0","","714.0","327.0","40.0","1.0","509.0","244.0","24.0","1.0","548.0","265.0","28.0","","493.0","285.0","18.0","1.0","476.0","220.0","23.0","1.0","412.0","211.0","23.0","","427.0","196.0","13.0","","437.0","219.0","21.0","2.0","486.0","258.0","22.0","17.0","426.0","211.0","28.0","18.0","337.0","197.0","29.0","5.0","365.0","222.0","21.0","8.0","439.0","225.0","33.0","3.0","474.0","224.0","25.0","4.0","473.0","203.0","31.0","4.0","739.0","297.0","43.0","15.0","546.0","259.0","43.0","7.0","417.0","147.0","20.0","3.0","404.0","156.0","23.0","3.0","675.0","214.0","32.0","11.0","610.0","221.0","42.0","14.0","528.0","205.0","27.0","12.0","489.0","176.0","25.0","13.0","544.0","231.0","21.0","22.0","644.0","233.0","13.0","49.0","566.0","175.0","18.0","34.0","573.0","225.0","29.0","28.0","599.0","205.0","17.0","36.0","666.0","205.0","17.0","34.0"
"Sevilla","16.0","9.0","1.0","608.0","135.0","14.0","783.0","127.0","29.0","649.0","130.0","23.0","665.0","177.0","28.0","640.0","172.0","19.0","574.0","141.0","31.0","521.0","122.0","18.0","567.0","162.0","32.0","558.0","215.0","14.0","484.0","190.0","20.0","560.0","261.0","25.0","587.0","278.0","23.0","495.0","246.0","36.0","586.0","214.0","29.0","581.0","212.0","24.0","703.0","201.0","26.0","721.0","250.0","25.0","540.0","150.0","16.0","556.0","170.0","12.0","538.0","181.0","14.0","413.0","165.0","14.0","414.0","231.0","10.0","483.0","366.0","24.0","582.0","277.0","25.0","1.0","627.0","271.0","20.0","","559.0","215.0","16.0","","641.0","259.0","22.0","","748.0","216.0","15.0","2.0","707.0","260.0","15.0","2.0","567.0","218.0","21.0","","772.0","301.0","31.0","2.0","726.0","324.0","31.0","1.0","879.0","405.0","38.0","3.0","711.0","310.0","28.0","1.0","662.0","327.0","44.0","2.0","824.0","372.0","33.0","1.0","655.0","334.0","40.0","1.0","647.0","323.0","46.0","4.0","652.0","303.0","43.0","2.0","560.0","233.0","22.0","1.0","496.0","272.0","26.0","1.0","517.0","251.0","30.0","1.0","528.0","282.0","30.0","9.0","509.0","249.0","38.0","15.0","488.0","263.0","22.0","12.0","429.0","250.0","34.0","10.0","443.0","277.0","23.0","6.0","464.0","253.0","37.0","10.0","469.0","240.0","41.0","8.0","501.0","243.0","45.0","10.0","744.0","326.0","51.0","14.0","616.0","237.0","54.0","5.0","420.0","193.0","35.0","4.0","484.0","180.0","35.0","8.0","727.0","271.0","39.0","8.0","576.0","259.0","40.0","11.0","526.0","243.0","28.0","8.0","463.0","223.0","39.0","9.0","548.0","248.0","28.0","20.0","636.0","265.0","10.0","34.0","529.0","225.0","12.0","29.0","627.0","239.0","22.0","33.0","560.0","216.0","30.0","44.0","630.0","260.0","8.0","28.0"
"Huesca","1.0","","1.0","37.0","8.0","3.0","58.0","6.0","1.0","47.0","8.0","1.0","29.0","10.0","6.0","36.0","10.0","4.0","42.0","15.0","","38.0","15.0","7.0","27.0","14.0","1.0","30.0","8.0","5.0","42.0","12.0","2.0","36.0","13.0","","32.0","7.0","","29.0","10.0","3.0","36.0","7.0","1.0","31.0","13.0","","22.0","5.0","","39.0","11.0","2.0","20.0","8.0","5.0","19.0","8.0","","19.0","15.0","2.0","23.0","12.0","3.0","19.0","5.0","3.0","24.0","22.0","1.0","29.0","11.0","","","19.0","10.0","2.0","","32.0","10.0","2.0","","28.0","11.0","4.0","","26.0","5.0","1.0","","28.0","8.0","1.0","","31.0","8.0","7.0","","32.0","7.0","4.0","","41.0","19.0","4.0","","44.0","14.0","5.0","","38.0","16.0","2.0","","42.0","13.0","1.0","1.0","61.0","21.0","1.0","","22.0","11.0","2.0","","27.0","22.0","2.0","","37.0","15.0","","","37.0","16.0","2.0","","48.0","8.0","4.0","","36.0","16.0","1.0","","22.0","10.0","1.0","","42.0","13.0","2.0","1.0","19.0","12.0","4.0","1.0","24.0","13.0","1.0","","16.0","5.0","5.0","1.0","33.0","16.0","1.0","1.0","23.0","8.0","3.0","","25.0","10.0","2.0","","21.0","11.0","4.0","","31.0","22.0","8.0","","22.0","10.0","2.0","1.0","22.0","17.0","4.0","1.0","47.0","13.0","1.0","1.0","41.0","8.0","1.0","1.0","29.0","10.0","1.0","","44.0","12.0","2.0","","40.0","14.0","4.0","3.0","93.0","13.0","2.0","5.0","67.0","29.0","5.0","3.0","47.0","13.0","","","53.0","10.0","6.0","4.0","72.0","27.0","4.0","3.0"
"Teruel","","","1.0","40.0","2.0","","20.0","3.0","","23.0","1.0","1.0","21.0","4.0","","24.0","5.0","6.0","11.0","5.0","","19.0","3.0","3.0","16.0","7.0","2.0","18.0","2.0","","32.0","3.0","1.0","14.0","3.0","2.0","22.0","6.0","","8.0","4.0","2.0","8.0","1.0","5.0","14.0","5.0","","26.0","12.0","","16.0","4.0","","11.0","6.0","","7.0","2.0","2.0","19.0","3.0","1.0","6.0","5.0","1.0","10.0","10.0","","16.0","6.0","1.0","19.0","5.0","4.0","","12.0","6.0","1.0","","9.0","2.0","","","7.0","5.0","3.0","","15.0","1.0","","","23.0","5.0","2.0","","10.0","7.0","1.0","","12.0","11.0","3.0","1.0","20.0","5.0","1.0","","24.0","13.0","2.0","","24.0","13.0","","","13.0","9.0","1.0","","31.0","14.0","5.0","","9.0","19.0","3.0","","25.0","12.0","1.0","","15.0","8.0","1.0","","28.0","3.0","1.0","","21.0","6.0","2.0","","19.0","11.0","1.0","","19.0","4.0","","","15.0","8.0","2.0","1.0","17.0","8.0","","","6.0","5.0","3.0","1.0","16.0","7.0","1.0","1.0","12.0","11.0","1.0","","11.0","6.0","5.0","","7.0","4.0","1.0","1.0","18.0","7.0","","","14.0","2.0","","","7.0","14.0","","","17.0","2.0","1.0","","24.0","5.0","","","19.0","5.0","3.0","1.0","23.0","8.0","3.0","","12.0","4.0","4.0","","14.0","9.0","4.0","2.0","18.0","8.0","6.0","7.0","32.0","4.0","6.0","","31.0","6.0","9.0","1.0","19.0","18.0","4.0","1.0","41.0","20.0","8.0",""
"Zaragoza","4.0","","","152.0","35.0","6.0","243.0","65.0","7.0","196.0","42.0","5.0","228.0","47.0","6.0","209.0","66.0","12.0","227.0","59.0","11.0","207.0","41.0","16.0","202.0","63.0","20.0","193.0","77.0","10.0","164.0","69.0","6.0","164.0","69.0","13.0","227.0","75.0","11.0","163.0","95.0","19.0","191.0","64.0","11.0","190.0","62.0","9.0","197.0","74.0","11.0","248.0","78.0","12.0","156.0","53.0","6.0","164.0","43.0","5.0","182.0","38.0","9.0","123.0","42.0","11.0","127.0","64.0","7.0","148.0","77.0","12.0","175.0","65.0","4.0","","219.0","75.0","11.0","","155.0","66.0","7.0","","190.0","80.0","15.0","","174.0","56.0","12.0","1.0","204.0","84.0","9.0","","172.0","81.0","11.0","1.0","214.0","75.0","12.0","","240.0","99.0","17.0","","290.0","123.0","26.0","1.0","239.0","90.0","16.0","","226.0","95.0","19.0","2.0","247.0","117.0","20.0","1.0","200.0","119.0","14.0","","175.0","87.0","11.0","","212.0","115.0","10.0","2.0","181.0","77.0","13.0","","204.0","96.0","10.0","","187.0","101.0","14.0","1.0","188.0","77.0","5.0","2.0","195.0","92.0","21.0","13.0","183.0","70.0","13.0","6.0","159.0","82.0","9.0","2.0","180.0","84.0","16.0","3.0","184.0","81.0","7.0","2.0","175.0","91.0","17.0","","180.0","103.0","15.0","4.0","265.0","117.0","20.0","6.0","226.0","86.0","14.0","2.0","162.0","58.0","7.0","2.0","183.0","57.0","14.0","2.0","366.0","94.0","17.0","4.0","329.0","80.0","19.0","6.0","238.0","78.0","21.0","8.0","382.0","104.0","21.0","13.0","378.0","131.0","16.0","17.0","398.0","93.0","6.0","21.0","343.0","123.0","13.0","17.0","334.0","107.0","19.0","10.0","368.0","120.0","15.0","12.0","352.0","122.0","12.0","26.0"
"Asturias","5.0","2.0","1.0","248.0","51.0","6.0","349.0","45.0","9.0","268.0","57.0","9.0","285.0","62.0","12.0","234.0","71.0","7.0","298.0","65.0","5.0","257.0","68.0","9.0","252.0","77.0","3.0","300.0","79.0","5.0","204.0","66.0","13.0","229.0","73.0","6.0","273.0","104.0","7.0","240.0","118.0","13.0","245.0","120.0","15.0","296.0","100.0","9.0","267.0","106.0","12.0","367.0","112.0","11.0","238.0","95.0","3.0","220.0","82.0","5.0","216.0","75.0","7.0","178.0","78.0","3.0","172.0","87.0","13.0","224.0","83.0","5.0","230.0","94.0","8.0","","285.0","86.0","9.0","","203.0","86.0","9.0","","227.0","81.0","10.0","","198.0","83.0","9.0","","257.0","87.0","9.0","2.0","165.0","65.0","4.0","2.0","229.0","112.0","13.0","1.0","277.0","101.0","10.0","1.0","350.0","131.0","11.0","","321.0","116.0","11.0","","263.0","128.0","10.0","","319.0","124.0","9.0","4.0","245.0","95.0","14.0","","319.0","110.0","15.0","1.0","319.0","96.0","8.0","","268.0","111.0","13.0","","238.0","120.0","9.0","2.0","249.0","103.0","7.0","1.0","214.0","101.0","18.0","1.0","221.0","101.0","8.0","10.0","230.0","95.0","5.0","8.0","212.0","101.0","13.0","6.0","219.0","81.0","9.0","6.0","257.0","83.0","9.0","8.0","227.0","91.0","9.0","7.0","229.0","78.0","17.0","9.0","322.0","135.0","18.0","10.0","273.0","91.0","10.0","6.0","207.0","62.0","12.0","3.0","290.0","71.0","9.0","6.0","337.0","103.0","15.0","7.0","332.0","94.0","25.0","6.0","302.0","124.0","12.0","13.0","431.0","105.0","16.0","9.0","552.0","179.0","23.0","13.0","503.0","140.0","5.0","32.0","471.0","133.0","10.0","13.0","476.0","127.0","12.0","28.0","386.0","117.0","10.0","29.0","529.0","156.0","14.0","20.0"
"Illes Balears","6.0","1.0","1.0","309.0","43.0","8.0","353.0","66.0","10.0","381.0","59.0","15.0","438.0","102.0","14.0","340.0","84.0","14.0","292.0","70.0","15.0","272.0","69.0","10.0","313.0","88.0","12.0","231.0","78.0","9.0","242.0","88.0","3.0","275.0","109.0","15.0","303.0","131.0","18.0","237.0","91.0","12.0","267.0","82.0","12.0","278.0","111.0","15.0","275.0","99.0","10.0","301.0","98.0","11.0","230.0","78.0","10.0","258.0","86.0","10.0","253.0","66.0","5.0","168.0","69.0","3.0","173.0","60.0","10.0","192.0","86.0","15.0","224.0","95.0","14.0","","271.0","68.0","11.0","","229.0","72.0","7.0","","226.0","110.0","16.0","","281.0","117.0","9.0","","220.0","90.0","11.0","1.0","182.0","75.0","8.0","6.0","262.0","109.0","8.0","1.0","335.0","153.0","15.0","","329.0","131.0","11.0","","300.0","148.0","25.0","1.0","329.0","139.0","20.0","1.0","420.0","185.0","22.0","","306.0","135.0","24.0","1.0","249.0","123.0","12.0","1.0","291.0","126.0","11.0","","300.0","126.0","14.0","","254.0","122.0","11.0","1.0","218.0","126.0","8.0","","233.0","132.0","8.0","6.0","270.0","123.0","13.0","20.0","230.0","115.0","20.0","10.0","203.0","82.0","8.0","2.0","225.0","113.0","22.0","6.0","231.0","125.0","15.0","2.0","224.0","94.0","14.0","1.0","212.0","76.0","14.0","5.0","389.0","167.0","26.0","8.0","287.0","115.0","16.0","3.0","252.0","89.0","16.0","5.0","200.0","77.0","10.0","1.0","318.0","125.0","23.0","6.0","296.0","116.0","27.0","7.0","246.0","103.0","13.0","5.0","265.0","108.0","8.0","7.0","317.0","95.0","8.0","13.0","339.0","136.0","13.0","22.0","276.0","103.0","5.0","21.0","291.0","110.0","5.0","18.0","406.0","127.0","11.0","17.0","502.0","135.0","17.0","23.0"
"Las Palmas","20.0","3.0","","365.0","71.0","9.0","460.0","94.0","9.0","455.0","90.0","11.0","444.0","132.0","7.0","471.0","110.0","19.0","426.0","107.0","12.0","445.0","117.0","9.0","454.0","147.0","10.0","495.0","193.0","16.0","346.0","142.0","11.0","410.0","143.0","16.0","442.0","163.0","15.0","373.0","168.0","23.0","390.0","173.0","10.0","373.0","151.0","12.0","464.0","161.0","10.0","457.0","153.0","18.0","336.0","120.0","9.0","328.0","127.0","7.0","349.0","129.0","13.0","366.0","120.0","6.0","279.0","116.0","7.0","324.0","141.0","13.0","328.0","116.0","11.0","","416.0","124.0","5.0","","406.0","127.0","6.0","","360.0","132.0","13.0","","379.0","162.0","13.0","1.0","395.0","151.0","16.0","4.0","357.0","150.0","9.0","1.0","439.0","148.0","13.0","5.0","502.0","208.0","16.0","3.0","539.0","231.0","27.0","1.0","423.0","162.0","15.0","","369.0","154.0","10.0","","413.0","205.0","20.0","","376.0","171.0","11.0","","427.0","177.0","15.0","1.0","386.0","171.0","18.0","2.0","415.0","157.0","13.0","","339.0","179.0","12.0","1.0","349.0","140.0","18.0","3.0","396.0","180.0","27.0","7.0","397.0","130.0","12.0","15.0","427.0","156.0","19.0","8.0","359.0","160.0","15.0","2.0","371.0","176.0","12.0","6.0","357.0","170.0","21.0","8.0","372.0","171.0","20.0","7.0","347.0","159.0","23.0","8.0","592.0","220.0","28.0","13.0","435.0","177.0","30.0","12.0","416.0","121.0","26.0","12.0","442.0","113.0","19.0","8.0","691.0","191.0","24.0","19.0","583.0","181.0","21.0","19.0","545.0","178.0","30.0","14.0","820.0","181.0","37.0","24.0","765.0","170.0","23.0","36.0","859.0","226.0","10.0","57.0","761.0","178.0","27.0","25.0","708.0","230.0","17.0","31.0","808.0","206.0","21.0","28.0","818.0","211.0","18.0","36.0"
"Santa Cruz de Tenerife","6.0","","","298.0","49.0","7.0","424.0","73.0","8.0","414.0","83.0","12.0","369.0","98.0","9.0","384.0","83.0","13.0","401.0","90.0","12.0","395.0","120.0","22.0","411.0","98.0","9.0","442.0","149.0","13.0","368.0","134.0","8.0","362.0","121.0","12.0","374.0","129.0","11.0","375.0","114.0","20.0","370.0","127.0","10.0","314.0","100.0","10.0","335.0","115.0","12.0","383.0","134.0","11.0","278.0","91.0","13.0","301.0","78.0","6.0","342.0","115.0","13.0","286.0","95.0","4.0","265.0","113.0","12.0","298.0","132.0","9.0","250.0","121.0","11.0","1.0","389.0","118.0","11.0","","311.0","113.0","8.0","","263.0","104.0","12.0","","336.0","123.0","15.0","2.0","316.0","147.0","8.0","","260.0","105.0","10.0","2.0","334.0","132.0","19.0","5.0","408.0","147.0","24.0","2.0","538.0","243.0","24.0","3.0","427.0","196.0","27.0","1.0","368.0","150.0","22.0","1.0","407.0","200.0","18.0","","347.0","158.0","21.0","1.0","351.0","172.0","14.0","","378.0","192.0","24.0","1.0","371.0","164.0","10.0","2.0","385.0","178.0","10.0","","408.0","144.0","12.0","1.0","410.0","146.0","15.0","6.0","403.0","151.0","21.0","19.0","362.0","154.0","12.0","5.0","270.0","131.0","29.0","6.0","388.0","154.0","13.0","12.0","345.0","151.0","19.0","7.0","355.0","150.0","28.0","4.0","334.0","133.0","19.0","7.0","469.0","180.0","20.0","13.0","436.0","162.0","16.0","8.0","305.0","132.0","20.0","10.0","370.0","115.0","20.0","8.0","532.0","167.0","22.0","15.0","531.0","180.0","22.0","16.0","487.0","170.0","26.0","13.0","578.0","149.0","26.0","20.0","755.0","191.0","23.0","36.0","866.0","202.0","10.0","39.0","678.0","191.0","18.0","46.0","740.0","248.0","29.0","30.0","797.0","188.0","9.0","46.0","861.0","238.0","11.0","31.0"
"Cantabria","8.0","1.0","","177.0","23.0","3.0","225.0","26.0","4.0","162.0","37.0","7.0","183.0","35.0","5.0","160.0","51.0","10.0","201.0","36.0","3.0","116.0","36.0","6.0","175.0","40.0","6.0","170.0","49.0","3.0","121.0","42.0","8.0","129.0","60.0","5.0","157.0","53.0","5.0","176.0","51.0","4.0","171.0","76.0","4.0","147.0","59.0","4.0","198.0","56.0","2.0","160.0","71.0","6.0","141.0","35.0","","133.0","32.0","1.0","120.0","39.0","1.0","80.0","36.0","3.0","75.0","42.0","4.0","120.0","42.0","3.0","143.0","38.0","6.0","","171.0","47.0","7.0","","139.0","40.0","10.0","","142.0","64.0","2.0","","183.0","62.0","3.0","1.0","143.0","40.0","3.0","1.0","94.0","43.0","","1.0","152.0","51.0","2.0","1.0","174.0","75.0","5.0","","192.0","88.0","7.0","","165.0","65.0","7.0","2.0","138.0","70.0","2.0","2.0","175.0","97.0","5.0","","110.0","54.0","3.0","","141.0","72.0","7.0","","118.0","50.0","3.0","","170.0","60.0","3.0","","109.0","53.0","4.0","","106.0","60.0","4.0","1.0","120.0","59.0","3.0","4.0","150.0","45.0","4.0","5.0","159.0","46.0","4.0","1.0","121.0","44.0","8.0","","117.0","48.0","7.0","4.0","116.0","48.0","7.0","1.0","127.0","46.0","6.0","1.0","130.0","41.0","8.0","2.0","176.0","64.0","13.0","","133.0","42.0","7.0","","97.0","47.0","5.0","2.0","116.0","56.0","2.0","1.0","179.0","61.0","13.0","6.0","172.0","61.0","6.0","1.0","145.0","46.0","11.0","7.0","185.0","56.0","12.0","14.0","225.0","93.0","8.0","5.0","280.0","72.0","7.0","14.0","197.0","46.0","4.0","20.0","189.0","84.0","13.0","17.0","173.0","59.0","2.0","16.0","254.0","83.0","4.0","12.0"
"Ávila","3.0","1.0","","60.0","12.0","1.0","55.0","8.0","2.0","55.0","8.0","1.0","68.0","13.0","4.0","45.0","13.0","3.0","41.0","8.0","1.0","41.0","13.0","1.0","45.0","14.0","2.0","26.0","11.0","1.0","39.0","16.0","","38.0","18.0","1.0","45.0","21.0","","47.0","9.0","3.0","40.0","13.0","","39.0","16.0","2.0","28.0","14.0","2.0","36.0","19.0","2.0","50.0","24.0","1.0","39.0","13.0","4.0","33.0","12.0","","53.0","18.0","1.0","50.0","19.0","","23.0","20.0","2.0","46.0","16.0","3.0","","100.0","16.0","1.0","","51.0","10.0","","","38.0","17.0","3.0","","41.0","15.0","","","30.0","18.0","1.0","","42.0","11.0","1.0","","51.0","14.0","","","47.0","13.0","1.0","","52.0","28.0","1.0","","50.0","17.0","1.0","","32.0","12.0","2.0","","71.0","15.0","3.0","","52.0","21.0","2.0","","79.0","22.0","2.0","","66.0","14.0","","","80.0","22.0","3.0","","71.0","10.0","2.0","","54.0","15.0","","","66.0","21.0","2.0","","45.0","22.0","3.0","3.0","26.0","10.0","2.0","","41.0","12.0","","","45.0","21.0","","","44.0","8.0","3.0","","47.0","13.0","6.0","","60.0","12.0","1.0","","66.0","19.0","2.0","2.0","63.0","9.0","2.0","","41.0","11.0","2.0","1.0","58.0","11.0","","","72.0","13.0","3.0","2.0","69.0","14.0","2.0","1.0","52.0","13.0","5.0","1.0","57.0","14.0","2.0","1.0","40.0","13.0","2.0","2.0","70.0","16.0","","3.0","38.0","16.0","3.0","3.0","50.0","21.0","5.0","1.0","48.0","15.0","1.0","1.0","73.0","14.0","","2.0"
"Burgos","","","1.0","65.0","10.0","4.0","77.0","10.0","","51.0","15.0","6.0","64.0","15.0","1.0","63.0","28.0","","104.0","19.0","1.0","93.0","17.0","1.0","82.0","14.0","2.0","80.0","29.0","","72.0","26.0","6.0","70.0","29.0","4.0","90.0","27.0","","62.0","34.0","2.0","55.0","42.0","2.0","49.0","24.0","1.0","82.0","36.0","3.0","102.0","30.0","3.0","74.0","26.0","1.0","73.0","18.0","4.0","53.0","20.0","2.0","54.0","20.0","","47.0","32.0","1.0","73.0","18.0","2.0","53.0","28.0","","","97.0","24.0","2.0","1.0","72.0","34.0","3.0","","70.0","18.0","1.0","","68.0","31.0","2.0","","87.0","22.0","1.0","","68.0","39.0","3.0","","96.0","43.0","4.0","","116.0","32.0","2.0","","85.0","47.0","3.0","","85.0","32.0","","1.0","133.0","46.0","1.0","1.0","132.0","42.0","6.0","","95.0","48.0","","1.0","86.0","39.0","1.0","","72.0","30.0","3.0","","73.0","40.0","","","92.0","32.0","6.0","","100.0","46.0","3.0","","138.0","33.0","5.0","3.0","93.0","28.0","3.0","3.0","83.0","32.0","","4.0","72.0","35.0","3.0","","85.0","35.0","4.0","","89.0","33.0","6.0","1.0","74.0","25.0","4.0","1.0","73.0","30.0","2.0","1.0","108.0","45.0","10.0","3.0","90.0","19.0","","","91.0","18.0","1.0","","63.0","23.0","","1.0","81.0","24.0","2.0","1.0","72.0","27.0","1.0","2.0","91.0","34.0","4.0","1.0","58.0","30.0","1.0","4.0","73.0","31.0","2.0","6.0","108.0","29.0","4.0","11.0","84.0","35.0","6.0","4.0","95.0","29.0","2.0","4.0","85.0","38.0","","5.0","141.0","45.0","5.0","5.0"
"León","2.0","","2.0","128.0","16.0","5.0","171.0","30.0","3.0","159.0","37.0","17.0","111.0","34.0","4.0","125.0","37.0","7.0","119.0","31.0","5.0","135.0","26.0","3.0","130.0","31.0","2.0","102.0","50.0","6.0","112.0","29.0","5.0","108.0","30.0","3.0","116.0","46.0","2.0","127.0","55.0","2.0","92.0","44.0","4.0","96.0","29.0","3.0","100.0","35.0","3.0","137.0","43.0","1.0","117.0","45.0","2.0","92.0","19.0","2.0","79.0","22.0","1.0","73.0","28.0","","104.0","34.0","","73.0","42.0","3.0","102.0","33.0","5.0","","107.0","56.0","3.0","","89.0","27.0","1.0","","78.0","39.0","1.0","","106.0","34.0","5.0","","102.0","41.0","","","100.0","30.0","4.0","","113.0","29.0","3.0","","138.0","44.0","2.0","","137.0","58.0","7.0","","156.0","46.0","8.0","1.0","115.0","52.0","6.0","","144.0","45.0","5.0","","106.0","51.0","4.0","","107.0","46.0","3.0","1.0","129.0","32.0","3.0","","142.0","45.0","8.0","","101.0","49.0","4.0","","89.0","38.0","1.0","","108.0","42.0","6.0","3.0","102.0","46.0","1.0","5.0","80.0","29.0","2.0","","70.0","28.0","3.0","2.0","87.0","35.0","2.0","2.0","94.0","39.0","4.0","3.0","87.0","46.0","3.0","1.0","84.0","33.0","3.0","4.0","149.0","47.0","7.0","3.0","165.0","44.0","5.0","5.0","78.0","23.0","","1.0","82.0","26.0","2.0","2.0","135.0","43.0","9.0","6.0","117.0","42.0","5.0","3.0","126.0","38.0","6.0","3.0","104.0","38.0","6.0","2.0","111.0","43.0","1.0","7.0","133.0","61.0","4.0","14.0","152.0","29.0","3.0","9.0","145.0","28.0","1.0","4.0","131.0","42.0","2.0","8.0","112.0","40.0","4.0","9.0"
"Palencia","2.0","1.0","","44.0","8.0","","42.0","8.0","1.0","23.0","8.0","2.0","29.0","15.0","1.0","27.0","7.0","3.0","36.0","8.0","2.0","29.0","6.0","","21.0","17.0","","22.0","8.0","2.0","33.0","11.0","1.0","22.0","13.0","1.0","42.0","13.0","3.0","24.0","21.0","","21.0","14.0","","21.0","9.0","3.0","32.0","12.0","3.0","30.0","20.0","1.0","31.0","5.0","1.0","14.0","8.0","","22.0","8.0","1.0","19.0","6.0","1.0","20.0","9.0","2.0","24.0","13.0","3.0","37.0","15.0","1.0","","30.0","13.0","2.0","","22.0","7.0","1.0","","37.0","12.0","3.0","","36.0","9.0","","","53.0","14.0","1.0","","23.0","15.0","","1.0","37.0","19.0","1.0","","34.0","12.0","2.0","","42.0","23.0","3.0","","38.0","14.0","1.0","","34.0","15.0","1.0","1.0","56.0","15.0","2.0","","38.0","16.0","","","56.0","19.0","2.0","","59.0","28.0","2.0","","44.0","11.0","1.0","","55.0","15.0","2.0","","54.0","12.0","1.0","","54.0","13.0","1.0","2.0","37.0","24.0","4.0","1.0","21.0","9.0","1.0","3.0","23.0","4.0","","1.0","24.0","8.0","1.0","","39.0","14.0","3.0","","46.0","9.0","2.0","","29.0","20.0","3.0","1.0","52.0","18.0","","2.0","39.0","13.0","2.0","1.0","26.0","10.0","1.0","","27.0","6.0","","1.0","57.0","16.0","1.0","","39.0","20.0","","","35.0","4.0","2.0","","38.0","25.0","3.0","2.0","42.0","22.0","4.0","","43.0","10.0","2.0","1.0","37.0","9.0","2.0","2.0","38.0","13.0","","4.0","48.0","7.0","1.0","","46.0","11.0","1.0","4.0"
"Salamanca","1.0","","","80.0","25.0","5.0","82.0","6.0","3.0","72.0","16.0","4.0","60.0","30.0","1.0","74.0","28.0","1.0","88.0","20.0","7.0","91.0","20.0","","98.0","29.0","3.0","75.0","25.0","3.0","92.0","29.0","2.0","100.0","27.0","3.0","98.0","27.0","3.0","98.0","31.0","2.0","98.0","30.0","7.0","74.0","26.0","3.0","92.0","35.0","1.0","90.0","23.0","1.0","89.0","27.0","1.0","67.0","31.0","1.0","57.0","23.0","3.0","67.0","14.0","1.0","69.0","30.0","2.0","58.0","25.0","3.0","57.0","39.0","1.0","","71.0","27.0","1.0","","98.0","24.0","1.0","","55.0","42.0","3.0","","63.0","24.0","2.0","","91.0","33.0","2.0","","70.0","27.0","4.0","1.0","89.0","46.0","1.0","","78.0","30.0","1.0","1.0","128.0","43.0","3.0","","84.0","43.0","5.0","2.0","93.0","27.0","4.0","1.0","114.0","39.0","4.0","1.0","81.0","36.0","2.0","","94.0","39.0","4.0","","88.0","33.0","3.0","","121.0","30.0","","1.0","98.0","44.0","1.0","","84.0","42.0","4.0","","75.0","24.0","2.0","","96.0","32.0","2.0","2.0","94.0","21.0","2.0","2.0","81.0","28.0","2.0","","80.0","30.0","1.0","","53.0","30.0","2.0","3.0","43.0","26.0","","","69.0","20.0","1.0","3.0","83.0","45.0","8.0","2.0","107.0","32.0","6.0","","61.0","21.0","6.0","","41.0","26.0","1.0","2.0","88.0","48.0","3.0","3.0","67.0","24.0","5.0","","78.0","40.0","2.0","5.0","67.0","24.0","2.0","2.0","104.0","22.0","5.0","2.0","83.0","38.0","2.0","4.0","68.0","26.0","","3.0","85.0","21.0","3.0","1.0","73.0","35.0","4.0","1.0","110.0","39.0","3.0","7.0"
"Segovia","","","","48.0","1.0","","39.0","2.0","1.0","25.0","12.0","","51.0","16.0","","40.0","8.0","3.0","26.0","2.0","3.0","34.0","11.0","1.0","33.0","14.0","","38.0","15.0","1.0","26.0","9.0","","24.0","18.0","","36.0","13.0","","28.0","12.0","2.0","43.0","23.0","3.0","30.0","13.0","4.0","29.0","15.0","5.0","38.0","12.0","1.0","32.0","13.0","","21.0","19.0","2.0","23.0","15.0","2.0","26.0","13.0","1.0","15.0","21.0","2.0","23.0","14.0","","16.0","9.0","1.0","","18.0","10.0","1.0","","39.0","12.0","1.0","","20.0","11.0","3.0","","38.0","15.0","1.0","","39.0","10.0","2.0","","22.0","12.0","","","44.0","17.0","2.0","","29.0","15.0","3.0","","30.0","14.0","1.0","","31.0","11.0","2.0","1.0","27.0","12.0","4.0","","29.0","16.0","2.0","1.0","29.0","17.0","2.0","","22.0","8.0","4.0","","33.0","21.0","","","24.0","21.0","","","17.0","17.0","3.0","","43.0","13.0","1.0","","48.0","13.0","","1.0","30.0","8.0","2.0","2.0","36.0","15.0","3.0","2.0","34.0","15.0","","2.0","32.0","12.0","3.0","1.0","34.0","10.0","2.0","1.0","39.0","11.0","3.0","1.0","26.0","13.0","1.0","","61.0","11.0","5.0","1.0","37.0","10.0","1.0","","27.0","9.0","","","20.0","14.0","","1.0","57.0","14.0","4.0","","34.0","20.0","7.0","1.0","42.0","13.0","1.0","2.0","34.0","13.0","2.0","1.0","39.0","21.0","1.0","","53.0","20.0","1.0","","38.0","17.0","1.0","1.0","42.0","14.0","","2.0","53.0","20.0","5.0","3.0","46.0","26.0","1.0","3.0"
"Soria","1.0","","","25.0","8.0","","27.0","1.0","","22.0","4.0","","19.0","6.0","","19.0","3.0","1.0","12.0","3.0","","10.0","4.0","","9.0","4.0","","32.0","4.0","2.0","16.0","1.0","","16.0","2.0","","14.0","4.0","","18.0","5.0","","23.0","6.0","1.0","8.0","3.0","","14.0","8.0","","18.0","6.0","1.0","13.0","6.0","1.0","19.0","2.0","","9.0","4.0","","9.0","3.0","1.0","8.0","4.0","4.0","20.0","4.0","","12.0","11.0","1.0","","8.0","3.0","","","17.0","2.0","","","7.0","4.0","1.0","","10.0","3.0","","","8.0","4.0","","","2.0","2.0","1.0","","9.0","2.0","","","9.0","4.0","","","18.0","1.0","1.0","","17.0","7.0","","","10.0","7.0","3.0","1.0","12.0","8.0","1.0","","15.0","4.0","","","7.0","6.0","","1.0","16.0","4.0","","","12.0","2.0","","","14.0","6.0","2.0","","21.0","5.0","","","17.0","6.0","","","19.0","3.0","","1.0","13.0","5.0","2.0","","15.0","4.0","1.0","","22.0","4.0","","","13.0","6.0","1.0","1.0","11.0","1.0","","1.0","2.0","2.0","","","9.0","10.0","","","42.0","4.0","","","19.0","2.0","1.0","1.0","14.0","4.0","","","15.0","8.0","","1.0","10.0","10.0","","","13.0","3.0","1.0","","13.0","7.0","1.0","1.0","12.0","8.0","3.0","2.0","38.0","14.0","1.0","","32.0","12.0","1.0","","28.0","10.0","2.0","","16.0","6.0","","3.0","32.0","4.0","3.0",""
"Valladolid","2.0","6.0","1.0","159.0","22.0","5.0","145.0","35.0","1.0","151.0","35.0","5.0","164.0","41.0","2.0","141.0","38.0","3.0","162.0","48.0","3.0","180.0","37.0","5.0","160.0","34.0","5.0","151.0","54.0","5.0","131.0","53.0","2.0","152.0","58.0","4.0","181.0","49.0","5.0","156.0","70.0","2.0","126.0","70.0","1.0","142.0","59.0","6.0","178.0","67.0","4.0","152.0","53.0","3.0","115.0","40.0","3.0","107.0","53.0","4.0","151.0","34.0","6.0","80.0","39.0","1.0","101.0","37.0","4.0","161.0","50.0","3.0","135.0","56.0","5.0","","172.0","47.0","5.0","","153.0","44.0","6.0","","152.0","44.0","5.0","","121.0","40.0","1.0","","186.0","67.0","3.0","","175.0","37.0","3.0","","189.0","77.0","9.0","1.0","264.0","76.0","4.0","1.0","224.0","78.0","8.0","3.0","166.0","48.0","4.0","","195.0","69.0","5.0","","225.0","68.0","4.0","","172.0","54.0","9.0","","161.0","69.0","5.0","1.0","219.0","58.0","7.0","","160.0","56.0","2.0","","178.0","82.0","7.0","","185.0","66.0","6.0","1.0","169.0","84.0","2.0","4.0","207.0","71.0","5.0","9.0","134.0","74.0","9.0","3.0","135.0","56.0","2.0","1.0","136.0","48.0","6.0","1.0","161.0","83.0","6.0","3.0","138.0","58.0","4.0","","178.0","58.0","7.0","1.0","270.0","91.0","5.0","3.0","236.0","69.0","5.0","5.0","131.0","57.0","3.0","","143.0","41.0","7.0","3.0","223.0","60.0","7.0","3.0","153.0","47.0","7.0","4.0","158.0","53.0","10.0","3.0","137.0","55.0","2.0","4.0","201.0","56.0","9.0","9.0","210.0","74.0","3.0","9.0","215.0","63.0","4.0","12.0","233.0","85.0","3.0","12.0","197.0","65.0","5.0","12.0","239.0","68.0","5.0","5.0"
"Zamora","","","","36.0","2.0","1.0","59.0","11.0","","35.0","11.0","","42.0","18.0","1.0","22.0","9.0","2.0","50.0","19.0","1.0","46.0","3.0","","61.0","16.0","1.0","36.0","16.0","2.0","54.0","22.0","1.0","55.0","19.0","1.0","62.0","23.0","1.0","51.0","19.0","2.0","38.0","22.0","","49.0","10.0","1.0","26.0","16.0","1.0","46.0","11.0","","33.0","16.0","2.0","34.0","14.0","1.0","33.0","17.0","","34.0","15.0","","37.0","10.0","","41.0","8.0","1.0","28.0","18.0","","","32.0","8.0","","","36.0","14.0","1.0","","35.0","11.0","2.0","","48.0","16.0","","1.0","21.0","11.0","2.0","","62.0","12.0","","","54.0","11.0","3.0","","39.0","9.0","","2.0","28.0","17.0","","","60.0","11.0","1.0","","36.0","20.0","1.0","","40.0","25.0","","","23.0","14.0","1.0","","27.0","20.0","","","31.0","15.0","2.0","","36.0","19.0","","","29.0","9.0","2.0","","28.0","15.0","","","24.0","17.0","3.0","","45.0","22.0","1.0","1.0","23.0","12.0","","","41.0","14.0","","","39.0","14.0","","1.0","37.0","12.0","2.0","","46.0","16.0","1.0","1.0","32.0","9.0","1.0","","51.0","7.0","","1.0","32.0","13.0","1.0","","21.0","7.0","1.0","1.0","34.0","5.0","","1.0","41.0","11.0","1.0","2.0","42.0","18.0","2.0","3.0","27.0","17.0","","","31.0","11.0","","","49.0","5.0","2.0","3.0","39.0","22.0","1.0","4.0","36.0","9.0","1.0","2.0","50.0","14.0","","","40.0","15.0","1.0","4.0","50.0","15.0","","3.0"
"Albacete","","","","50.0","13.0","2.0","121.0","15.0","1.0","79.0","18.0","4.0","61.0","8.0","4.0","79.0","20.0","2.0","77.0","15.0","3.0","61.0","18.0","5.0","71.0","24.0","3.0","67.0","25.0","5.0","60.0","24.0","2.0","56.0","35.0","7.0","77.0","34.0","4.0","61.0","24.0","1.0","62.0","16.0","3.0","80.0","18.0","1.0","81.0","34.0","2.0","91.0","17.0","3.0","49.0","19.0","2.0","46.0","20.0","4.0","53.0","15.0","2.0","67.0","20.0","","46.0","16.0","3.0","47.0","35.0","1.0","40.0","23.0","3.0","","89.0","27.0","1.0","","61.0","23.0","3.0","","65.0","20.0","2.0","","85.0","27.0","2.0","","81.0","21.0","4.0","","80.0","19.0","1.0","","80.0","33.0","3.0","","98.0","36.0","2.0","1.0","57.0","29.0","5.0","1.0","72.0","22.0","3.0","","88.0","19.0","1.0","","89.0","49.0","5.0","","84.0","38.0","2.0","1.0","78.0","33.0","2.0","","73.0","29.0","1.0","","53.0","33.0","4.0","","52.0","23.0","2.0","","73.0","37.0","5.0","1.0","51.0","21.0","6.0","","58.0","27.0","3.0","1.0","61.0","21.0","1.0","1.0","48.0","26.0","2.0","","45.0","20.0","5.0","","43.0","31.0","4.0","","55.0","21.0","4.0","1.0","59.0","31.0","2.0","2.0","88.0","29.0","2.0","2.0","71.0","39.0","3.0","1.0","31.0","17.0","1.0","1.0","52.0","15.0","3.0","","80.0","37.0","5.0","","95.0","38.0","3.0","5.0","72.0","28.0","6.0","1.0","76.0","28.0","4.0","1.0","79.0","25.0","2.0","6.0","100.0","45.0","5.0","4.0","73.0","20.0","2.0","4.0","84.0","14.0","4.0","4.0","84.0","26.0","4.0","4.0","96.0","37.0","7.0","8.0"
"Ciudad Real","","","","93.0","23.0","4.0","157.0","24.0","3.0","99.0","27.0","1.0","114.0","31.0","9.0","97.0","23.0","3.0","134.0","25.0","5.0","110.0","21.0","6.0","111.0","21.0","3.0","107.0","38.0","3.0","96.0","37.0","2.0","90.0","35.0","4.0","121.0","46.0","3.0","110.0","45.0","8.0","118.0","38.0","3.0","106.0","39.0","2.0","115.0","36.0","6.0","125.0","28.0","2.0","108.0","36.0","3.0","80.0","26.0","4.0","82.0","24.0","2.0","83.0","32.0","","65.0","44.0","3.0","90.0","42.0","1.0","95.0","36.0","4.0","","90.0","29.0","2.0","","86.0","33.0","2.0","","87.0","29.0","3.0","1.0","100.0","27.0","3.0","","90.0","35.0","3.0","","74.0","22.0","6.0","","92.0","33.0","2.0","","100.0","44.0","8.0","","98.0","42.0","6.0","","110.0","47.0","5.0","","118.0","26.0","3.0","","156.0","50.0","6.0","","81.0","30.0","9.0","1.0","91.0","45.0","2.0","","82.0","46.0","2.0","","74.0","30.0","6.0","","68.0","41.0","4.0","","82.0","34.0","1.0","1.0","72.0","32.0","7.0","2.0","85.0","43.0","7.0","1.0","53.0","44.0","3.0","2.0","60.0","36.0","6.0","2.0","64.0","36.0","14.0","2.0","76.0","25.0","7.0","2.0","92.0","35.0","3.0","1.0","70.0","21.0","1.0","1.0","95.0","39.0","7.0","2.0","97.0","37.0","9.0","1.0","87.0","28.0","3.0","","70.0","38.0","2.0","2.0","95.0","38.0","6.0","3.0","91.0","49.0","7.0","2.0","103.0","39.0","9.0","4.0","94.0","26.0","5.0","2.0","89.0","38.0","3.0","2.0","100.0","49.0","3.0","5.0","82.0","38.0","3.0","7.0","90.0","32.0","8.0","3.0","77.0","28.0","9.0","2.0","124.0","31.0","2.0","4.0"
"Cuenca","","","1.0","34.0","7.0","2.0","58.0","7.0","5.0","47.0","6.0","6.0","58.0","10.0","2.0","40.0","6.0","1.0","49.0","7.0","3.0","31.0","6.0","3.0","33.0","11.0","4.0","27.0","14.0","1.0","34.0","2.0","2.0","24.0","14.0","4.0","27.0","14.0","1.0","37.0","21.0","3.0","33.0","6.0","3.0","36.0","17.0","6.0","51.0","8.0","5.0","41.0","21.0","4.0","40.0","10.0","1.0","23.0","10.0","3.0","39.0","8.0","3.0","22.0","8.0","1.0","23.0","10.0","1.0","18.0","13.0","2.0","32.0","23.0","3.0","","39.0","9.0","2.0","","32.0","9.0","1.0","","24.0","8.0","1.0","","39.0","9.0","1.0","","45.0","9.0","2.0","","32.0","6.0","","","27.0","14.0","1.0","","41.0","16.0","3.0","1.0","25.0","11.0","7.0","","31.0","12.0","2.0","","23.0","13.0","1.0","1.0","52.0","16.0","2.0","","30.0","16.0","","1.0","32.0","15.0","1.0","","27.0","10.0","1.0","","18.0","14.0","1.0","","40.0","14.0","1.0","","27.0","9.0","3.0","","27.0","5.0","2.0","1.0","51.0","12.0","5.0","1.0","26.0","10.0","1.0","","27.0","11.0","2.0","1.0","25.0","10.0","4.0","","21.0","23.0","9.0","","33.0","13.0","1.0","","30.0","10.0","1.0","3.0","35.0","13.0","2.0","","40.0","13.0","7.0","1.0","22.0","13.0","1.0","1.0","24.0","13.0","1.0","","49.0","7.0","5.0","","29.0","13.0","3.0","","45.0","16.0","4.0","","46.0","12.0","2.0","1.0","31.0","9.0","4.0","1.0","31.0","18.0","1.0","1.0","35.0","14.0","","2.0","33.0","13.0","3.0","4.0","39.0","15.0","1.0","5.0","60.0","18.0","4.0","1.0"
"Guadalajara","1.0","","","35.0","9.0","1.0","77.0","14.0","4.0","80.0","9.0","5.0","71.0","16.0","5.0","59.0","20.0","2.0","47.0","10.0","1.0","52.0","17.0","3.0","68.0","17.0","5.0","60.0","20.0","4.0","70.0","20.0","4.0","64.0","22.0","3.0","81.0","32.0","2.0","73.0","23.0","3.0","62.0","27.0","5.0","63.0","15.0","2.0","72.0","24.0","3.0","62.0","23.0","2.0","55.0","10.0","2.0","57.0","17.0","2.0","43.0","11.0","3.0","39.0","8.0","2.0","41.0","23.0","3.0","41.0","32.0","1.0","65.0","19.0","3.0","","59.0","13.0","2.0","","70.0","29.0","2.0","","44.0","19.0","1.0","","71.0","21.0","1.0","1.0","71.0","23.0","1.0","","75.0","14.0","1.0","","74.0","19.0","3.0","","96.0","35.0","5.0","","106.0","34.0","3.0","","94.0","32.0","5.0","","90.0","30.0","1.0","1.0","101.0","49.0","6.0","","61.0","22.0","2.0","","64.0","20.0","6.0","","86.0","34.0","2.0","","69.0","32.0","2.0","","68.0","18.0","2.0","","47.0","20.0","","","60.0","27.0","3.0","1.0","80.0","23.0","5.0","3.0","55.0","31.0","1.0","1.0","56.0","23.0","3.0","1.0","65.0","23.0","6.0","2.0","86.0","24.0","4.0","1.0","68.0","17.0","1.0","1.0","63.0","20.0","","1.0","91.0","32.0","6.0","4.0","76.0","18.0","5.0","1.0","81.0","24.0","3.0","2.0","63.0","10.0","3.0","","100.0","33.0","5.0","","65.0","30.0","5.0","","62.0","33.0","","1.0","89.0","24.0","5.0","2.0","92.0","25.0","3.0","2.0","102.0","33.0","1.0","7.0","67.0","18.0","6.0","3.0","74.0","33.0","3.0","5.0","72.0","23.0","3.0","4.0","135.0","33.0","3.0","5.0"
"Toledo","1.0","1.0","1.0","180.0","36.0","7.0","272.0","44.0","16.0","195.0","35.0","6.0","239.0","51.0","7.0","178.0","38.0","5.0","178.0","47.0","9.0","160.0","41.0","8.0","228.0","62.0","13.0","190.0","42.0","6.0","169.0","59.0","12.0","188.0","54.0","6.0","167.0","76.0","9.0","171.0","76.0","9.0","201.0","41.0","8.0","155.0","50.0","10.0","226.0","59.0","10.0","226.0","60.0","5.0","176.0","47.0","5.0","193.0","48.0","13.0","171.0","37.0","3.0","142.0","33.0","5.0","118.0","46.0","4.0","134.0","76.0","8.0","134.0","68.0","4.0","","162.0","63.0","7.0","","179.0","59.0","7.0","","147.0","64.0","11.0","","217.0","61.0","7.0","1.0","204.0","61.0","11.0","","175.0","49.0","11.0","2.0","227.0","74.0","17.0","4.0","283.0","71.0","26.0","1.0","291.0","98.0","14.0","","230.0","72.0","12.0","","218.0","72.0","4.0","1.0","333.0","92.0","8.0","1.0","202.0","79.0","18.0","","213.0","80.0","14.0","","219.0","75.0","9.0","2.0","214.0","70.0","7.0","","170.0","65.0","3.0","","185.0","76.0","12.0","3.0","200.0","79.0","8.0","7.0","244.0","85.0","7.0","11.0","173.0","79.0","7.0","3.0","158.0","80.0","7.0","1.0","195.0","51.0","13.0","4.0","195.0","70.0","5.0","1.0","199.0","79.0","10.0","1.0","168.0","62.0","10.0","","311.0","109.0","12.0","4.0","208.0","67.0","10.0","2.0","177.0","69.0","4.0","1.0","200.0","62.0","5.0","2.0","273.0","67.0","10.0","4.0","272.0","87.0","13.0","2.0","214.0","78.0","10.0","5.0","171.0","61.0","11.0","7.0","244.0","69.0","19.0","5.0","296.0","80.0","9.0","13.0","269.0","79.0","12.0","9.0","215.0","96.0","6.0","14.0","256.0","60.0","15.0","16.0","309.0","84.0","8.0","13.0"
"Barcelona","27.0","5.0","1.0","1229.0","247.0","32.0","1816.0","290.0","31.0","1600.0","324.0","45.0","1627.0","352.0","57.0","1459.0","341.0","55.0","1439.0","333.0","52.0","1379.0","260.0","61.0","1497.0","371.0","57.0","1332.0","434.0","46.0","1130.0","356.0","35.0","1226.0","502.0","43.0","1231.0","527.0","51.0","1130.0","502.0","56.0","1247.0","383.0","37.0","1244.0","324.0","37.0","1214.0","347.0","29.0","1622.0","486.0","29.0","1155.0","325.0","22.0","1165.0","337.0","24.0","1115.0","289.0","22.0","866.0","302.0","11.0","793.0","355.0","19.0","883.0","441.0","15.0","869.0","412.0","14.0","1.0","1158.0","354.0","23.0","1.0","1031.0","369.0","25.0","","1050.0","356.0","26.0","","1191.0","399.0","29.0","4.0","1347.0","427.0","28.0","5.0","1117.0","360.0","16.0","3.0","1478.0","535.0","30.0","1.0","1528.0","529.0","25.0","4.0","1720.0","631.0","34.0","3.0","1443.0","528.0","36.0","6.0","1395.0","530.0","27.0","6.0","1818.0","721.0","45.0","4.0","1356.0","529.0","38.0","4.0","1483.0","553.0","37.0","2.0","1463.0","535.0","28.0","3.0","1274.0","490.0","20.0","2.0","1156.0","455.0","20.0","3.0","1255.0","492.0","30.0","1.0","1347.0","484.0","43.0","23.0","1263.0","477.0","29.0","31.0","1102.0","476.0","31.0","28.0","1138.0","392.0","31.0","14.0","1058.0","461.0","46.0","25.0","1307.0","520.0","52.0","16.0","1090.0","420.0","48.0","9.0","1100.0","466.0","50.0","14.0","1840.0","750.0","75.0","43.0","1532.0","523.0","56.0","24.0","1065.0","369.0","31.0","23.0","1275.0","389.0","39.0","14.0","1846.0","621.0","52.0","24.0","1784.0","596.0","60.0","26.0","1579.0","541.0","58.0","32.0","1329.0","436.0","48.0","20.0","1399.0","511.0","39.0","64.0","1710.0","566.0","22.0","98.0","1454.0","498.0","29.0","71.0","1559.0","530.0","38.0","69.0","1507.0","495.0","35.0","72.0","1768.0","533.0","27.0","92.0"
"Girona","3.0","","","90.0","24.0","","174.0","25.0","4.0","139.0","22.0","2.0","164.0","45.0","3.0","150.0","30.0","2.0","124.0","18.0","2.0","138.0","37.0","2.0","123.0","29.0","4.0","85.0","43.0","","110.0","29.0","1.0","114.0","42.0","","113.0","52.0","1.0","102.0","43.0","1.0","99.0","47.0","5.0","108.0","21.0","1.0","126.0","37.0","2.0","128.0","30.0","1.0","132.0","31.0","","128.0","25.0","1.0","109.0","21.0","","63.0","21.0","2.0","77.0","35.0","","88.0","34.0","2.0","86.0","24.0","2.0","","99.0","28.0","3.0","","73.0","29.0","3.0","","67.0","26.0","1.0","","101.0","22.0","2.0","","92.0","28.0","","","80.0","24.0","2.0","1.0","122.0","35.0","6.0","1.0","129.0","50.0","4.0","1.0","146.0","53.0","1.0","","98.0","55.0","","","95.0","40.0","2.0","","185.0","55.0","","","108.0","40.0","2.0","1.0","98.0","34.0","1.0","1.0","141.0","45.0","3.0","","128.0","49.0","1.0","","100.0","43.0","","","107.0","38.0","6.0","","105.0","48.0","3.0","2.0","104.0","50.0","8.0","2.0","73.0","45.0","2.0","1.0","96.0","39.0","2.0","1.0","85.0","37.0","5.0","2.0","96.0","52.0","3.0","","96.0","38.0","3.0","1.0","83.0","40.0","3.0","","158.0","52.0","7.0","3.0","111.0","44.0","5.0","1.0","86.0","30.0","1.0","","98.0","36.0","1.0","","157.0","45.0","3.0","3.0","137.0","61.0","7.0","3.0","146.0","62.0","4.0","2.0","115.0","46.0","1.0","1.0","110.0","44.0","3.0","2.0","149.0","61.0","4.0","9.0","115.0","47.0","","7.0","149.0","55.0","1.0","5.0","153.0","29.0","","6.0","147.0","51.0","4.0","8.0"
"Lleida","1.0","","","83.0","15.0","1.0","96.0","10.0","","67.0","16.0","","72.0","13.0","1.0","53.0","11.0","4.0","68.0","16.0","","71.0","13.0","1.0","56.0","19.0","2.0","63.0","17.0","1.0","58.0","11.0","3.0","55.0","18.0","","47.0","20.0","","54.0","25.0","","48.0","13.0","4.0","44.0","15.0","","54.0","14.0","2.0","69.0","31.0","","72.0","19.0","1.0","71.0","14.0","2.0","68.0","12.0","1.0","43.0","17.0","1.0","38.0","16.0","","32.0","17.0","1.0","43.0","17.0","","","42.0","13.0","","","41.0","20.0","1.0","","35.0","16.0","","","46.0","11.0","1.0","","50.0","12.0","1.0","2.0","50.0","17.0","1.0","2.0","54.0","23.0","1.0","2.0","53.0","15.0","1.0","","70.0","26.0","2.0","","55.0","19.0","1.0","","61.0","16.0","1.0","1.0","66.0","22.0","1.0","","59.0","20.0","","","58.0","25.0","1.0","","59.0","30.0","1.0","","48.0","18.0","","","49.0","26.0","2.0","","55.0","23.0","1.0","","50.0","10.0","","","53.0","41.0","1.0","","54.0","14.0","1.0","2.0","80.0","12.0","1.0","2.0","36.0","17.0","","","62.0","23.0","1.0","","34.0","16.0","2.0","","42.0","15.0","2.0","","64.0","42.0","2.0","3.0","53.0","20.0","5.0","3.0","37.0","16.0","1.0","","47.0","20.0","2.0","1.0","79.0","26.0","1.0","","71.0","19.0","4.0","2.0","59.0","31.0","6.0","1.0","53.0","24.0","3.0","2.0","50.0","32.0","2.0","3.0","61.0","27.0","2.0","3.0","75.0","23.0","1.0","1.0","57.0","27.0","1.0","","87.0","34.0","2.0","5.0","76.0","43.0","2.0","2.0"
"Tarragona","4.0","1.0","4.0","134.0","21.0","3.0","227.0","32.0","4.0","202.0","40.0","6.0","242.0","58.0","15.0","200.0","50.0","4.0","178.0","41.0","4.0","180.0","38.0","10.0","182.0","50.0","6.0","182.0","54.0","","155.0","41.0","6.0","193.0","59.0","5.0","151.0","73.0","7.0","128.0","70.0","5.0","153.0","46.0","6.0","138.0","34.0","2.0","170.0","48.0","4.0","185.0","59.0","5.0","119.0","32.0","5.0","132.0","32.0","2.0","150.0","41.0","1.0","123.0","32.0","1.0","110.0","34.0","3.0","124.0","47.0","1.0","136.0","54.0","2.0","","157.0","45.0","","","139.0","49.0","2.0","1.0","161.0","51.0","3.0","","162.0","41.0","4.0","1.0","137.0","42.0","4.0","","129.0","45.0","2.0","","186.0","57.0","2.0","1.0","202.0","47.0","3.0","","261.0","79.0","1.0","","226.0","67.0","5.0","","185.0","56.0","5.0","1.0","266.0","88.0","6.0","1.0","185.0","61.0","5.0","","215.0","72.0","4.0","","212.0","67.0","5.0","1.0","196.0","56.0","2.0","","160.0","62.0","2.0","","160.0","50.0","2.0","","137.0","68.0","2.0","2.0","179.0","64.0","6.0","4.0","166.0","59.0","2.0","4.0","153.0","61.0","1.0","2.0","147.0","50.0","2.0","3.0","139.0","61.0","6.0","3.0","143.0","61.0","1.0","1.0","132.0","60.0","3.0","3.0","251.0","78.0","5.0","7.0","232.0","74.0","9.0","4.0","145.0","38.0","2.0","2.0","147.0","57.0","2.0","1.0","270.0","68.0","2.0","5.0","265.0","75.0","10.0","4.0","240.0","66.0","4.0","8.0","210.0","40.0","4.0","4.0","229.0","71.0","18.0","3.0","266.0","72.0","5.0","16.0","244.0","70.0","2.0","4.0","243.0","69.0","2.0","4.0","215.0","74.0","2.0","7.0","309.0","77.0","3.0","8.0"
"Alicante/Alacant","8.0","5.0","2.0","498.0","75.0","10.0","648.0","109.0","20.0","577.0","122.0","32.0","631.0","124.0","29.0","475.0","99.0","31.0","467.0","108.0","17.0","549.0","111.0","19.0","585.0","129.0","23.0","497.0","121.0","21.0","421.0","136.0","12.0","486.0","175.0","27.0","431.0","224.0","24.0","449.0","181.0","29.0","462.0","132.0","22.0","470.0","128.0","18.0","521.0","156.0","15.0","641.0","133.0","25.0","444.0","123.0","17.0","442.0","112.0","13.0","484.0","128.0","12.0","365.0","103.0","13.0","301.0","134.0","11.0","329.0","164.0","17.0","424.0","191.0","17.0","","465.0","134.0","7.0","","531.0","123.0","13.0","","512.0","144.0","15.0","","691.0","142.0","17.0","","725.0","175.0","18.0","1.0","648.0","147.0","11.0","","799.0","188.0","13.0","1.0","799.0","229.0","24.0","1.0","729.0","212.0","21.0","1.0","603.0","172.0","27.0","","644.0","196.0","29.0","2.0","693.0","278.0","28.0","2.0","554.0","154.0","37.0","","653.0","209.0","35.0","","710.0","204.0","29.0","2.0","608.0","188.0","25.0","","476.0","162.0","25.0","2.0","535.0","175.0","37.0","3.0","609.0","182.0","33.0","9.0","542.0","211.0","39.0","14.0","481.0","149.0","34.0","19.0","447.0","147.0","24.0","6.0","498.0","159.0","39.0","3.0","627.0","174.0","51.0","8.0","602.0","166.0","44.0","9.0","554.0","152.0","31.0","14.0","794.0","202.0","44.0","18.0","633.0","208.0","42.0","8.0","474.0","124.0","30.0","9.0","601.0","128.0","17.0","7.0","827.0","183.0","41.0","12.0","838.0","204.0","40.0","18.0","806.0","200.0","39.0","26.0","653.0","162.0","30.0","17.0","720.0","195.0","28.0","26.0","843.0","224.0","26.0","39.0","669.0","146.0","18.0","28.0","753.0","208.0","30.0","45.0","720.0","168.0","20.0","52.0","808.0","231.0","20.0","38.0"
"Castellón/Castelló","2.0","","","102.0","21.0","3.0","128.0","31.0","2.0","113.0","26.0","4.0","172.0","46.0","5.0","106.0","27.0","2.0","130.0","24.0","3.0","147.0","26.0","1.0","149.0","40.0","6.0","133.0","47.0","7.0","94.0","27.0","3.0","112.0","41.0","10.0","136.0","50.0","6.0","114.0","49.0","7.0","128.0","36.0","8.0","119.0","25.0","3.0","115.0","44.0","4.0","177.0","46.0","5.0","143.0","35.0","1.0","118.0","39.0","6.0","146.0","32.0","7.0","93.0","23.0","7.0","88.0","32.0","2.0","118.0","28.0","6.0","102.0","41.0","4.0","","139.0","32.0","5.0","","139.0","30.0","3.0","","133.0","28.0","4.0","","162.0","39.0","2.0","","171.0","31.0","7.0","","129.0","27.0","7.0","","180.0","41.0","5.0","1.0","170.0","51.0","2.0","","184.0","67.0","7.0","","134.0","38.0","10.0","","166.0","44.0","6.0","","192.0","70.0","11.0","2.0","138.0","51.0","5.0","","155.0","54.0","6.0","1.0","173.0","50.0","7.0","","179.0","51.0","3.0","","155.0","41.0","2.0","","157.0","40.0","4.0","1.0","124.0","54.0","1.0","3.0","143.0","43.0","13.0","3.0","86.0","31.0","3.0","4.0","86.0","43.0","3.0","2.0","114.0","38.0","7.0","6.0","185.0","47.0","7.0","2.0","224.0","35.0","9.0","4.0","169.0","48.0","9.0","4.0","230.0","84.0","11.0","8.0","295.0","48.0","15.0","3.0","168.0","33.0","11.0","2.0","204.0","39.0","4.0","2.0","242.0","50.0","14.0","5.0","192.0","54.0","10.0","1.0","209.0","50.0","7.0","6.0","232.0","46.0","9.0","11.0","232.0","70.0","9.0","12.0","263.0","57.0","7.0","18.0","199.0","42.0","4.0","14.0","249.0","42.0","5.0","7.0","193.0","52.0","5.0","7.0","237.0","62.0","8.0","6.0"
"Valencia/València","4.0","4.0","1.0","592.0","125.0","21.0","861.0","134.0","33.0","881.0","195.0","24.0","836.0","230.0","43.0","773.0","173.0","29.0","736.0","129.0","22.0","699.0","152.0","34.0","799.0","182.0","25.0","667.0","235.0","38.0","592.0","214.0","21.0","730.0","237.0","37.0","674.0","249.0","33.0","601.0","266.0","19.0","660.0","211.0","27.0","695.0","188.0","35.0","780.0","188.0","22.0","859.0","226.0","27.0","615.0","140.0","29.0","699.0","169.0","19.0","710.0","175.0","13.0","436.0","160.0","22.0","522.0","186.0","20.0","534.0","283.0","22.0","525.0","213.0","22.0","1.0","777.0","257.0","33.0","","672.0","201.0","18.0","","762.0","214.0","30.0","","949.0","205.0","25.0","4.0","1006.0","255.0","33.0","","816.0","224.0","42.0","3.0","943.0","274.0","38.0","2.0","961.0","337.0","33.0","1.0","1067.0","345.0","39.0","5.0","1009.0","338.0","74.0","2.0","995.0","300.0","54.0","5.0","1109.0","391.0","67.0","2.0","919.0","313.0","49.0","1.0","1023.0","371.0","51.0","3.0","964.0","299.0","46.0","7.0","849.0","287.0","51.0","4.0","737.0","276.0","50.0","3.0","676.0","285.0","35.0","2.0","839.0","282.0","48.0","14.0","834.0","271.0","34.0","24.0","819.0","271.0","48.0","26.0","715.0","234.0","68.0","7.0","806.0","249.0","54.0","13.0","885.0","269.0","65.0","6.0","841.0","253.0","50.0","8.0","789.0","225.0","67.0","21.0","1116.0","327.0","82.0","25.0","968.0","277.0","71.0","16.0","714.0","201.0","53.0","6.0","886.0","212.0","66.0","12.0","1250.0","352.0","63.0","27.0","1120.0","330.0","70.0","21.0","913.0","286.0","52.0","21.0","878.0","246.0","41.0","27.0","994.0","285.0","59.0","34.0","1095.0","285.0","30.0","68.0","981.0","254.0","34.0","45.0","1010.0","278.0","50.0","52.0","1026.0","236.0","33.0","59.0","1250.0","286.0","27.0","70.0"
"Badajoz","3.0","2.0","","160.0","26.0","8.0","192.0","44.0","3.0","183.0","30.0","4.0","241.0","36.0","9.0","151.0","45.0","4.0","182.0","38.0","11.0","169.0","47.0","7.0","166.0","34.0","4.0","200.0","51.0","6.0","133.0","53.0","7.0","157.0","69.0","7.0","212.0","66.0","3.0","159.0","55.0","15.0","168.0","62.0","6.0","166.0","59.0","6.0","187.0","68.0","2.0","182.0","70.0","1.0","135.0","55.0","10.0","164.0","52.0","6.0","154.0","43.0","7.0","124.0","53.0","3.0","126.0","33.0","6.0","144.0","52.0","6.0","219.0","66.0","4.0","","165.0","42.0","4.0","","228.0","44.0","3.0","","134.0","53.0","4.0","","145.0","76.0","7.0","2.0","147.0","54.0","8.0","","118.0","50.0","5.0","2.0","135.0","71.0","12.0","","172.0","65.0","6.0","2.0","204.0","67.0","5.0","","167.0","61.0","5.0","","185.0","57.0","5.0","","222.0","94.0","11.0","","156.0","56.0","9.0","1.0","145.0","72.0","10.0","","141.0","62.0","6.0","","103.0","63.0","13.0","","104.0","48.0","6.0","1.0","94.0","54.0","6.0","","137.0","58.0","5.0","4.0","149.0","51.0","7.0","4.0","130.0","70.0","7.0","4.0","86.0","37.0","1.0","","123.0","60.0","8.0","1.0","140.0","50.0","8.0","2.0","88.0","64.0","5.0","2.0","98.0","41.0","11.0","3.0","166.0","66.0","8.0","2.0","180.0","72.0","2.0","2.0","128.0","36.0","2.0","2.0","106.0","41.0","1.0","2.0","210.0","70.0","10.0","5.0","191.0","62.0","8.0","5.0","194.0","48.0","8.0","6.0","175.0","80.0","4.0","7.0","211.0","94.0","2.0","8.0","215.0","70.0","8.0","15.0","203.0","48.0","5.0","9.0","198.0","83.0","3.0","8.0","227.0","78.0","1.0","9.0","262.0","60.0","6.0","10.0"
"Cáceres","4.0","1.0","","78.0","19.0","3.0","148.0","20.0","7.0","137.0","23.0","7.0","118.0","40.0","4.0","97.0","34.0","2.0","114.0","16.0","5.0","97.0","24.0","1.0","114.0","21.0","7.0","70.0","30.0","3.0","83.0","29.0","5.0","85.0","40.0","4.0","111.0","39.0","4.0","95.0","51.0","4.0","119.0","30.0","4.0","96.0","47.0","9.0","128.0","33.0","3.0","94.0","38.0","6.0","100.0","30.0","4.0","89.0","23.0","2.0","105.0","18.0","1.0","96.0","30.0","5.0","95.0","33.0","5.0","89.0","45.0","3.0","105.0","28.0","3.0","","116.0","35.0","4.0","","102.0","22.0","5.0","","82.0","34.0","4.0","","94.0","34.0","1.0","","99.0","40.0","1.0","2.0","63.0","31.0","5.0","","82.0","37.0","3.0","2.0","114.0","53.0","4.0","","166.0","47.0","2.0","","106.0","38.0","2.0","1.0","91.0","32.0","3.0","","135.0","40.0","3.0","2.0","82.0","36.0","3.0","","77.0","27.0","6.0","","66.0","44.0","4.0","","75.0","35.0","2.0","","50.0","24.0","4.0","3.0","102.0","42.0","5.0","","56.0","33.0","4.0","1.0","103.0","32.0","5.0","1.0","77.0","36.0","4.0","3.0","53.0","25.0","","1.0","108.0","32.0","2.0","","74.0","36.0","3.0","1.0","65.0","30.0","3.0","2.0","52.0","19.0","2.0","","82.0","26.0","6.0","","69.0","39.0","3.0","","62.0","16.0","1.0","1.0","70.0","20.0","2.0","4.0","130.0","34.0","6.0","6.0","102.0","32.0","8.0","2.0","88.0","32.0","3.0","5.0","79.0","23.0","2.0","1.0","171.0","44.0","2.0","2.0","136.0","45.0","2.0","9.0","98.0","37.0","2.0","6.0","118.0","25.0","3.0","5.0","124.0","35.0","4.0","4.0","169.0","29.0","4.0","4.0"
"A Coruña","5.0","1.0","1.0","317.0","45.0","14.0","329.0","65.0","7.0","275.0","41.0","8.0","280.0","87.0","12.0","294.0","61.0","9.0","288.0","76.0","2.0","269.0","56.0","4.0","282.0","87.0","5.0","269.0","84.0","11.0","222.0","71.0","5.0","264.0","95.0","3.0","252.0","109.0","12.0","274.0","102.0","13.0","258.0","103.0","12.0","233.0","87.0","13.0","281.0","89.0","7.0","272.0","117.0","11.0","252.0","83.0","7.0","227.0","82.0","5.0","176.0","71.0","5.0","213.0","64.0","6.0","187.0","98.0","6.0","201.0","88.0","4.0","205.0","80.0","2.0","","275.0","67.0","9.0","","197.0","71.0","4.0","","178.0","58.0","12.0","","156.0","49.0","4.0","","118.0","52.0","4.0","","113.0","35.0","1.0","","151.0","46.0","3.0","","231.0","58.0","5.0","","210.0","63.0","3.0","2.0","237.0","83.0","12.0","","319.0","109.0","12.0","1.0","359.0","141.0","10.0","1.0","290.0","104.0","11.0","1.0","350.0","97.0","14.0","1.0","341.0","119.0","14.0","1.0","274.0","93.0","5.0","2.0","261.0","96.0","12.0","","236.0","82.0","11.0","1.0","246.0","98.0","8.0","4.0","270.0","116.0","9.0","14.0","201.0","88.0","11.0","3.0","203.0","72.0","5.0","4.0","206.0","107.0","15.0","4.0","192.0","99.0","9.0","1.0","219.0","91.0","13.0","3.0","236.0","98.0","12.0","","295.0","135.0","19.0","10.0","284.0","84.0","16.0","","186.0","58.0","5.0","4.0","271.0","60.0","11.0","7.0","361.0","93.0","9.0","9.0","331.0","101.0","12.0","8.0","268.0","98.0","10.0","10.0","348.0","113.0","14.0","9.0","392.0","133.0","12.0","11.0","441.0","131.0","9.0","17.0","403.0","109.0","12.0","15.0","443.0","118.0","8.0","18.0","421.0","112.0","6.0","15.0","466.0","145.0","12.0","19.0"
"Lugo","","","","56.0","9.0","4.0","100.0","9.0","1.0","98.0","11.0","","99.0","11.0","1.0","80.0","16.0","1.0","78.0","30.0","1.0","63.0","13.0","3.0","120.0","14.0","2.0","33.0","11.0","","68.0","18.0","1.0","76.0","15.0","2.0","63.0","26.0","2.0","46.0","20.0","2.0","64.0","17.0","4.0","54.0","20.0","1.0","73.0","20.0","3.0","86.0","31.0","","62.0","19.0","2.0","61.0","15.0","3.0","45.0","15.0","3.0","53.0","20.0","1.0","45.0","24.0","1.0","48.0","25.0","2.0","45.0","32.0","1.0","","51.0","19.0","1.0","","71.0","18.0","1.0","","71.0","20.0","2.0","","75.0","22.0","1.0","","91.0","38.0","2.0","","68.0","25.0","","","70.0","33.0","2.0","","91.0","28.0","3.0","","120.0","54.0","5.0","","63.0","30.0","4.0","","71.0","35.0","4.0","","58.0","33.0","2.0","","66.0","26.0","4.0","1.0","65.0","21.0","2.0","","38.0","23.0","5.0","","47.0","19.0","1.0","","39.0","8.0","6.0","1.0","47.0","19.0","2.0","","53.0","18.0","3.0","","45.0","16.0","","3.0","33.0","13.0","1.0","","24.0","16.0","3.0","1.0","45.0","15.0","","","46.0","13.0","1.0","","18.0","20.0","4.0","","25.0","21.0","3.0","2.0","58.0","29.0","","","44.0","15.0","","","49.0","19.0","2.0","","40.0","14.0","2.0","2.0","58.0","24.0","2.0","2.0","60.0","20.0","3.0","1.0","53.0","12.0","2.0","5.0","58.0","20.0","2.0","2.0","53.0","31.0","2.0","5.0","126.0","26.0","","5.0","75.0","27.0","5.0","4.0","80.0","32.0","2.0","5.0","69.0","15.0","1.0","6.0","106.0","40.0","1.0","3.0"
"Ourense","2.0","","","64.0","1.0","1.0","71.0","4.0","","71.0","7.0","3.0","53.0","9.0","4.0","52.0","16.0","2.0","48.0","18.0","1.0","61.0","18.0","6.0","61.0","18.0","3.0","58.0","7.0","1.0","47.0","7.0","3.0","52.0","18.0","4.0","77.0","24.0","1.0","44.0","23.0","2.0","45.0","20.0","1.0","61.0","23.0","2.0","47.0","18.0","1.0","57.0","18.0","1.0","67.0","25.0","3.0","53.0","20.0","2.0","38.0","12.0","","38.0","18.0","","38.0","19.0","","49.0","24.0","3.0","48.0","19.0","4.0","","59.0","18.0","1.0","","47.0","12.0","3.0","","54.0","24.0","1.0","","50.0","22.0","","","44.0","20.0","4.0","","57.0","16.0","","2.0","71.0","22.0","3.0","","47.0","31.0","2.0","","47.0","18.0","2.0","","76.0","25.0","6.0","","98.0","18.0","","","76.0","27.0","4.0","","66.0","26.0","","","50.0","29.0","3.0","","73.0","18.0","4.0","","40.0","26.0","6.0","","26.0","28.0","1.0","","37.0","21.0","","","38.0","24.0","5.0","3.0","56.0","25.0","9.0","1.0","71.0","17.0","3.0","1.0","28.0","13.0","3.0","","30.0","15.0","","1.0","53.0","20.0","1.0","1.0","31.0","23.0","3.0","","40.0","14.0","2.0","","63.0","20.0","1.0","1.0","69.0","30.0","2.0","1.0","33.0","16.0","2.0","3.0","52.0","18.0","1.0","1.0","66.0","22.0","1.0","1.0","54.0","21.0","2.0","1.0","64.0","13.0","1.0","4.0","72.0","18.0","","","78.0","17.0","","1.0","99.0","24.0","","4.0","71.0","12.0","","2.0","91.0","31.0","3.0","5.0","81.0","36.0","2.0","9.0","128.0","40.0","","3.0"
"Pontevedra","2.0","1.0","","157.0","33.0","8.0","219.0","56.0","3.0","195.0","48.0","6.0","223.0","69.0","7.0","189.0","48.0","3.0","202.0","74.0","1.0","166.0","45.0","4.0","210.0","53.0","3.0","154.0","80.0","3.0","170.0","72.0","7.0","183.0","77.0","6.0","208.0","81.0","11.0","158.0","59.0","5.0","216.0","70.0","7.0","181.0","73.0","4.0","212.0","59.0","3.0","248.0","95.0","1.0","146.0","69.0","6.0","148.0","38.0","1.0","151.0","51.0","5.0","133.0","39.0","3.0","152.0","47.0","5.0","154.0","67.0","6.0","160.0","56.0","6.0","","198.0","58.0","7.0","","158.0","42.0","4.0","","246.0","94.0","9.0","","235.0","99.0","10.0","1.0","278.0","119.0","10.0","","284.0","84.0","9.0","2.0","351.0","144.0","7.0","","337.0","146.0","8.0","1.0","421.0","172.0","13.0","1.0","276.0","143.0","5.0","2.0","209.0","108.0","5.0","","327.0","115.0","8.0","","210.0","107.0","8.0","1.0","201.0","111.0","2.0","1.0","214.0","91.0","7.0","1.0","209.0","93.0","8.0","","174.0","95.0","5.0","1.0","212.0","78.0","11.0","","179.0","65.0","9.0","3.0","213.0","82.0","11.0","5.0","150.0","66.0","7.0","2.0","129.0","68.0","4.0","4.0","118.0","80.0","5.0","2.0","173.0","61.0","11.0","1.0","157.0","66.0","10.0","1.0","145.0","53.0","13.0","2.0","257.0","93.0","14.0","7.0","215.0","68.0","11.0","2.0","164.0","54.0","5.0","1.0","173.0","65.0","5.0","2.0","245.0","103.0","8.0","11.0","221.0","106.0","8.0","3.0","232.0","88.0","3.0","9.0","213.0","82.0","9.0","8.0","256.0","92.0","8.0","15.0","337.0","109.0","4.0","17.0","240.0","77.0","7.0","10.0","292.0","101.0","13.0","16.0","318.0","97.0","5.0","12.0","392.0","116.0","7.0","24.0"
"Madrid","99.0","30.0","20.0","3368.0","604.0","93.0","4173.0","719.0","95.0","3539.0","746.0","113.0","3677.0","959.0","124.0","3132.0","937.0","93.0","3087.0","882.0","114.0","3233.0","830.0","91.0","3265.0","875.0","76.0","2923.0","971.0","91.0","2687.0","856.0","75.0","2880.0","1121.0","162.0","2881.0","987.0","135.0","2750.0","1108.0","163.0","2723.0","901.0","142.0","2642.0","830.0","158.0","2871.0","782.0","117.0","3265.0","983.0","104.0","2455.0","711.0","96.0","2469.0","755.0","103.0","2259.0","641.0","77.0","1958.0","735.0","76.0","2035.0","895.0","65.0","1965.0","995.0","87.0","2299.0","899.0","65.0","","2825.0","821.0","92.0","","2784.0","912.0","74.0","1.0","2795.0","914.0","110.0","","3003.0","941.0","95.0","4.0","3014.0","1016.0","113.0","9.0","2605.0","892.0","98.0","11.0","3081.0","1147.0","116.0","12.0","3336.0","1188.0","117.0","12.0","3689.0","1361.0","167.0","10.0","3090.0","1137.0","122.0","10.0","3121.0","1183.0","152.0","6.0","3875.0","1398.0","171.0","9.0","3140.0","1220.0","156.0","12.0","3369.0","1231.0","140.0","11.0","3420.0","1290.0","142.0","17.0","3129.0","1154.0","116.0","17.0","2736.0","1027.0","128.0","15.0","2816.0","1148.0","126.0","11.0","2778.0","1126.0","176.0","55.0","3005.0","1068.0","142.0","131.0","2369.0","943.0","161.0","50.0","2501.0","940.0","118.0","40.0","2523.0","934.0","121.0","47.0","2445.0","919.0","147.0","36.0","2485.0","972.0","156.0","22.0","2295.0","922.0","153.0","43.0","3484.0","1312.0","212.0","74.0","2951.0","990.0","149.0","31.0","2385.0","756.0","113.0","44.0","2358.0","764.0","120.0","30.0","3832.0","1111.0","182.0","56.0","3243.0","951.0","150.0","75.0","3305.0","968.0","155.0","87.0","4004.0","1186.0","165.0","98.0","5084.0","1415.0","152.0","120.0","5459.0","1351.0","127.0","200.0","4331.0","1128.0","118.0","191.0","4947.0","1234.0","125.0","197.0","4827.0","1229.0","139.0","203.0","4974.0","1384.0","110.0","168.0"
"Murcia","6.0","1.0","1.0","386.0","61.0","5.0","466.0","77.0","15.0","424.0","87.0","11.0","596.0","116.0","25.0","395.0","119.0","20.0","417.0","116.0","17.0","399.0","128.0","26.0","405.0","120.0","9.0","322.0","101.0","9.0","287.0","92.0","10.0","391.0","125.0","11.0","462.0","137.0","13.0","296.0","120.0","11.0","333.0","141.0","15.0","305.0","118.0","17.0","363.0","126.0","15.0","410.0","137.0","9.0","280.0","84.0","7.0","310.0","110.0","8.0","290.0","103.0","7.0","248.0","73.0","7.0","200.0","69.0","8.0","233.0","118.0","7.0","253.0","112.0","8.0","","330.0","75.0","12.0","","313.0","94.0","9.0","","280.0","134.0","6.0","","332.0","157.0","14.0","3.0","304.0","136.0","10.0","","251.0","118.0","8.0","3.0","345.0","173.0","16.0","1.0","463.0","178.0","17.0","","465.0","214.0","11.0","1.0","406.0","148.0","15.0","2.0","371.0","156.0","21.0","2.0","479.0","208.0","20.0","2.0","372.0","148.0","17.0","4.0","376.0","147.0","16.0","2.0","361.0","168.0","14.0","","374.0","172.0","12.0","","330.0","148.0","14.0","","351.0","141.0","13.0","1.0","386.0","142.0","21.0","8.0","359.0","152.0","12.0","22.0","298.0","153.0","13.0","3.0","222.0","133.0","13.0","2.0","268.0","109.0","14.0","4.0","309.0","145.0","24.0","4.0","267.0","140.0","15.0","2.0","266.0","107.0","15.0","10.0","475.0","169.0","26.0","12.0","430.0","139.0","15.0","8.0","275.0","105.0","16.0","6.0","323.0","104.0","21.0","4.0","504.0","176.0","18.0","10.0","482.0","159.0","22.0","11.0","409.0","140.0","19.0","19.0","412.0","141.0","27.0","16.0","615.0","255.0","14.0","21.0","679.0","231.0","8.0","23.0","507.0","123.0","7.0","33.0","536.0","205.0","11.0","20.0","514.0","171.0","17.0","30.0","679.0","191.0","8.0","21.0"
"Navarra","4.0","","","123.0","32.0","2.0","157.0","22.0","5.0","159.0","34.0","2.0","137.0","33.0","3.0","125.0","40.0","5.0","140.0","46.0","8.0","155.0","28.0","5.0","126.0","48.0","3.0","153.0","59.0","5.0","146.0","48.0","3.0","144.0","64.0","2.0","172.0","63.0","9.0","167.0","56.0","2.0","136.0","52.0","8.0","130.0","59.0","4.0","176.0","54.0","9.0","140.0","53.0","3.0","134.0","58.0","3.0","135.0","39.0","4.0","122.0","37.0","3.0","116.0","43.0","2.0","90.0","34.0","4.0","116.0","62.0","6.0","117.0","51.0","3.0","","123.0","40.0","6.0","","131.0","48.0","1.0","","130.0","44.0","8.0","","160.0","59.0","3.0","1.0","136.0","49.0","4.0","","109.0","43.0","4.0","2.0","145.0","70.0","2.0","","148.0","69.0","5.0","1.0","151.0","80.0","7.0","","172.0","60.0","5.0","","139.0","55.0","4.0","2.0","162.0","83.0","10.0","","117.0","52.0","3.0","","175.0","68.0","8.0","","129.0","62.0","5.0","","127.0","58.0","4.0","","140.0","68.0","9.0","","117.0","59.0","3.0","","88.0","52.0","4.0","2.0","140.0","49.0","3.0","8.0","116.0","48.0","3.0","2.0","106.0","41.0","1.0","3.0","91.0","44.0","3.0","4.0","106.0","62.0","6.0","1.0","96.0","60.0","7.0","4.0","131.0","45.0","4.0","3.0","161.0","62.0","9.0","4.0","131.0","51.0","5.0","4.0","109.0","18.0","9.0","1.0","107.0","49.0","3.0","1.0","159.0","70.0","10.0","5.0","204.0","61.0","8.0","3.0","159.0","65.0","6.0","2.0","170.0","60.0","5.0","6.0","215.0","79.0","11.0","10.0","288.0","90.0","","6.0","202.0","62.0","3.0","11.0","231.0","71.0","3.0","7.0","231.0","57.0","7.0","11.0","220.0","76.0","5.0","12.0"
"Araba/Álava","1.0","","1.0","62.0","16.0","4.0","52.0","13.0","1.0","39.0","8.0","1.0","51.0","16.0","","66.0","20.0","2.0","42.0","11.0","1.0","46.0","13.0","2.0","47.0","13.0","1.0","39.0","14.0","1.0","21.0","19.0","","40.0","19.0","6.0","52.0","23.0","5.0","36.0","19.0","","43.0","25.0","3.0","26.0","14.0","2.0","54.0","20.0","4.0","54.0","24.0","1.0","57.0","22.0","","52.0","10.0","1.0","35.0","8.0","","39.0","20.0","","31.0","17.0","1.0","41.0","26.0","2.0","26.0","19.0","1.0","","44.0","18.0","2.0","","49.0","32.0","1.0","1.0","39.0","20.0","3.0","","47.0","20.0","2.0","","40.0","20.0","2.0","","50.0","26.0","2.0","","51.0","24.0","1.0","1.0","65.0","33.0","1.0","","85.0","38.0","","","58.0","28.0","3.0","1.0","56.0","30.0","1.0","","71.0","34.0","1.0","","67.0","36.0","1.0","","66.0","31.0","","","50.0","20.0","2.0","","50.0","27.0","3.0","1.0","50.0","21.0","1.0","","35.0","36.0","1.0","","60.0","35.0","2.0","1.0","61.0","24.0","1.0","1.0","44.0","22.0","","","47.0","23.0","1.0","","61.0","27.0","4.0","1.0","50.0","19.0","3.0","","46.0","26.0","1.0","","65.0","28.0","1.0","1.0","55.0","23.0","4.0","3.0","54.0","23.0","2.0","1.0","47.0","12.0","2.0","","52.0","16.0","","","79.0","18.0","1.0","1.0","57.0","22.0","4.0","1.0","71.0","20.0","4.0","4.0","89.0","17.0","2.0","","94.0","22.0","3.0","3.0","68.0","21.0","","7.0","73.0","28.0","2.0","4.0","58.0","35.0","2.0","5.0","45.0","23.0","1.0","11.0","64.0","28.0","","5.0"
"Bizkaia","2.0","2.0","1.0","195.0","38.0","5.0","279.0","60.0","13.0","195.0","53.0","3.0","222.0","38.0","11.0","165.0","65.0","8.0","187.0","67.0","5.0","180.0","41.0","1.0","207.0","63.0","5.0","217.0","82.0","5.0","182.0","61.0","5.0","175.0","72.0","7.0","164.0","78.0","6.0","190.0","123.0","12.0","184.0","65.0","1.0","165.0","75.0","9.0","210.0","58.0","5.0","269.0","92.0","9.0","166.0","57.0","3.0","144.0","54.0","4.0","151.0","45.0","1.0","130.0","63.0","3.0","129.0","74.0","8.0","122.0","81.0","3.0","119.0","57.0","2.0","","177.0","73.0","3.0","","191.0","61.0","8.0","","216.0","66.0","5.0","","217.0","65.0","2.0","","257.0","84.0","3.0","","157.0","69.0","4.0","","215.0","93.0","9.0","","256.0","90.0","4.0","","329.0","132.0","6.0","","245.0","87.0","9.0","1.0","233.0","80.0","10.0","","264.0","112.0","2.0","","213.0","91.0","3.0","","206.0","99.0","2.0","1.0","216.0","90.0","5.0","1.0","209.0","76.0","8.0","","201.0","76.0","9.0","","221.0","71.0","4.0","","215.0","74.0","2.0","1.0","170.0","85.0","7.0","7.0","202.0","78.0","10.0","5.0","170.0","74.0","8.0","2.0","166.0","76.0","14.0","5.0","163.0","96.0","10.0","2.0","143.0","70.0","7.0","3.0","175.0","74.0","9.0","5.0","234.0","75.0","11.0","5.0","200.0","70.0","5.0","3.0","151.0","55.0","3.0","","165.0","68.0","4.0","2.0","286.0","107.0","12.0","4.0","279.0","76.0","6.0","6.0","279.0","89.0","4.0","7.0","210.0","69.0","12.0","6.0","206.0","66.0","8.0","8.0","217.0","76.0","12.0","8.0","233.0","83.0","7.0","9.0","230.0","66.0","8.0","14.0","197.0","81.0","6.0","13.0","296.0","110.0","2.0","11.0"
"Gipuzkoa","1.0","","","76.0","19.0","3.0","101.0","33.0","","82.0","22.0","3.0","77.0","24.0","4.0","84.0","27.0","2.0","89.0","31.0","1.0","67.0","17.0","5.0","89.0","35.0","4.0","69.0","34.0","2.0","68.0","28.0","1.0","81.0","33.0","1.0","75.0","37.0","1.0","82.0","51.0","4.0","97.0","31.0","3.0","83.0","39.0","3.0","101.0","37.0","3.0","130.0","47.0","7.0","70.0","33.0","1.0","84.0","19.0","3.0","90.0","19.0","","77.0","22.0","3.0","53.0","35.0","2.0","51.0","40.0","5.0","57.0","23.0","2.0","","80.0","37.0","6.0","","67.0","28.0","3.0","","91.0","28.0","1.0","","56.0","32.0","2.0","","98.0","36.0","3.0","","82.0","28.0","4.0","","98.0","46.0","1.0","","78.0","42.0","2.0","","106.0","67.0","5.0","1.0","92.0","47.0","1.0","1.0","88.0","35.0","4.0","","93.0","42.0","3.0","","81.0","39.0","2.0","","101.0","57.0","1.0","1.0","115.0","38.0","1.0","","86.0","35.0","1.0","","88.0","37.0","2.0","","72.0","30.0","","","70.0","34.0","1.0","2.0","94.0","42.0","3.0","3.0","100.0","39.0","4.0","2.0","83.0","33.0","3.0","1.0","66.0","28.0","3.0","2.0","82.0","30.0","1.0","","72.0","28.0","3.0","1.0","54.0","29.0","2.0","1.0","106.0","35.0","7.0","","106.0","41.0","4.0","2.0","74.0","24.0","","3.0","76.0","26.0","","","101.0","35.0","6.0","","108.0","45.0","2.0","1.0","113.0","37.0","2.0","5.0","91.0","33.0","3.0","2.0","92.0","45.0","3.0","1.0","96.0","35.0","","4.0","118.0","41.0","2.0","4.0","98.0","44.0","","6.0","106.0","53.0","6.0","4.0","118.0","49.0","","10.0"
"La Rioja","","","","49.0","12.0","1.0","84.0","18.0","3.0","67.0","15.0","2.0","75.0","26.0","1.0","83.0","18.0","3.0","79.0","26.0","1.0","50.0","20.0","2.0","57.0","18.0","2.0","48.0","16.0","2.0","52.0","25.0","1.0","54.0","21.0","6.0","71.0","33.0","2.0","70.0","29.0","3.0","57.0","32.0","1.0","62.0","41.0","","74.0","27.0","","84.0","30.0","2.0","44.0","28.0","1.0","36.0","16.0","2.0","38.0","16.0","1.0","44.0","12.0","1.0","36.0","22.0","","63.0","29.0","2.0","47.0","18.0","","","64.0","15.0","3.0","","72.0","29.0","2.0","","61.0","28.0","5.0","","58.0","26.0","2.0","","78.0","33.0","1.0","","63.0","39.0","","1.0","70.0","29.0","2.0","","69.0","21.0","2.0","","83.0","39.0","3.0","","65.0","32.0","","1.0","64.0","23.0","7.0","","73.0","31.0","4.0","","60.0","32.0","6.0","","53.0","29.0","3.0","","74.0","26.0","2.0","","61.0","30.0","3.0","","69.0","27.0","1.0","","40.0","29.0","2.0","","32.0","21.0","3.0","3.0","86.0","38.0","2.0","6.0","41.0","21.0","3.0","2.0","59.0","28.0","1.0","","69.0","23.0","1.0","1.0","78.0","29.0","","1.0","60.0","26.0","3.0","1.0","68.0","17.0","2.0","1.0","63.0","22.0","3.0","","73.0","27.0","2.0","","59.0","21.0","4.0","1.0","51.0","22.0","7.0","2.0","80.0","35.0","1.0","2.0","94.0","35.0","3.0","3.0","73.0","17.0","4.0","3.0","119.0","38.0","3.0","2.0","185.0","35.0","2.0","3.0","135.0","40.0","1.0","5.0","102.0","44.0","3.0","2.0","144.0","52.0","1.0","8.0","125.0","32.0","1.0","3.0","147.0","45.0","2.0","15.0"
"Ceuta","1.0","","","22.0","2.0","1.0","13.0","4.0","","31.0","10.0","1.0","29.0","5.0","","27.0","16.0","","25.0","3.0","","23.0","2.0","2.0","14.0","5.0","2.0","8.0","6.0","","8.0","7.0","3.0","12.0","6.0","2.0","10.0","4.0","","16.0","4.0","","23.0","8.0","","16.0","5.0","","20.0","8.0","4.0","23.0","9.0","1.0","24.0","3.0","","36.0","4.0","","19.0","2.0","","8.0","7.0","1.0","4.0","4.0","","9.0","8.0","","15.0","9.0","2.0","","9.0","6.0","1.0","","14.0","9.0","3.0","","18.0","6.0","","","12.0","8.0","","","18.0","12.0","1.0","","20.0","4.0","1.0","","24.0","12.0","1.0","","29.0","6.0","","1.0","55.0","22.0","5.0","","18.0","9.0","","1.0","19.0","8.0","","","15.0","15.0","","","12.0","8.0","1.0","","21.0","9.0","1.0","","16.0","7.0","","","24.0","6.0","2.0","","16.0","10.0","2.0","","8.0","4.0","","1.0","14.0","6.0","1.0","","15.0","8.0","3.0","","14.0","4.0","","2.0","2.0","8.0","2.0","","8.0","13.0","1.0","","26.0","18.0","1.0","","13.0","5.0","","","16.0","2.0","2.0","","28.0","10.0","4.0","1.0","16.0","6.0","1.0","","12.0","7.0","","","5.0","4.0","","","7.0","6.0","","","12.0","10.0","1.0","","19.0","8.0","4.0","","21.0","6.0","3.0","","32.0","5.0","3.0","2.0","25.0","6.0","1.0","","20.0","10.0","","","29.0","6.0","2.0","2.0","11.0","17.0","1.0","3.0","17.0","3.0","",""
"Melilla","1.0","1.0","","18.0","3.0","","53.0","13.0","7.0","32.0","5.0","2.0","33.0","8.0","1.0","37.0","9.0","2.0","37.0","17.0","1.0","24.0","8.0","2.0","25.0","6.0","","26.0","8.0","","32.0","7.0","4.0","11.0","13.0","","18.0","9.0","4.0","26.0","8.0","","31.0","10.0","","28.0","4.0","1.0","30.0","4.0","2.0","20.0","3.0","3.0","28.0","6.0","1.0","24.0","2.0","","29.0","3.0","","26.0","8.0","1.0","12.0","6.0","1.0","14.0","5.0","","8.0","10.0","","","21.0","7.0","2.0","","20.0","2.0","2.0","","23.0","8.0","1.0","","13.0","9.0","","","19.0","11.0","1.0","","20.0","2.0","3.0","","22.0","13.0","2.0","","28.0","18.0","","","18.0","5.0","2.0","","22.0","15.0","3.0","","12.0","6.0","","","24.0","13.0","2.0","","15.0","6.0","1.0","","18.0","10.0","1.0","","17.0","7.0","","","14.0","8.0","1.0","","17.0","6.0","1.0","","19.0","5.0","","","16.0","7.0","","","12.0","7.0","2.0","","9.0","5.0","3.0","1.0","12.0","5.0","","","9.0","7.0","","","23.0","9.0","2.0","","16.0","4.0","","","13.0","5.0","1.0","","26.0","15.0","","","11.0","4.0","2.0","2.0","16.0","10.0","2.0","","6.0","9.0","1.0","","20.0","7.0","","","21.0","7.0","1.0","1.0","20.0","8.0","1.0","","30.0","11.0","1.0","","32.0","8.0","","3.0","37.0","8.0","","","22.0","3.0","2.0","","19.0","2.0","1.0","","20.0","7.0","","","31.0","5.0","","2.0"
"No consta","16.0","3.0","3.0","123.0","28.0","18.0","91.0","10.0","8.0","","","","","","","","","","","","","","","","","","","","","","","","","","","","","","","","","","","","","","","","","","","","","","","","","","","","","","","","","","","","","","","","6.0","2.0","1.0","","","1.0","","","","3.0","","","1.0","4.0","","","","","","","","2.0","1.0","2.0","28.0","3.0","","","33.0","4.0","","1.0","5.0","3.0","","1.0","","","","","","","","","2.0","2.0","","","4.0","2.0","1.0","1.0","32.0","29.0","4.0","7.0","110.0","22.0","4.0","1.0","152.0","42.0","14.0","1.0","150.0","59.0","5.0","","134.0","47.0","3.0","2.0","137.0","49.0","12.0","","145.0","73.0","16.0","69.0","505.0","192.0","57.0","357.0","408.0","153.0","48.0","209.0","440.0","154.0","52.0","162.0","628.0","221.0","61.0","246.0","510.0","150.0","42.0","177.0","599.0","163.0","31.0","171.0","546.0","143.0","45.0","224.0","1008.0","280.0","35.0","319.0","637.0","166.0","35.0","306.0","408.0","132.0","32.0","247.0","409.0","127.0","22.0","237.0","705.0","200.0","51.0","539.0","664.0","170.0","73.0","502.0","653.0","156.0","55.0","636.0","684.0","168.0","36.0","606.0","802.0","209.0","45.0","539.0","882.0","262.0","14.0","554.0","807.0","224.0","19.0","401.0","960.0","334.0","22.0","406.0","1047.0","400.0","36.0","423.0","1258.0","442.0","37.0","393.0"
