provincia,sexo,año,total
jaen,mujeres,2007,334199
cordoba,mujeres,2007,403009
coruña,hombres,2007,544352
coruña,mujeres,2007,588440
cuenca,hombres,2007,106633
cuenca,mujeres,2007,104742
guipuzcoa,hombres,2007,341400
guipuzcoa,mujeres,2007,353544
gerona,hombres,2007,358108
gerona,mujeres,2007,348077
cordoba,hombres,2007,389173
granada,hombres,2007,437782
guadalajara,hombres,2007,114798
guadalajara,mujeres,2007,109278
huelva,hombres,2007,248151
huelva,mujeres,2007,249520
huesca,hombres,2007,111978
huesca,mujeres,2007,108129
jaen,hombres,2007,330543
leon,hombres,2007,242939
leon,mujeres,2007,254448
granada,mujeres,2007,446317
ciudad real,mujeres,2007,256649
ciudad real,hombres,2007,253473
castellon,mujeres,2007,285203
asturias,hombres,2007,515292
asturias,mujeres,2007,559570
avila,hombres,2007,84897
avila,mujeres,2007,83741
badajoz,hombres,2007,336211
badajoz,mujeres,2007,342248
islas baleares,hombres,2007,517593
islas baleares,mujeres,2007,513057
barcelona,hombres,2007,2623719
barcelona,mujeres,2007,2708794
vizcaya,hombres,2007,553355
vizcaya,mujeres,2007,588102
burgos,hombres,2007,184713
burgos,mujeres,2007,181259
caceres,hombres,2007,205481
caceres,mujeres,2007,206050
cadiz,hombres,2007,601832
cadiz,mujeres,2007,605511
cantabria,hombres,2007,280283
cantabria,mujeres,2007,292541
castellon,hombres,2007,288079
lerida,hombres,2007,211268
alava,mujeres,2007,153419
lerida,mujeres,2007,202747
lugo,mujeres,2007,182754
sevilla,mujeres,2007,941415
soria,hombres,2007,47174
soria,mujeres,2007,46419
tarragona,hombres,2007,385081
tarragona,mujeres,2007,372714
teruel,hombres,2007,74262
teruel,mujeres,2007,69784
toledo,hombres,2007,323992
toledo,mujeres,2007,315629
sevilla,hombres,2007,907853
valencia,hombres,2007,1230628
valladolid,hombres,2007,255983
valladolid,mujeres,2007,265678
zamora,hombres,2007,97807
zamora,mujeres,2007,99430
zaragoza,hombres,2007,460756
zaragoza,mujeres,2007,471746
cuenca,hombres,2007,38913
cuenca,mujeres,2007,37690
melilla,hombres,2007,35208
valencia,mujeres,2007,1255855
segovia,mujeres,2007,78830
segovia,hombres,2007,80492
santa cruz de tenerife,mujeres,2007,494676
madrid,hombres,2007,2943778
madrid,mujeres,2007,3137911
malaga,hombres,2007,750682
malaga,mujeres,2007,766841
murcia,hombres,2007,706326
murcia,mujeres,2007,685791
navarra,hombres,2007,302330
navarra,mujeres,2007,303546
orense,hombres,2007,162026
orense,mujeres,2007,174900
palencia,hombres,2007,85505
palencia,mujeres,2007,87776
las palmas,hombres,2007,526349
las palmas,mujeres,2007,515782
pontevedra,hombres,2007,458359
pontevedra,mujeres,2007,489280
rioja,hombres,2007,155773
rioja,mujeres,2007,153195
salamanca,hombres,2007,171572
salamanca,mujeres,2007,179754
santa cruz de tenerife,hombres,2007,489144
lugo,hombres,2007,172422
alava,hombres,2007,152040
melilla,mujeres,2007,34232
albacete,hombres,2007,196772
almeria,hombres,2007,333227
alicante,hombres,2007,913455
almeria,mujeres,2007,313406
albacete,mujeres,2007,195338
alicante,mujeres,2007,911809
barcelona,hombres,2008,2668359
santa cruz de tenerife,hombres,2008,500032
murcia,hombres,2008,722999
alicante,mujeres,2008,943954
salamanca,hombres,2008,172878
las palmas,hombres,2008,540105
guadalajara,hombres,2008,122327
santa cruz de tenerife,mujeres,2008,505904
islas baleares,mujeres,2008,532449
castellon,hombres,2008,299829
zaragoza,mujeres,2008,481636
valladolid,mujeres,2008,268944
valencia,hombres,2008,1261081
murcia,mujeres,2008,703110
guipuzcoa,mujeres,2008,356377
islas baleares,hombres,2008,540395
huelva,hombres,2008,252394
ciudad real,hombres,2008,260649
badajoz,hombres,2008,340243
tarragona,hombres,2008,402024
cuenca,hombres,2008,109058
navarra,hombres,2008,310282
almeria,mujeres,2008,323919
rioja,hombres,2008,160342
badajoz,mujeres,2008,345003
cuenca,hombres,2008,39385
almeria,hombres,2008,343716
castellon,mujeres,2008,295086
sevilla,hombres,2008,921256
lerida,hombres,2008,218379
toledo,mujeres,2008,328926
cantabria,mujeres,2008,296669
leon,mujeres,2008,255414
pontevedra,hombres,2008,461469
cuenca,mujeres,2008,106216
granada,hombres,2008,447280
madrid,mujeres,2008,3230980
cadiz,hombres,2008,608616
burgos,mujeres,2008,183997
huelva,mujeres,2008,255521
albacete,mujeres,2008,197673
lugo,mujeres,2008,182635
soria,hombres,2008,47881
teruel,hombres,2008,75777
caceres,hombres,2008,205949
madrid,hombres,2008,3040658
zamora,mujeres,2008,99118
caceres,mujeres,2008,206549
rioja,mujeres,2008,157159
lugo,hombres,2008,172914
burgos,hombres,2008,189675
cadiz,mujeres,2008,611851
zamora,hombres,2008,98103
gerona,mujeres,2008,359598
barcelona,mujeres,2008,2748088
lerida,mujeres,2008,208493
malaga,mujeres,2008,790249
pontevedra,mujeres,2008,491931
las palmas,mujeres,2008,529927
vizcaya,hombres,2008,556095
valladolid,hombres,2008,260075
soria,mujeres,2008,46765
teruel,mujeres,2008,70547
sevilla,mujeres,2008,954206
alicante,hombres,2008,947523
vizcaya,mujeres,2008,590326
malaga,hombres,2008,773012
zaragoza,hombres,2008,473687
guipuzcoa,hombres,2008,344679
cantabria,hombres,2008,285469
avila,mujeres,2008,84979
palencia,mujeres,2008,87602
guadalajara,mujeres,2008,115460
coruña,hombres,2008,548037
huesca,hombres,2008,114939
orense,hombres,2008,161848
segovia,mujeres,2008,80647
alava,mujeres,2008,155259
segovia,hombres,2008,83252
melilla,mujeres,2008,35112
jaen,mujeres,2008,334870
palencia,hombres,2008,85852
jaen,hombres,2008,332568
salamanca,mujeres,2008,180526
asturias,mujeres,2008,561847
valencia,mujeres,2008,1282128
cordoba,mujeres,2008,406164
cordoba,hombres,2008,392658
gerona,hombres,2008,372266
orense,mujeres,2008,174251
asturias,hombres,2008,518291
leon,hombres,2008,244786
avila,hombres,2008,86836
ciudad real,mujeres,2008,261694
melilla,hombres,2008,36336
granada,mujeres,2008,453940
alava,hombres,2008,154376
cuenca,mujeres,2008,38004
huesca,mujeres,2008,110332
coruña,mujeres,2008,591084
tarragona,mujeres,2008,386871
albacete,hombres,2008,199820
toledo,hombres,2008,341277
navarra,mujeres,2008,310095
alava,hombres,2009,156418
valencia,mujeres,2009,1299124
soria,mujeres,2009,46815
tarragona,mujeres,2009,395397
las palmas,mujeres,2009,537512
cantabria,hombres,2009,288735
madrid,hombres,2009,3094874
cordoba,mujeres,2009,408773
malaga,mujeres,2009,806675
vizcaya,hombres,2009,559174
huelva,mujeres,2009,258259
zamora,mujeres,2009,98521
sevilla,mujeres,2009,967283
asturias,hombres,2009,520916
lerida,mujeres,2009,213307
pontevedra,mujeres,2009,495399
gerona,mujeres,2009,368153
pontevedra,hombres,2009,464365
coruña,mujeres,2009,594647
barcelona,mujeres,2009,2784798
salamanca,mujeres,2009,181096
caceres,mujeres,2009,207995
alicante,hombres,2009,958200
caceres,hombres,2009,205638
rioja,mujeres,2009,159529
palencia,hombres,2009,85950
toledo,hombres,2009,350578
lugo,mujeres,2009,182252
burgos,mujeres,2009,185292
cadiz,hombres,2009,609984
santa cruz de tenerife,hombres,2009,506646
huesca,mujeres,2009,111779
madrid,mujeres,2009,3292058
coruña,hombres,2009,550841
granada,hombres,2009,448784
santa cruz de tenerife,mujeres,2009,513844
lugo,hombres,2009,172943
burgos,hombres,2009,190271
cuenca,mujeres,2009,107081
cadiz,mujeres,2009,620610
segovia,hombres,2009,83636
guipuzcoa,hombres,2009,346820
alava,mujeres,2009,157401
soria,hombres,2009,48286
melilla,mujeres,2009,36216
zamora,hombres,2009,97144
palencia,mujeres,2009,87356
zaragoza,hombres,2009,481456
jaen,hombres,2009,332517
malaga,hombres,2009,786393
alicante,mujeres,2009,958812
vizcaya,mujeres,2009,593484
teruel,mujeres,2009,71018
rioja,hombres,2009,162173
guadalajara,hombres,2009,126608
leon,mujeres,2009,255453
valencia,hombres,2009,1276238
badajoz,hombres,2009,341912
tarragona,hombres,2009,407904
gerona,hombres,2009,379629
murcia,mujeres,2009,714911
orense,mujeres,2009,174188
guipuzcoa,mujeres,2009,358878
teruel,hombres,2009,75733
islas baleares,hombres,2009,551079
sevilla,hombres,2009,932941
huesca,hombres,2009,116630
cantabria,mujeres,2009,300500
las palmas,hombres,2009,545990
castellon,mujeres,2009,298841
ciudad real,mujeres,2009,264235
albacete,mujeres,2009,199729
navarra,hombres,2009,315486
orense,hombres,2009,161454
cuenca,hombres,2009,40118
albacete,hombres,2009,201162
avila,hombres,2009,86720
badajoz,mujeres,2009,346865
ciudad real,hombres,2009,263038
granada,mujeres,2009,458644
cuenca,hombres,2009,110282
almeria,hombres,2009,352395
melilla,hombres,2009,37244
avila,mujeres,2009,84960
zaragoza,mujeres,2009,488857
guadalajara,mujeres,2009,119543
leon,hombres,2009,244716
valladolid,mujeres,2009,270790
cuenca,mujeres,2009,38556
segovia,mujeres,2009,81218
barcelona,hombres,2009,2703137
lerida,hombres,2009,223095
jaen,mujeres,2009,337265
valladolid,hombres,2009,261785
murcia,hombres,2009,731609
toledo,mujeres,2009,339057
navarra,mujeres,2009,315092
castellon,hombres,2009,303460
salamanca,hombres,2009,173512
cordoba,hombres,2009,395225
asturias,mujeres,2009,564373
almeria,mujeres,2009,332031
huelva,hombres,2009,255144
islas baleares,mujeres,2009,544347
cadiz,hombres,2010,612833
leon,hombres,2010,244199
caceres,mujeres,2010,208725
teruel,hombres,2010,74563
rioja,mujeres,2010,160531
lugo,mujeres,2010,181521
cuenca,hombres,2010,110384
valladolid,hombres,2010,262141
ciudad real,mujeres,2010,265355
ciudad real,hombres,2010,264098
toledo,hombres,2010,354101
tarragona,mujeres,2010,399379
huesca,mujeres,2010,112042
pontevedra,hombres,2010,465900
cantabria,mujeres,2010,302319
jaen,mujeres,2010,337861
lerida,mujeres,2010,215371
valladolid,mujeres,2010,271499
lerida,hombres,2010,224397
cordoba,mujeres,2010,409538
castellon,hombres,2010,303490
las palmas,mujeres,2010,541906
cordoba,hombres,2010,395570
valencia,mujeres,2010,1303421
huesca,hombres,2010,116524
valencia,hombres,2010,1277726
cantabria,hombres,2010,289931
granada,hombres,2010,453734
lugo,hombres,2010,171983
cuenca,mujeres,2010,107332
zamora,hombres,2010,96427
tarragona,hombres,2010,409041
guadalajara,mujeres,2010,122393
albacete,hombres,2010,201396
castellon,mujeres,2010,300784
cadiz,mujeres,2010,623906
rioja,hombres,2010,161884
jaen,hombres,2010,332900
coruña,hombres,2010,551318
almeria,hombres,2010,358112
leon,mujeres,2010,255085
soria,mujeres,2010,46858
santa cruz de tenerife,mujeres,2010,517907
coruña,mujeres,2010,595140
barcelona,hombres,2010,2710304
almeria,mujeres,2010,337448
zaragoza,mujeres,2010,491162
murcia,hombres,2010,738627
gerona,hombres,2010,380773
orense,mujeres,2010,173873
barcelona,mujeres,2010,2800843
alicante,hombres,2010,961733
melilla,hombres,2010,38819
sevilla,mujeres,2010,976681
vizcaya,hombres,2010,559359
sevilla,hombres,2010,940416
malaga,mujeres,2010,815982
segovia,mujeres,2010,81234
segovia,hombres,2010,83034
salamanca,mujeres,2010,180685
asturias,mujeres,2010,563939
asturias,hombres,2010,520402
avila,hombres,2010,86728
salamanca,hombres,2010,172934
toledo,mujeres,2010,343858
navarra,hombres,2010,318423
pontevedra,mujeres,2010,496572
badajoz,mujeres,2010,348774
cuenca,hombres,2010,41269
alicante,mujeres,2010,964552
las palmas,hombres,2010,548699
orense,hombres,2010,161346
islas baleares,hombres,2010,555204
cuenca,mujeres,2010,39310
murcia,mujeres,2010,723352
avila,mujeres,2010,85168
guipuzcoa,mujeres,2010,360236
huelva,hombres,2010,257716
granada,mujeres,2010,464338
islas baleares,mujeres,2010,550845
navarra,mujeres,2010,318501
huelva,mujeres,2010,260365
badajoz,hombres,2010,343363
soria,hombres,2010,48400
santa cruz de tenerife,hombres,2010,510007
burgos,mujeres,2010,185372
palencia,hombres,2010,85543
albacete,mujeres,2010,200286
teruel,mujeres,2010,70714
burgos,hombres,2010,189454
gerona,mujeres,2010,372273
alava,hombres,2010,158322
alava,mujeres,2010,159030
guipuzcoa,hombres,2010,347027
guadalajara,hombres,2010,129170
malaga,hombres,2010,793575
caceres,hombres,2010,206358
zaragoza,hombres,2010,482090
zamora,mujeres,2010,97787
madrid,hombres,2010,3124438
vizcaya,mujeres,2010,594365
madrid,mujeres,2010,3334246
palencia,mujeres,2010,86967
melilla,mujeres,2010,37215
valencia,mujeres,2011,1304354
leon,hombres,2011,243316
avila,mujeres,2011,85619
melilla,mujeres,2011,38220
huelva,hombres,2011,259362
pontevedra,hombres,2011,466691
navarra,mujeres,2011,321395
granada,mujeres,2011,467466
palencia,mujeres,2011,86550
alava,hombres,2011,159041
badajoz,hombres,2011,344291
ciudad real,hombres,2011,264078
teruel,mujeres,2011,70599
cuenca,mujeres,2011,40211
gerona,mujeres,2011,375362
alava,mujeres,2011,160186
ciudad real,mujeres,2011,266097
cordoba,mujeres,2011,409999
salamanca,mujeres,2011,180402
tarragona,mujeres,2011,401669
segovia,mujeres,2011,81202
rioja,hombres,2011,161582
jaen,mujeres,2011,337216
albacete,hombres,2011,201400
asturias,mujeres,2011,562916
cordoba,hombres,2011,395858
melilla,hombres,2011,40256
palencia,hombres,2011,85118
orense,mujeres,2011,172687
guadalajara,hombres,2011,131532
gerona,hombres,2011,381448
guadalajara,mujeres,2011,124929
jaen,hombres,2011,333384
huesca,mujeres,2011,112137
coruña,hombres,2011,551476
avila,hombres,2011,87085
valladolid,hombres,2011,262609
asturias,hombres,2011,518571
pontevedra,mujeres,2011,496820
orense,hombres,2011,160570
cuenca,hombres,2011,111052
almeria,hombres,2011,361189
caceres,mujeres,2011,208873
sevilla,hombres,2011,945766
malaga,mujeres,2011,824701
toledo,mujeres,2011,348706
cantabria,hombres,2011,289872
las palmas,mujeres,2011,545739
huelva,mujeres,2011,262606
cuenca,mujeres,2011,108086
lugo,hombres,2011,170854
vizcaya,mujeres,2011,595594
zamora,hombres,2011,95993
malaga,hombres,2011,801126
burgos,hombres,2011,189652
cadiz,mujeres,2011,627654
zaragoza,hombres,2011,481054
santa cruz de tenerife,mujeres,2011,519439
vizcaya,hombres,2011,560178
soria,mujeres,2011,46876
coruña,mujeres,2011,595648
teruel,hombres,2011,74008
rioja,mujeres,2011,161373
valencia,hombres,2011,1274365
santa cruz de tenerife,hombres,2011,510350
madrid,mujeres,2011,3356836
cadiz,hombres,2011,615865
burgos,mujeres,2011,186005
lugo,mujeres,2011,180676
alicante,mujeres,2011,969567
soria,hombres,2011,48347
caceres,hombres,2011,206573
zamora,mujeres,2011,97390
madrid,hombres,2011,3132844
guipuzcoa,hombres,2011,347653
sevilla,mujeres,2011,983196
segovia,hombres,2011,82967
lerida,mujeres,2011,216920
castellon,hombres,2011,302855
salamanca,hombres,2011,172584
islas baleares,mujeres,2011,555537
valladolid,mujeres,2011,272265
guipuzcoa,mujeres,2011,361954
murcia,mujeres,2011,728488
albacete,mujeres,2011,200918
zaragoza,mujeres,2011,492271
tarragona,hombres,2011,409732
cuenca,hombres,2011,42165
toledo,hombres,2011,358536
islas baleares,hombres,2011,557577
las palmas,hombres,2011,551241
badajoz,mujeres,2011,349630
leon,mujeres,2011,254483
navarra,hombres,2011,320656
alicante,hombres,2011,964560
lerida,hombres,2011,225388
huesca,hombres,2011,116224
castellon,mujeres,2011,301489
almeria,mujeres,2011,341630
barcelona,hombres,2011,2715628
granada,hombres,2011,457084
murcia,hombres,2011,741581
barcelona,mujeres,2011,2813471
cantabria,mujeres,2011,303249
santa cruz de tenerife,mujeres,2012,513476
alicante,mujeres,2012,974673
huelva,mujeres,2012,263492
teruel,hombres,2012,73478
pontevedra,mujeres,2012,493820
teruel,mujeres,2012,70250
huesca,hombres,2012,115512
toledo,mujeres,2012,350756
huelva,hombres,2012,259370
cuenca,mujeres,2012,107576
albacete,mujeres,2012,201197
cuenca,hombres,2012,110460
huesca,mujeres,2012,112097
gerona,hombres,2012,383428
guipuzcoa,mujeres,2012,363442
valencia,hombres,2012,1274240
guipuzcoa,hombres,2012,348655
zamora,mujeres,2012,96512
pontevedra,hombres,2012,464608
badajoz,mujeres,2012,349843
granada,mujeres,2012,466712
islas baleares,hombres,2012,560091
cuenca,hombres,2012,42948
murcia,mujeres,2012,731722
islas baleares,mujeres,2012,559348
barcelona,hombres,2012,2722394
salamanca,hombres,2012,171489
navarra,hombres,2012,321453
murcia,hombres,2012,742727
zaragoza,mujeres,2012,495222
sevilla,mujeres,2012,988561
vizcaya,hombres,2012,561134
almeria,mujeres,2012,344672
malaga,mujeres,2012,832571
segovia,hombres,2012,82695
vizcaya,mujeres,2012,597305
santa cruz de tenerife,hombres,2012,504055
barcelona,mujeres,2012,2829656
malaga,hombres,2012,808527
alicante,hombres,2012,969237
badajoz,hombres,2012,344690
alava,hombres,2012,160649
melilla,mujeres,2012,39233
palencia,mujeres,2012,86083
guadalajara,hombres,2012,133009
alava,mujeres,2012,161908
palencia,hombres,2012,84630
segovia,mujeres,2012,81006
asturias,hombres,2012,516420
sevilla,hombres,2012,950413
salamanca,mujeres,2012,179075
melilla,hombres,2012,41569
orense,mujeres,2012,171082
avila,hombres,2012,86434
orense,hombres,2012,159175
avila,mujeres,2012,84831
cuenca,mujeres,2012,41070
navarra,mujeres,2012,323113
las palmas,hombres,2012,552185
asturias,mujeres,2012,560940
coruña,mujeres,2012,593902
burgos,hombres,2012,189124
burgos,mujeres,2012,185846
castellon,mujeres,2012,301637
leon,mujeres,2012,252702
guadalajara,mujeres,2012,126528
ciudad real,hombres,2012,264067
albacete,hombres,2012,201640
ciudad real,mujeres,2012,266183
valladolid,hombres,2012,261941
leon,hombres,2012,241749
cordoba,hombres,2012,395300
rioja,hombres,2012,161574
jaen,mujeres,2012,336016
tarragona,mujeres,2012,403738
cordoba,mujeres,2012,409198
almeria,hombres,2012,359547
coruña,hombres,2012,550009
jaen,hombres,2012,334226
valencia,mujeres,2012,1306552
tarragona,hombres,2012,410461
zaragoza,hombres,2012,482908
granada,hombres,2012,456216
castellon,hombres,2012,302927
madrid,mujeres,2012,3368319
toledo,hombres,2012,360472
soria,hombres,2012,47979
caceres,hombres,2012,205634
madrid,hombres,2012,3130241
caceres,mujeres,2012,207963
lugo,mujeres,2012,179366
cadiz,hombres,2012,616686
las palmas,mujeres,2012,548628
rioja,mujeres,2012,162035
soria,mujeres,2012,46543
cadiz,mujeres,2012,628478
zamora,hombres,2012,95100
lugo,hombres,2012,169536
cantabria,hombres,2012,289999
lerida,mujeres,2012,217687
cantabria,mujeres,2012,303862
lerida,hombres,2012,225345
valladolid,mujeres,2012,272339
gerona,mujeres,2012,378199
guadalajara,mujeres,2013,125927
alava,hombres,2013,159622
huelva,hombres,2013,258387
segovia,hombres,2013,81598
malaga,hombres,2013,813878
malaga,mujeres,2013,839121
murcia,hombres,2013,739842
sevilla,mujeres,2013,990558
murcia,mujeres,2013,732207
navarra,hombres,2013,320933
soria,hombres,2013,47336
navarra,mujeres,2013,323544
sevilla,hombres,2013,951597
las palmas,hombres,2013,553010
orense,hombres,2013,157425
orense,mujeres,2013,169299
palencia,hombres,2013,83696
segovia,mujeres,2013,80104
palencia,mujeres,2013,85259
alicante,hombres,2013,968927
madrid,mujeres,2013,3371827
madrid,hombres,2013,3123724
las palmas,mujeres,2013,550840
huelva,mujeres,2013,262281
huesca,hombres,2013,114781
teruel,hombres,2013,72529
huesca,mujeres,2013,111548
alicante,mujeres,2013,976715
pontevedra,hombres,2013,462605
jaen,hombres,2013,330505
jaen,mujeres,2013,334411
tarragona,mujeres,2013,402727
leon,hombres,2013,239179
leon,mujeres,2013,250573
tarragona,hombres,2013,407451
lerida,hombres,2013,223779
lerida,mujeres,2013,217136
lugo,hombres,2013,168013
soria,mujeres,2013,45955
lugo,mujeres,2013,177992
teruel,mujeres,2013,69654
guadalajara,hombres,2013,131796
albacete,mujeres,2013,199991
ciudad real,hombres,2013,260888
valencia,hombres,2013,1264620
rioja,mujeres,2013,161868
cordoba,mujeres,2013,408233
islas baleares,mujeres,2013,557071
guipuzcoa,hombres,2013,349551
santa cruz de tenerife,mujeres,2013,512537
barcelona,hombres,2013,2711403
cadiz,mujeres,2013,625722
islas baleares,hombres,2013,554603
santa cruz de tenerife,hombres,2013,502292
coruña,mujeres,2013,591082
guipuzcoa,mujeres,2013,364267
cantabria,hombres,2013,288643
zamora,hombres,2013,93336
cuenca,hombres,2013,43060
rioja,hombres,2013,160159
cuenca,mujeres,2013,104788
barcelona,mujeres,2013,2829522
burgos,mujeres,2013,184610
caceres,mujeres,2013,206517
zaragoza,hombres,2013,482677
zamora,mujeres,2013,94934
burgos,hombres,2013,186638
almeria,mujeres,2013,343671
salamanca,hombres,2013,168950
vizcaya,mujeres,2013,596874
almeria,hombres,2013,355658
vizcaya,hombres,2013,559573
cuenca,hombres,2013,107111
coruña,hombres,2013,547079
cadiz,hombres,2013,612770
zaragoza,mujeres,2013,495961
valencia,mujeres,2013,1301854
badajoz,hombres,2013,344296
badajoz,mujeres,2013,349433
gerona,hombres,2013,382685
castellon,hombres,2013,300992
salamanca,mujeres,2013,176598
granada,hombres,2013,453670
valladolid,mujeres,2013,271665
melilla,hombres,2013,43017
asturias,mujeres,2013,556819
albacete,hombres,2013,200016
toledo,hombres,2013,357149
valladolid,hombres,2013,260619
ciudad real,mujeres,2013,264074
granada,mujeres,2013,465649
melilla,mujeres,2013,40662
castellon,mujeres,2013,300707
alava,mujeres,2013,161795
asturias,hombres,2013,511346
pontevedra,mujeres,2013,492445
caceres,hombres,2013,203758
gerona,mujeres,2013,378947
toledo,mujeres,2013,349258
avila,hombres,2013,85025
cuenca,mujeres,2013,41120
avila,mujeres,2013,83800
cordoba,hombres,2013,394189
cantabria,mujeres,2013,303245
leon,mujeres,2014,248157
caceres,mujeres,2014,205741
cantabria,mujeres,2014,301874
madrid,hombres,2014,3099641
las palmas,mujeres,2014,549861
castellon,mujeres,2014,294704
zamora,mujeres,2014,93561
valladolid,mujeres,2014,270292
lugo,hombres,2014,166325
lerida,hombres,2014,221891
cantabria,hombres,2014,286782
cadiz,hombres,2014,613340
lerida,mujeres,2014,216110
segovia,hombres,2014,80316
rioja,mujeres,2014,160912
lugo,mujeres,2014,176423
zamora,hombres,2014,91871
alava,hombres,2014,159583
tarragona,hombres,2014,401634
castellon,hombres,2014,292804
cadiz,mujeres,2014,626835
albacete,hombres,2014,198230
guadalajara,hombres,2014,130197
madrid,mujeres,2014,3354799
navarra,mujeres,2014,322304
badajoz,hombres,2014,342654
avila,mujeres,2014,83017
sevilla,hombres,2014,950883
orense,hombres,2014,155090
salamanca,mujeres,2014,175398
alicante,hombres,2014,928519
las palmas,hombres,2014,550166
albacete,mujeres,2014,198757
avila,hombres,2014,83998
orense,mujeres,2014,167203
melilla,hombres,2014,43075
asturias,mujeres,2014,553829
palencia,hombres,2014,82997
asturias,hombres,2014,507927
melilla,mujeres,2014,41434
segovia,mujeres,2014,78987
palencia,mujeres,2014,84612
alava,mujeres,2014,162349
cuenca,mujeres,2014,41609
caceres,hombres,2014,202962
santa cruz de tenerife,hombres,2014,496207
navarra,hombres,2014,318486
burgos,mujeres,2014,183018
zaragoza,hombres,2014,471675
soria,hombres,2014,46723
almeria,mujeres,2014,345025
malaga,hombres,2014,797639
burgos,hombres,2014,183882
vizcaya,mujeres,2014,595133
malaga,mujeres,2014,824329
vizcaya,hombres,2014,556772
ciudad real,hombres,2014,257918
zaragoza,mujeres,2014,488436
murcia,hombres,2014,735889
barcelona,mujeres,2014,2824744
barcelona,hombres,2014,2699040
sevilla,mujeres,2014,990472
murcia,mujeres,2014,730929
islas baleares,mujeres,2014,553641
cuenca,hombres,2014,43354
islas baleares,hombres,2014,549801
badajoz,mujeres,2014,348275
salamanca,hombres,2014,167061
soria,mujeres,2014,45498
valencia,hombres,2014,1253758
granada,mujeres,2014,466048
tarragona,mujeres,2014,399328
cuenca,mujeres,2014,102863
cordoba,hombres,2014,392644
cuenca,hombres,2014,104586
huelva,hombres,2014,257542
jaen,mujeres,2014,332450
teruel,hombres,2014,71449
pontevedra,hombres,2014,460167
cordoba,mujeres,2014,406758
toledo,hombres,2014,352949
toledo,mujeres,2014,346187
rioja,hombres,2014,158090
huesca,mujeres,2014,111069
teruel,mujeres,2014,68916
coruña,hombres,2014,544075
guadalajara,mujeres,2014,125229
jaen,hombres,2014,326583
almeria,hombres,2014,356663
granada,hombres,2014,453407
coruña,mujeres,2014,588660
gerona,mujeres,2014,376981
valencia,mujeres,2014,1295140
pontevedra,mujeres,2014,490752
alicante,mujeres,2014,939919
huesca,hombres,2014,113840
guipuzcoa,mujeres,2014,365134
ciudad real,mujeres,2014,261695
gerona,hombres,2014,379175
valladolid,hombres,2014,258865
santa cruz de tenerife,mujeres,2014,508581
guipuzcoa,hombres,2014,350014
leon,hombres,2014,236537
huelva,mujeres,2014,261687
malaga,hombres,2015,800767
salamanca,mujeres,2015,174016
soria,hombres,2015,46077
valencia,hombres,2015,1250165
melilla,hombres,2015,43593
burgos,mujeres,2015,181860
islas baleares,mujeres,2015,554801
valencia,mujeres,2015,1293150
santa cruz de tenerife,hombres,2015,494354
murcia,hombres,2015,735434
cuenca,hombres,2015,42757
almeria,mujeres,2015,345153
zaragoza,hombres,2015,469456
albacete,mujeres,2015,197566
madrid,mujeres,2015,3349974
gerona,mujeres,2015,376118
islas baleares,hombres,2015,549678
badajoz,mujeres,2015,346354
las palmas,hombres,2015,548849
navarra,hombres,2015,317885
caceres,hombres,2015,201702
teruel,mujeres,2015,68327
huelva,mujeres,2015,262318
murcia,mujeres,2015,731854
huesca,mujeres,2015,110283
barcelona,mujeres,2015,2827562
navarra,mujeres,2015,322591
cuenca,mujeres,2015,101258
badajoz,hombres,2015,340376
santa cruz de tenerife,mujeres,2015,507546
vizcaya,hombres,2015,554832
barcelona,hombres,2015,2696360
almeria,hombres,2015,356058
zaragoza,mujeres,2015,486550
toledo,mujeres,2015,343818
coruña,mujeres,2015,585904
guipuzcoa,hombres,2015,350799
gerona,hombres,2015,376936
malaga,mujeres,2015,828206
huelva,hombres,2015,257699
sevilla,mujeres,2015,990893
avila,mujeres,2015,82045
sevilla,hombres,2015,950587
vizcaya,mujeres,2015,593943
cuenca,mujeres,2015,41506
teruel,hombres,2015,70605
burgos,hombres,2015,182142
orense,hombres,2015,153043
huesca,hombres,2015,112626
cuenca,hombres,2015,102583
salamanca,hombres,2015,165379
albacete,hombres,2015,197014
asturias,hombres,2015,502175
pontevedra,mujeres,2015,489260
palencia,hombres,2015,82232
zamora,hombres,2015,90888
rioja,mujeres,2015,160320
granada,mujeres,2015,465390
cantabria,mujeres,2015,300391
valladolid,hombres,2015,256999
cordoba,hombres,2015,390559
lerida,mujeres,2015,215310
melilla,mujeres,2015,41991
tarragona,hombres,2015,397730
tarragona,mujeres,2015,397371
segovia,hombres,2015,79355
lugo,hombres,2015,164605
toledo,hombres,2015,349553
pontevedra,hombres,2015,458114
leon,hombres,2015,233664
lerida,hombres,2015,220719
segovia,mujeres,2015,78215
castellon,mujeres,2015,292607
ciudad real,mujeres,2015,259142
valladolid,mujeres,2015,269289
palencia,mujeres,2015,83803
ciudad real,hombres,2015,254571
alava,mujeres,2015,163354
leon,mujeres,2015,245731
alava,hombres,2015,160294
alicante,mujeres,2015,934127
castellon,hombres,2015,289720
jaen,mujeres,2015,330309
guipuzcoa,mujeres,2015,366035
jaen,hombres,2015,323861
guadalajara,mujeres,2015,124734
lugo,mujeres,2015,174781
avila,hombres,2015,82880
granada,hombres,2015,451907
alicante,hombres,2015,920920
coruña,hombres,2015,541292
guadalajara,hombres,2015,128952
las palmas,mujeres,2015,549557
madrid,hombres,2015,3087022
cadiz,mujeres,2015,627190
cordoba,mujeres,2015,405052
orense,mujeres,2015,165348
asturias,mujeres,2015,549054
caceres,mujeres,2015,204565
cadiz,hombres,2015,613094
soria,mujeres,2015,44929
cantabria,hombres,2015,284788
rioja,hombres,2015,156733
zamora,mujeres,2015,92548
alava,hombres,2016,160240
avila,hombres,2016,81630
santa cruz de tenerife,hombres,2016,494910
asturias,mujeres,2016,544756
cuenca,mujeres,2016,41673
guadalajara,hombres,2016,128265
badajoz,mujeres,2016,345159
alava,mujeres,2016,163886
teruel,mujeres,2016,67473
granada,hombres,2016,451148
palencia,mujeres,2016,83035
pontevedra,mujeres,2016,487795
navarra,mujeres,2016,322807
gerona,hombres,2016,376943
huelva,hombres,2016,257571
avila,mujeres,2016,80884
palencia,hombres,2016,81609
orense,hombres,2016,151226
granada,mujeres,2016,464244
toledo,mujeres,2016,342000
las palmas,hombres,2016,547928
asturias,hombres,2016,497852
badajoz,hombres,2016,338954
salamanca,mujeres,2016,172372
melilla,mujeres,2016,42258
guadalajara,mujeres,2016,124617
melilla,hombres,2016,43768
alicante,hombres,2016,911173
gerona,mujeres,2016,376633
sevilla,hombres,2016,949432
toledo,hombres,2016,346672
segovia,mujeres,2016,77381
orense,mujeres,2016,163627
pontevedra,hombres,2016,456551
navarra,hombres,2016,317840
lugo,hombres,2016,163154
jaen,mujeres,2016,327388
cantabria,hombres,2016,282988
cadiz,mujeres,2016,627031
zamora,mujeres,2016,91085
lugo,mujeres,2016,173373
coruña,hombres,2016,538878
cadiz,hombres,2016,612858
soria,mujeres,2016,44445
jaen,hombres,2016,320862
las palmas,mujeres,2016,549872
madrid,hombres,2016,3098631
coruña,mujeres,2016,583921
caceres,mujeres,2016,203380
huelva,mujeres,2016,262025
cordoba,mujeres,2016,403140
teruel,hombres,2016,69504
valladolid,hombres,2016,255591
rioja,mujeres,2016,159825
leon,mujeres,2016,242877
ciudad real,mujeres,2016,256041
ciudad real,hombres,2016,250847
valladolid,mujeres,2016,268088
alicante,mujeres,2016,925286
castellon,mujeres,2016,291443
segovia,hombres,2016,78271
lerida,hombres,2016,219917
leon,hombres,2016,230727
castellon,hombres,2016,287802
tarragona,mujeres,2016,396562
tarragona,hombres,2016,395737
cordoba,hombres,2016,388470
lerida,mujeres,2016,214124
cantabria,mujeres,2016,299218
zamora,hombres,2016,89321
caceres,hombres,2016,200285
almeria,mujeres,2016,346074
salamanca,hombres,2016,163613
cuenca,hombres,2016,42846
sevilla,mujeres,2016,990343
guipuzcoa,hombres,2016,350998
barcelona,hombres,2016,2704771
almeria,hombres,2016,358223
huesca,hombres,2016,111597
barcelona,mujeres,2016,2837909
murcia,hombres,2016,733555
cuenca,mujeres,2016,99974
vizcaya,hombres,2016,554342
zaragoza,hombres,2016,466105
zaragoza,mujeres,2016,484402
valencia,hombres,2016,1249773
malaga,mujeres,2016,828668
murcia,mujeres,2016,731292
guipuzcoa,mujeres,2016,366834
vizcaya,mujeres,2016,593234
madrid,mujeres,2016,3368365
burgos,mujeres,2016,180577
valencia,mujeres,2016,1294491
rioja,hombres,2016,155969
soria,hombres,2016,45595
islas baleares,hombres,2016,550682
malaga,hombres,2016,800630
santa cruz de tenerife,mujeres,2016,509214
burgos,hombres,2016,180418
albacete,hombres,2016,195841
cuenca,hombres,2016,101097
albacete,mujeres,2016,196277
huesca,mujeres,2016,109482
islas baleares,mujeres,2016,556538
pontevedra,mujeres,2017,487114
segovia,hombres,2017,77443
las palmas,mujeres,2017,551764
rioja,mujeres,2017,159873
pontevedra,hombres,2017,455617
las palmas,hombres,2017,548716
salamanca,hombres,2017,162273
rioja,hombres,2017,155508
santa cruz de tenerife,mujeres,2017,511244
salamanca,mujeres,2017,171330
granada,hombres,2017,449821
guipuzcoa,hombres,2017,351262
cordoba,hombres,2017,386736
valladolid,hombres,2017,254146
cordoba,mujeres,2017,401483
coruña,hombres,2017,537311
coruña,mujeres,2017,582983
valencia,mujeres,2017,1294682
badajoz,mujeres,2017,343318
cuenca,hombres,2017,99821
cuenca,mujeres,2017,98897
ciudad real,mujeres,2017,254250
segovia,mujeres,2017,76741
valencia,hombres,2017,1246025
guipuzcoa,mujeres,2017,368020
gerona,hombres,2017,377615
gerona,mujeres,2017,378101
toledo,mujeres,2017,341313
cuenca,mujeres,2017,41925
santa cruz de tenerife,hombres,2017,496397
granada,mujeres,2017,463117
toledo,hombres,2017,345528
almeria,hombres,2017,359676
vizcaya,hombres,2017,554289
ciudad real,hombres,2017,248328
valladolid,mujeres,2017,266984
zaragoza,mujeres,2017,487129
albacete,hombres,2017,194743
vizcaya,mujeres,2017,594013
burgos,hombres,2017,178919
burgos,mujeres,2017,179252
zaragoza,hombres,2017,466357
barcelona,hombres,2017,2718621
caceres,hombres,2017,198494
caceres,mujeres,2017,201542
islas baleares,hombres,2017,554925
almeria,mujeres,2017,346996
zamora,mujeres,2017,89596
cadiz,mujeres,2017,627244
cantabria,hombres,2017,281808
zamora,hombres,2017,87808
cantabria,mujeres,2017,298487
cuenca,hombres,2017,43034
castellon,hombres,2017,285467
castellon,mujeres,2017,290003
islas baleares,mujeres,2017,561074
cadiz,hombres,2017,612191
guadalajara,hombres,2017,128341
badajoz,hombres,2017,336566
huelva,hombres,2017,257613
melilla,mujeres,2017,42491
albacete,mujeres,2017,195289
madrid,hombres,2017,3115522
madrid,mujeres,2017,3391662
malaga,hombres,2017,800551
soria,hombres,2017,44986
alava,hombres,2017,161354
malaga,mujeres,2017,830064
murcia,hombres,2017,736238
murcia,mujeres,2017,734035
sevilla,mujeres,2017,990710
asturias,hombres,2017,493911
navarra,hombres,2017,318671
navarra,mujeres,2017,324563
orense,hombres,2017,149689
sevilla,hombres,2017,948817
alava,mujeres,2017,165220
orense,mujeres,2017,161991
palencia,hombres,2017,80943
palencia,mujeres,2017,82447
alicante,hombres,2017,904711
soria,mujeres,2017,43917
guadalajara,mujeres,2017,124969
lugo,mujeres,2017,171859
leon,hombres,2017,228059
teruel,mujeres,2017,66878
avila,mujeres,2017,80026
huelva,mujeres,2017,261317
huesca,hombres,2017,110854
huesca,mujeres,2017,108848
teruel,hombres,2017,68684
jaen,hombres,2017,318430
jaen,mujeres,2017,325054
lugo,hombres,2017,161775
tarragona,mujeres,2017,396788
barcelona,mujeres,2017,2857416
melilla,hombres,2017,43629
avila,hombres,2017,80674
leon,mujeres,2017,240257
lerida,hombres,2017,219059
alicante,mujeres,2017,920621
lerida,mujeres,2017,213325
tarragona,hombres,2017,394905
asturias,mujeres,2017,541049
cuenca,mujeres,2018,41967
melilla,hombres,2018,43765
albacete,hombres,2018,194158
cuenca,hombres,2018,43177
melilla,mujeres,2018,42619
segovia,mujeres,2018,76363
zaragoza,hombres,2018,466839
sevilla,hombres,2018,948699
sevilla,mujeres,2018,991188
soria,hombres,2018,44800
soria,mujeres,2018,43800
albacete,mujeres,2018,194628
tarragona,hombres,2018,396661
segovia,hombres,2018,76979
tarragona,mujeres,2018,399241
teruel,hombres,2018,68060
teruel,mujeres,2018,66512
toledo,hombres,2018,345532
toledo,mujeres,2018,341859
valencia,hombres,2018,1248927
valencia,mujeres,2018,1299059
valladolid,hombres,2018,253356
valladolid,mujeres,2018,266495
santa cruz de tenerife,mujeres,2018,517033
zamora,hombres,2018,86319
zamora,mujeres,2018,88230
zaragoza,mujeres,2018,487972
santa cruz de tenerife,hombres,2018,501477
lerida,mujeres,2018,213357
burgos,mujeres,2018,178733
huesca,hombres,2018,110599
murcia,mujeres,2018,738366
barcelona,hombres,2018,2733466
cantabria,mujeres,2018,298665
islas baleares,mujeres,2018,567105
navarra,hombres,2018,320469
huelva,mujeres,2018,262219
castellon,hombres,2018,286359
navarra,mujeres,2018,327085
islas baleares,hombres,2018,561803
huelva,hombres,2018,257713
orense,hombres,2018,148426
guadalajara,mujeres,2018,125454
badajoz,mujeres,2018,341740
orense,mujeres,2018,160867
ciudad real,hombres,2018,246656
palencia,hombres,2018,80323
badajoz,hombres,2018,334636
guadalajara,hombres,2018,128854
murcia,hombres,2018,740143
huesca,mujeres,2018,108746
cantabria,hombres,2018,281564
malaga,mujeres,2018,836263
lerida,hombres,2018,219509
caceres,hombres,2018,196619
caceres,mujeres,2018,199868
lugo,hombres,2018,160647
leon,mujeres,2018,238100
cuenca,hombres,2018,98999
lugo,mujeres,2018,170680
cadiz,hombres,2018,611357
burgos,hombres,2018,178337
palencia,mujeres,2018,81712
almeria,mujeres,2018,348021
madrid,hombres,2018,3147872
vizcaya,mujeres,2018,594749
jaen,mujeres,2018,322550
madrid,mujeres,2018,3430207
cadiz,mujeres,2018,627357
jaen,hombres,2018,315549
malaga,hombres,2018,804858
vizcaya,hombres,2018,554879
barcelona,mujeres,2018,2875884
leon,hombres,2018,225646
granada,mujeres,2018,462757
castellon,mujeres,2018,290539
pontevedra,mujeres,2018,486873
cordoba,mujeres,2018,400155
avila,hombres,2018,79538
alava,hombres,2018,162175
gerona,hombres,2018,380690
asturias,mujeres,2018,537506
almeria,hombres,2018,361319
rioja,hombres,2018,155758
coruña,hombres,2018,536637
guipuzcoa,mujeres,2018,368896
asturias,hombres,2018,490738
rioja,mujeres,2018,159917
guipuzcoa,hombres,2018,351696
coruña,mujeres,2018,582714
salamanca,hombres,2018,161065
alava,mujeres,2018,166693
cuenca,mujeres,2018,98223
salamanca,mujeres,2018,170408
pontevedra,hombres,2018,454899
gerona,mujeres,2018,381257
alicante,mujeres,2018,927722
cordoba,hombres,2018,385085
alicante,hombres,2018,911097
avila,mujeres,2018,78960
las palmas,mujeres,2018,556620
ciudad real,mujeres,2018,252444
granada,hombres,2018,449318
las palmas,hombres,2018,552555
guipuzcoa,mujeres,2019,370213
zamora,mujeres,2019,87198
cadiz,mujeres,2019,628364
leon,hombres,2019,223744
coruña,mujeres,2019,583126
tarragona,mujeres,2019,403406
valladolid,mujeres,2019,266330
guipuzcoa,hombres,2019,353363
huelva,mujeres,2019,263457
ciudad real,hombres,2019,244877
toledo,hombres,2019,349090
albacete,mujeres,2019,194256
leon,mujeres,2019,236257
cuenca,mujeres,2019,97787
lerida,hombres,2019,220878
guadalajara,hombres,2019,130534
cuenca,hombres,2019,98542
caceres,mujeres,2019,198763
cadiz,hombres,2019,611791
valencia,hombres,2019,1256350
granada,hombres,2019,450555
cordoba,mujeres,2019,399189
toledo,mujeres,2019,345754
santa cruz de tenerife,hombres,2019,508197
teruel,mujeres,2019,66210
gerona,mujeres,2019,385746
castellon,hombres,2019,288077
zamora,hombres,2019,85341
huelva,hombres,2019,258413
valladolid,hombres,2019,253216
huesca,hombres,2019,111228
almeria,hombres,2019,365701
cantabria,mujeres,2019,299277
huesca,mujeres,2019,109233
castellon,mujeres,2019,291885
granada,mujeres,2019,464123
lerida,mujeres,2019,214052
jaen,hombres,2019,313356
gerona,hombres,2019,385298
teruel,hombres,2019,67927
cantabria,hombres,2019,281801
almeria,mujeres,2019,351119
cordoba,hombres,2019,383790
coruña,hombres,2019,536470
guadalajara,mujeres,2019,127228
jaen,mujeres,2019,320208
ciudad real,mujeres,2019,250884
valencia,mujeres,2019,1308774
cuenca,hombres,2019,42912
las palmas,mujeres,2019,562632
murcia,mujeres,2019,746283
barcelona,hombres,2019,2762689
sevilla,mujeres,2019,993177
navarra,hombres,2019,323631
islas baleares,mujeres,2019,576703
asturias,mujeres,2019,534663
navarra,mujeres,2019,330583
pontevedra,mujeres,2019,487379
islas baleares,hombres,2019,572757
orense,hombres,2019,147522
avila,hombres,2019,79071
sevilla,hombres,2019,949212
cuenca,mujeres,2019,41865
alava,hombres,2019,163499
orense,mujeres,2019,160129
badajoz,mujeres,2019,340447
segovia,hombres,2019,76813
palencia,hombres,2019,79808
badajoz,hombres,2019,333112
palencia,mujeres,2019,81172
pontevedra,hombres,2019,455286
avila,mujeres,2019,78569
segovia,mujeres,2019,76316
albacete,hombres,2019,193911
alicante,hombres,2019,920915
las palmas,hombres,2019,557774
rioja,hombres,2019,156179
murcia,hombres,2019,747615
melilla,hombres,2019,43894
santa cruz de tenerife,mujeres,2019,524786
burgos,mujeres,2019,178728
alava,mujeres,2019,168050
madrid,hombres,2019,3187312
soria,mujeres,2019,43822
alicante,mujeres,2019,937768
burgos,hombres,2019,178230
salamanca,hombres,2019,160364
melilla,mujeres,2019,42593
zaragoza,mujeres,2019,493154
madrid,mujeres,2019,3476082
vizcaya,mujeres,2019,596439
lugo,mujeres,2019,169901
asturias,hombres,2019,488137
malaga,hombres,2019,814349
vizcaya,hombres,2019,556212
lugo,hombres,2019,159686
caceres,hombres,2019,195388
soria,hombres,2019,44814
zaragoza,hombres,2019,471539
malaga,mujeres,2019,847436
barcelona,mujeres,2019,2901890
tarragona,hombres,2019,401258
rioja,mujeres,2019,160619
salamanca,mujeres,2019,169755
cordoba,mujeres,2020,398565
avila,mujeres,2020,78555
alava,mujeres,2020,169416
asturias,hombres,2020,486066
avila,hombres,2020,79109
valladolid,hombres,2020,253540
coruña,hombres,2020,537781
albacete,hombres,2020,194081
coruña,mujeres,2020,584034
asturias,mujeres,2020,532718
melilla,mujeres,2020,42914
cuenca,hombres,2020,98430
caceres,mujeres,2020,197766
cuenca,mujeres,2020,41660
cordoba,hombres,2020,382886
cadiz,hombres,2020,613561
caceres,hombres,2020,194084
burgos,mujeres,2020,179072
cadiz,mujeres,2020,630488
burgos,hombres,2020,178578
zaragoza,mujeres,2020,496926
zamora,mujeres,2020,86219
vizcaya,mujeres,2020,599645
cantabria,hombres,2020,282559
vizcaya,hombres,2020,559798
almeria,mujeres,2020,356387
barcelona,mujeres,2020,2939086
cantabria,mujeres,2020,300346
cuenca,hombres,2020,42542
zamora,hombres,2020,84369
castellon,hombres,2020,290799
barcelona,hombres,2020,2804316
islas baleares,mujeres,2020,587245
castellon,mujeres,2020,294791
islas baleares,hombres,2020,584298
zaragoza,hombres,2020,475602
ciudad real,hombres,2020,244842
badajoz,mujeres,2020,339933
valladolid,mujeres,2020,267109
ciudad real,mujeres,2020,250203
badajoz,hombres,2020,332204
alava,hombres,2020,164524
melilla,hombres,2020,44162
santa cruz de tenerife,hombres,2020,513491
toledo,mujeres,2020,350224
alicante,mujeres,2020,948032
leon,mujeres,2020,234535
sevilla,hombres,2020,952695
leon,hombres,2020,221904
jaen,mujeres,2020,319017
palencia,hombres,2020,79457
albacete,mujeres,2020,194189
teruel,hombres,2020,67975
jaen,hombres,2020,312364
palencia,mujeres,2020,80864
soria,hombres,2020,44927
huesca,hombres,2020,112479
las palmas,hombres,2020,562694
segovia,mujeres,2020,76445
las palmas,mujeres,2020,568371
teruel,mujeres,2020,66201
tarragona,mujeres,2020,408630
huelva,mujeres,2020,264782
orense,mujeres,2020,159572
lerida,mujeres,2020,215194
malaga,mujeres,2020,860470
murcia,hombres,2020,756699
malaga,hombres,2020,825450
madrid,mujeres,2020,3536095
murcia,mujeres,2020,754552
navarra,hombres,2020,327226
soria,mujeres,2020,43957
madrid,hombres,2020,3243793
sevilla,mujeres,2020,997524
valencia,mujeres,2020,1322409
lugo,mujeres,2020,169104
lugo,hombres,2020,158842
navarra,mujeres,2020,333971
tarragona,hombres,2020,408142
orense,hombres,2020,147078
lerida,hombres,2020,223323
pontevedra,hombres,2020,456452
huesca,mujeres,2020,110208
granada,mujeres,2020,466573
santa cruz de tenerife,mujeres,2020,531396
gerona,mujeres,2020,390605
almeria,hombres,2020,371558
huelva,hombres,2020,259496
rioja,mujeres,2020,162079
granada,hombres,2020,452595
salamanca,hombres,2020,159929
rioja,hombres,2020,157835
valencia,hombres,2020,1269466
guipuzcoa,mujeres,2020,371991
pontevedra,mujeres,2020,488956
guipuzcoa,hombres,2020,355130
gerona,hombres,2020,391183
guadalajara,hombres,2020,132839
segovia,hombres,2020,77033
salamanca,mujeres,2020,169316
guadalajara,mujeres,2020,129156
toledo,hombres,2020,353548
alicante,hombres,2020,931856
cuenca,mujeres,2020,97709
cuenca,hombres,2021,42208
alava,mujeres,2021,169374
santa cruz de tenerife,mujeres,2021,531506
murcia,hombres,2021,760362
navarra,mujeres,2021,334072
sevilla,mujeres,2021,996769
santa cruz de tenerife,hombres,2021,512899
murcia,mujeres,2021,758124
barcelona,mujeres,2021,2923480
barcelona,hombres,2021,2791250
asturias,hombres,2021,482665
asturias,mujeres,2021,529127
salamanca,mujeres,2021,168464
navarra,hombres,2021,327465
salamanca,hombres,2021,158874
pontevedra,hombres,2021,455910
islas baleares,hombres,2021,584853
orense,hombres,2021,146495
avila,mujeres,2021,78859
las palmas,mujeres,2021,567258
melilla,hombres,2021,43603
segovia,mujeres,2021,76592
segovia,hombres,2021,77071
badajoz,hombres,2021,331025
las palmas,hombres,2021,561281
pontevedra,mujeres,2021,488365
avila,hombres,2021,79562
islas baleares,mujeres,2021,588155
palencia,mujeres,2021,80282
badajoz,mujeres,2021,338918
alicante,hombres,2021,932018
rioja,hombres,2021,157823
palencia,hombres,2021,78841
sevilla,hombres,2021,951083
melilla,mujeres,2021,42658
rioja,mujeres,2021,161973
cuenca,mujeres,2021,41309
orense,mujeres,2021,158728
alava,hombres,2021,164252
soria,hombres,2021,44920
valencia,mujeres,2021,1321351
malaga,mujeres,2021,865675
zamora,hombres,2021,83551
castellon,hombres,2021,291415
teruel,mujeres,2021,66258
castellon,mujeres,2021,295649
huelva,mujeres,2021,265254
huelva,hombres,2021,260581
ciudad real,hombres,2021,243763
guadalajara,mujeres,2021,130964
toledo,hombres,2021,356418
valladolid,mujeres,2021,266518
ciudad real,mujeres,2021,248828
guadalajara,hombres,2021,134624
granada,mujeres,2021,467655
albacete,mujeres,2021,193259
cordoba,hombres,2021,380473
toledo,mujeres,2021,352985
cordoba,mujeres,2021,396316
granada,hombres,2021,453683
gerona,mujeres,2021,392827
valladolid,hombres,2021,252843
coruña,hombres,2021,537004
gerona,hombres,2021,393769
valencia,hombres,2021,1267961
coruña,mujeres,2021,583130
guipuzcoa,mujeres,2021,371316
cuenca,hombres,2021,98118
guipuzcoa,hombres,2021,354717
cuenca,mujeres,2021,97398
almeria,hombres,2021,373136
vizcaya,hombres,2021,557416
huesca,hombres,2021,113607
huesca,mujeres,2021,110657
vizcaya,mujeres,2021,596918
malaga,hombres,2021,829976
madrid,mujeres,2021,3521551
alicante,mujeres,2021,949744
zaragoza,mujeres,2021,494098
burgos,hombres,2021,177920
soria,mujeres,2021,43827
burgos,mujeres,2021,178135
madrid,hombres,2021,3229700
caceres,hombres,2021,192951
lugo,mujeres,2021,168121
tarragona,hombres,2021,410656
lugo,hombres,2021,157892
almeria,mujeres,2021,358656
zaragoza,hombres,2021,473354
lerida,mujeres,2021,215571
cadiz,hombres,2021,614084
lerida,hombres,2021,224156
tarragona,mujeres,2021,411653
cadiz,mujeres,2021,631876
leon,mujeres,2021,232174
leon,hombres,2021,219532
zamora,mujeres,2021,85174
jaen,mujeres,2021,316867
cantabria,hombres,2021,283378
teruel,hombres,2021,68287
jaen,hombres,2021,310323
cantabria,mujeres,2021,301129
caceres,mujeres,2021,196607
albacete,hombres,2021,193205
