año,trimestre,provincia,total_llamadas,total_denuncias,total_victimas_mortales
2009,cuarto,alava,54,194.0,0
2009,cuarto,albacete,97,237.0,0
2009,cuarto,alicante,639,1813.0,1
2009,cuarto,almeria,204,545.0,1
2009,cuarto,asturias,384,505.0,0
2009,cuarto,avila,38,87.0,0
2009,cuarto,badajoz,257,288.0,0
2009,cuarto,barcelona,1812,3152.0,0
2009,cuarto,burgos,109,198.0,0
2009,cuarto,caceres,103,101.0,0
2009,cuarto,cadiz,365,860.0,0
2009,cuarto,cantabria,222,293.0,0
2009,cuarto,castellon,187,380.0,0
2009,cuarto,ciudad real,148,245.0,0
2009,cuarto,cordoba,222,200.0,1
2009,cuarto,coruña,364,588.0,0
2009,cuarto,cuenca,56,166.0,0
2009,cuarto,gerona,128,488.0,0
2009,cuarto,granada,310,774.0,0
2009,cuarto,guadalajara,84,381.0,0
2009,cuarto,guipuzcoa,105,204.0,0
2009,cuarto,huelva,144,407.0,1
2009,cuarto,huesca,43,85.0,0
2009,cuarto,islas baleares,318,1016.0,1
2009,cuarto,jaen,179,345.0,0
2009,cuarto,las palmas,704,1334.0,0
2009,cuarto,leon,158,173.0,0
2009,cuarto,lerida,81,248.0,0
2009,cuarto,lugo,44,101.0,0
2009,cuarto,madrid,3985,4994.0,1
2009,cuarto,malaga,542,1025.0,2
2009,cuarto,melilla,34,81.0,0
2009,cuarto,murcia,432,1528.0,0
2009,cuarto,navarra,217,335.0,0
2009,cuarto,orense,66,125.0,0
2009,cuarto,palencia,32,67.0,0
2009,cuarto,pontevedra,237,652.0,0
2009,cuarto,rioja,66,174.0,1
2009,cuarto,salamanca,103,130.0,0
2009,cuarto,santa cruz de tenerife,604,946.0,0
2009,cuarto,segovia,54,60.0,0
2009,cuarto,sevilla,787,1360.0,0
2009,cuarto,soria,38,32.0,0
2009,cuarto,tarragona,236,634.0,2
2009,cuarto,teruel,20,36.0,0
2009,cuarto,toledo,238,369.0,0
2009,cuarto,valencia,940,2404.0,1
2009,cuarto,valladolid,210,232.0,0
2009,cuarto,vizcaya,304,503.0,0
2009,cuarto,zamora,54,66.0,0
2009,cuarto,zaragoza,280,470.0,0
2009,primero,alava,54,191.0,0
2009,primero,albacete,95,246.0,0
2009,primero,alicante,592,1895.0,0
2009,primero,almeria,234,679.0,0
2009,primero,asturias,368,529.0,0
2009,primero,avila,50,118.0,0
2009,primero,badajoz,231,253.0,0
2009,primero,barcelona,1824,2994.0,0
2009,primero,burgos,124,234.0,0
2009,primero,caceres,135,216.0,0
2009,primero,cadiz,356,811.0,0
2009,primero,cantabria,240,280.0,0
2009,primero,castellon,157,338.0,1
2009,primero,ciudad real,164,265.0,0
2009,primero,cordoba,170,354.0,0
2009,primero,coruña,366,528.0,0
2009,primero,cuenca,87,162.0,0
2009,primero,gerona,144,522.0,0
2009,primero,granada,283,1029.0,1
2009,primero,guadalajara,58,319.0,0
2009,primero,guipuzcoa,121,310.0,0
2009,primero,huelva,134,583.0,1
2009,primero,huesca,57,91.0,0
2009,primero,islas baleares,377,1142.0,0
2009,primero,jaen,188,440.0,0
2009,primero,las palmas,545,1222.0,0
2009,primero,leon,155,239.0,0
2009,primero,lerida,84,229.0,0
2009,primero,lugo,109,135.0,0
2009,primero,madrid,4083,5429.0,2
2009,primero,malaga,543,1665.0,1
2009,primero,melilla,55,85.0,0
2009,primero,murcia,550,1388.0,0
2009,primero,navarra,194,258.0,0
2009,primero,orense,67,198.0,0
2009,primero,palencia,46,80.0,0
2009,primero,pontevedra,277,560.0,0
2009,primero,rioja,106,232.0,0
2009,primero,salamanca,115,156.0,0
2009,primero,santa cruz de tenerife,503,873.0,1
2009,primero,segovia,31,64.0,0
2009,primero,sevilla,746,1091.0,1
2009,primero,soria,15,43.0,0
2009,primero,tarragona,223,643.0,1
2009,primero,teruel,16,39.0,0
2009,primero,toledo,234,350.0,0
2009,primero,valencia,887,2532.0,1
2009,primero,valladolid,213,453.0,0
2009,primero,vizcaya,259,527.0,1
2009,primero,zamora,70,70.0,0
2009,primero,zaragoza,297,565.0,0
2009,segundo,alava,61,215.0,0
2009,segundo,albacete,84,207.0,0
2009,segundo,alicante,679,2025.0,2
2009,segundo,almeria,189,715.0,1
2009,segundo,asturias,334,643.0,0
2009,segundo,avila,55,111.0,0
2009,segundo,badajoz,223,272.0,0
2009,segundo,barcelona,1700,2969.0,4
2009,segundo,burgos,111,164.0,0
2009,segundo,caceres,122,115.0,1
2009,segundo,cadiz,322,924.0,0
2009,segundo,cantabria,158,273.0,0
2009,segundo,castellon,174,461.0,1
2009,segundo,ciudad real,137,274.0,0
2009,segundo,cordoba,233,348.0,0
2009,segundo,coruña,329,647.0,0
2009,segundo,cuenca,67,200.0,0
2009,segundo,gerona,177,525.0,0
2009,segundo,granada,325,1030.0,1
2009,segundo,guadalajara,72,409.0,0
2009,segundo,guipuzcoa,89,295.0,1
2009,segundo,huelva,137,612.0,0
2009,segundo,huesca,60,94.0,0
2009,segundo,islas baleares,351,1092.0,0
2009,segundo,jaen,170,398.0,0
2009,segundo,las palmas,571,1298.0,1
2009,segundo,leon,164,285.0,0
2009,segundo,lerida,85,292.0,0
2009,segundo,lugo,79,175.0,0
2009,segundo,madrid,4154,5427.0,2
2009,segundo,malaga,574,1131.0,0
2009,segundo,melilla,34,97.0,0
2009,segundo,murcia,553,1595.0,0
2009,segundo,navarra,188,260.0,0
2009,segundo,orense,85,169.0,0
2009,segundo,palencia,35,73.0,0
2009,segundo,pontevedra,215,596.0,0
2009,segundo,rioja,72,189.0,0
2009,segundo,salamanca,111,137.0,0
2009,segundo,santa cruz de tenerife,537,1028.0,2
2009,segundo,segovia,46,72.0,0
2009,segundo,sevilla,661,1563.0,0
2009,segundo,soria,14,58.0,0
2009,segundo,tarragona,228,794.0,0
2009,segundo,teruel,25,43.0,0
2009,segundo,toledo,209,412.0,0
2009,segundo,valencia,885,2448.0,0
2009,segundo,valladolid,222,476.0,0
2009,segundo,vizcaya,222,658.0,0
2009,segundo,zamora,49,84.0,0
2009,segundo,zaragoza,264,605.0,0
2009,tercero,alava,61,140.0,0
2009,tercero,albacete,98,269.0,0
2009,tercero,alicante,737,2024.0,1
2009,tercero,almeria,207,665.0,1
2009,tercero,asturias,332,696.0,0
2009,tercero,avila,61,114.0,1
2009,tercero,badajoz,204,301.0,0
2009,tercero,barcelona,1925,3147.0,3
2009,tercero,burgos,98,202.0,0
2009,tercero,caceres,142,156.0,0
2009,tercero,cadiz,354,1098.0,0
2009,tercero,cantabria,221,326.0,0
2009,tercero,castellon,195,484.0,0
2009,tercero,ciudad real,135,296.0,0
2009,tercero,cordoba,237,433.0,0
2009,tercero,coruña,374,637.0,2
2009,tercero,cuenca,69,211.0,1
2009,tercero,gerona,156,575.0,0
2009,tercero,granada,347,1055.0,0
2009,tercero,guadalajara,90,245.0,0
2009,tercero,guipuzcoa,128,263.0,0
2009,tercero,huelva,150,501.0,0
2009,tercero,huesca,42,101.0,0
2009,tercero,islas baleares,413,1203.0,0
2009,tercero,jaen,165,451.0,0
2009,tercero,las palmas,611,1309.0,0
2009,tercero,leon,163,142.0,0
2009,tercero,lerida,77,299.0,0
2009,tercero,lugo,136,170.0,0
2009,tercero,madrid,4216,5013.0,0
2009,tercero,malaga,603,1347.0,2
2009,tercero,melilla,31,98.0,0
2009,tercero,murcia,534,1574.0,2
2009,tercero,navarra,177,383.0,0
2009,tercero,orense,82,127.0,1
2009,tercero,palencia,38,64.0,0
2009,tercero,pontevedra,266,659.0,0
2009,tercero,rioja,77,239.0,0
2009,tercero,salamanca,130,150.0,0
2009,tercero,santa cruz de tenerife,518,972.0,1
2009,tercero,segovia,47,77.0,0
2009,tercero,sevilla,761,1704.0,1
2009,tercero,soria,13,38.0,0
2009,tercero,tarragona,238,707.0,0
2009,tercero,teruel,25,37.0,0
2009,tercero,toledo,303,441.0,1
2009,tercero,valencia,1006,2546.0,1
2009,tercero,valladolid,199,268.0,0
2009,tercero,vizcaya,275,558.0,0
2009,tercero,zamora,78,73.0,0
2009,tercero,zaragoza,285,682.0,0
2010,cuarto,alava,55,189.0,0
2010,cuarto,albacete,86,251.0,0
2010,cuarto,alicante,659,1665.0,2
2010,cuarto,almeria,206,654.0,1
2010,cuarto,asturias,371,506.0,0
2010,cuarto,avila,59,109.0,0
2010,cuarto,badajoz,229,222.0,1
2010,cuarto,barcelona,1688,2975.0,2
2010,cuarto,burgos,98,147.0,0
2010,cuarto,caceres,150,141.0,0
2010,cuarto,cadiz,350,994.0,0
2010,cuarto,cantabria,231,265.0,0
2010,cuarto,castellon,170,428.0,0
2010,cuarto,ciudad real,163,245.0,1
2010,cuarto,cordoba,219,224.0,0
2010,cuarto,coruña,389,476.0,0
2010,cuarto,cuenca,81,171.0,0
2010,cuarto,gerona,146,493.0,0
2010,cuarto,granada,395,902.0,1
2010,cuarto,guadalajara,99,402.0,0
2010,cuarto,guipuzcoa,137,234.0,0
2010,cuarto,huelva,166,403.0,0
2010,cuarto,huesca,42,69.0,0
2010,cuarto,islas baleares,340,902.0,1
2010,cuarto,jaen,157,366.0,0
2010,cuarto,las palmas,564,1131.0,0
2010,cuarto,leon,184,180.0,0
2010,cuarto,lerida,79,209.0,0
2010,cuarto,lugo,68,108.0,0
2010,cuarto,madrid,4021,4926.0,4
2010,cuarto,malaga,563,1324.0,2
2010,cuarto,melilla,34,84.0,0
2010,cuarto,murcia,427,1224.0,0
2010,cuarto,navarra,225,347.0,0
2010,cuarto,orense,69,145.0,0
2010,cuarto,palencia,45,84.0,0
2010,cuarto,pontevedra,222,401.0,0
2010,cuarto,rioja,102,176.0,0
2010,cuarto,salamanca,131,109.0,0
2010,cuarto,santa cruz de tenerife,509,918.0,1
2010,cuarto,segovia,42,53.0,0
2010,cuarto,sevilla,777,1809.0,1
2010,cuarto,soria,23,39.0,0
2010,cuarto,tarragona,203,696.0,1
2010,cuarto,teruel,14,29.0,0
2010,cuarto,toledo,256,354.0,0
2010,cuarto,valencia,886,2485.0,1
2010,cuarto,valladolid,228,267.0,0
2010,cuarto,vizcaya,325,434.0,1
2010,cuarto,zamora,72,73.0,0
2010,cuarto,zaragoza,277,504.0,0
2010,primero,alava,40,180.0,0
2010,primero,albacete,86,199.0,0
2010,primero,alicante,569,1614.0,0
2010,primero,almeria,169,638.0,2
2010,primero,asturias,283,554.0,1
2010,primero,avila,55,122.0,0
2010,primero,badajoz,193,289.0,0
2010,primero,barcelona,1521,3140.0,1
2010,primero,burgos,104,186.0,1
2010,primero,caceres,117,172.0,0
2010,primero,cadiz,311,810.0,0
2010,primero,cantabria,171,301.0,0
2010,primero,castellon,124,422.0,1
2010,primero,ciudad real,135,274.0,0
2010,primero,cordoba,207,256.0,0
2010,primero,coruña,298,551.0,0
2010,primero,cuenca,56,180.0,0
2010,primero,gerona,140,499.0,0
2010,primero,granada,346,908.0,0
2010,primero,guadalajara,94,405.0,0
2010,primero,guipuzcoa,97,248.0,0
2010,primero,huelva,121,430.0,1
2010,primero,huesca,56,76.0,0
2010,primero,islas baleares,333,991.0,1
2010,primero,jaen,154,332.0,0
2010,primero,las palmas,499,1299.0,0
2010,primero,leon,146,241.0,0
2010,primero,lerida,72,203.0,0
2010,primero,lugo,87,121.0,0
2010,primero,madrid,3618,5061.0,2
2010,primero,malaga,518,1320.0,0
2010,primero,melilla,43,102.0,0
2010,primero,murcia,389,1443.0,0
2010,primero,navarra,197,357.0,0
2010,primero,orense,57,142.0,0
2010,primero,palencia,45,73.0,0
2010,primero,pontevedra,249,611.0,0
2010,primero,rioja,78,129.0,0
2010,primero,salamanca,123,126.0,0
2010,primero,santa cruz de tenerife,510,888.0,1
2010,primero,segovia,35,45.0,0
2010,primero,sevilla,694,1578.0,1
2010,primero,soria,17,31.0,0
2010,primero,tarragona,202,700.0,1
2010,primero,teruel,36,43.0,0
2010,primero,toledo,240,406.0,0
2010,primero,valencia,827,2537.0,0
2010,primero,valladolid,186,242.0,1
2010,primero,vizcaya,248,528.0,0
2010,primero,zamora,77,64.0,0
2010,primero,zaragoza,239,429.0,0
2010,segundo,alava,65,189.0,0
2010,segundo,albacete,98,267.0,0
2010,segundo,alicante,688,1754.0,2
2010,segundo,almeria,227,680.0,1
2010,segundo,asturias,308,493.0,3
2010,segundo,avila,57,114.0,0
2010,segundo,badajoz,233,361.0,0
2010,segundo,barcelona,1771,3231.0,1
2010,segundo,burgos,103,159.0,1
2010,segundo,caceres,129,140.0,0
2010,segundo,cadiz,341,960.0,0
2010,segundo,cantabria,194,321.0,0
2010,segundo,castellon,163,477.0,0
2010,segundo,ciudad real,129,307.0,0
2010,segundo,cordoba,243,282.0,0
2010,segundo,coruña,362,432.0,0
2010,segundo,cuenca,62,185.0,0
2010,segundo,gerona,156,548.0,2
2010,segundo,granada,352,944.0,0
2010,segundo,guadalajara,89,369.0,0
2010,segundo,guipuzcoa,115,258.0,0
2010,segundo,huelva,134,465.0,0
2010,segundo,huesca,49,96.0,0
2010,segundo,islas baleares,399,1138.0,0
2010,segundo,jaen,208,398.0,0
2010,segundo,las palmas,569,1123.0,0
2010,segundo,leon,141,158.0,0
2010,segundo,lerida,73,245.0,0
2010,segundo,lugo,93,127.0,0
2010,segundo,madrid,4163,5661.0,1
2010,segundo,malaga,620,1549.0,1
2010,segundo,melilla,24,105.0,0
2010,segundo,murcia,527,1430.0,1
2010,segundo,navarra,210,364.0,0
2010,segundo,orense,74,137.0,0
2010,segundo,palencia,36,83.0,0
2010,segundo,pontevedra,266,581.0,0
2010,segundo,rioja,81,152.0,0
2010,segundo,salamanca,130,133.0,0
2010,segundo,santa cruz de tenerife,495,859.0,2
2010,segundo,segovia,42,57.0,0
2010,segundo,sevilla,846,1718.0,2
2010,segundo,soria,18,28.0,0
2010,segundo,tarragona,257,771.0,0
2010,segundo,teruel,19,46.0,0
2010,segundo,toledo,248,386.0,0
2010,segundo,valencia,1004,2621.0,1
2010,segundo,valladolid,214,274.0,0
2010,segundo,vizcaya,254,482.0,0
2010,segundo,zamora,75,58.0,0
2010,segundo,zaragoza,246,540.0,1
2010,tercero,alava,80,205.0,0
2010,tercero,albacete,115,225.0,0
2010,tercero,alicante,679,2113.0,0
2010,tercero,almeria,219,780.0,1
2010,tercero,asturias,384,594.0,1
2010,tercero,avila,66,100.0,0
2010,tercero,badajoz,281,265.0,0
2010,tercero,barcelona,1809,3436.0,2
2010,tercero,burgos,117,161.0,0
2010,tercero,caceres,154,188.0,0
2010,tercero,cadiz,347,1039.0,1
2010,tercero,cantabria,215,344.0,0
2010,tercero,castellon,192,581.0,1
2010,tercero,ciudad real,170,345.0,0
2010,tercero,cordoba,213,264.0,1
2010,tercero,coruña,373,538.0,1
2010,tercero,cuenca,56,184.0,2
2010,tercero,gerona,166,635.0,2
2010,tercero,granada,354,929.0,1
2010,tercero,guadalajara,115,376.0,0
2010,tercero,guipuzcoa,113,285.0,0
2010,tercero,huelva,135,414.0,0
2010,tercero,huesca,39,93.0,0
2010,tercero,islas baleares,452,1200.0,0
2010,tercero,jaen,167,435.0,0
2010,tercero,las palmas,620,1176.0,1
2010,tercero,leon,164,239.0,0
2010,tercero,lerida,67,268.0,0
2010,tercero,lugo,91,146.0,1
2010,tercero,madrid,4003,5547.0,0
2010,tercero,malaga,697,1324.0,0
2010,tercero,melilla,31,82.0,0
2010,tercero,murcia,612,1416.0,0
2010,tercero,navarra,244,402.0,0
2010,tercero,orense,102,261.0,0
2010,tercero,palencia,58,75.0,1
2010,tercero,pontevedra,300,493.0,0
2010,tercero,rioja,106,203.0,0
2010,tercero,salamanca,128,136.0,0
2010,tercero,santa cruz de tenerife,514,932.0,2
2010,tercero,segovia,49,76.0,0
2010,tercero,sevilla,888,1918.0,0
2010,tercero,soria,18,39.0,0
2010,tercero,tarragona,231,817.0,0
2010,tercero,teruel,28,65.0,0
2010,tercero,toledo,252,407.0,0
2010,tercero,valencia,956,2672.0,0
2010,tercero,valladolid,235,272.0,0
2010,tercero,vizcaya,248,459.0,1
2010,tercero,zamora,86,74.0,0
2010,tercero,zaragoza,313,583.0,1
2011,cuarto,alava,79,203.0,0
2011,cuarto,albacete,111,217.0,0
2011,cuarto,alicante,799,1633.0,1
2011,cuarto,almeria,225,485.0,1
2011,cuarto,asturias,490,671.0,1
2011,cuarto,avila,57,72.0,0
2011,cuarto,badajoz,253,334.0,0
2011,cuarto,barcelona,2137,3188.0,1
2011,cuarto,burgos,135,158.0,0
2011,cuarto,caceres,138,165.0,0
2011,cuarto,cadiz,451,828.0,0
2011,cuarto,cantabria,237,303.0,0
2011,cuarto,castellon,228,412.0,0
2011,cuarto,ciudad real,155,187.0,0
2011,cuarto,cordoba,253,258.0,0
2011,cuarto,coruña,400,402.0,1
2011,cuarto,cuenca,99,259.0,0
2011,cuarto,gerona,159,507.0,2
2011,cuarto,granada,414,689.0,0
2011,cuarto,guadalajara,87,217.0,0
2011,cuarto,guipuzcoa,184,278.0,0
2011,cuarto,huelva,183,343.0,0
2011,cuarto,huesca,52,68.0,0
2011,cuarto,islas baleares,410,1124.0,0
2011,cuarto,jaen,239,320.0,0
2011,cuarto,las palmas,628,1000.0,1
2011,cuarto,leon,181,201.0,0
2011,cuarto,lerida,100,197.0,1
2011,cuarto,lugo,117,123.0,0
2011,cuarto,madrid,4352,5028.0,2
2011,cuarto,malaga,802,1473.0,1
2011,cuarto,melilla,26,78.0,0
2011,cuarto,murcia,556,1311.0,0
2011,cuarto,navarra,196,323.0,0
2011,cuarto,orense,76,114.0,0
2011,cuarto,palencia,51,62.0,0
2011,cuarto,pontevedra,344,502.0,1
2011,cuarto,rioja,116,177.0,0
2011,cuarto,salamanca,114,96.0,0
2011,cuarto,santa cruz de tenerife,528,725.0,0
2011,cuarto,segovia,51,48.0,0
2011,cuarto,sevilla,996,1813.0,1
2011,cuarto,soria,25,27.0,0
2011,cuarto,tarragona,249,614.0,0
2011,cuarto,teruel,20,35.0,0
2011,cuarto,toledo,291,257.0,0
2011,cuarto,valencia,1112,2300.0,0
2011,cuarto,valladolid,208,391.0,0
2011,cuarto,vizcaya,370,676.0,0
2011,cuarto,zamora,57,94.0,0
2011,cuarto,zaragoza,338,755.0,1
2011,primero,alava,71,172.0,0
2011,primero,albacete,81,191.0,0
2011,primero,alicante,616,1784.0,0
2011,primero,almeria,197,677.0,2
2011,primero,asturias,380,610.0,0
2011,primero,avila,53,104.0,0
2011,primero,badajoz,236,284.0,0
2011,primero,barcelona,1667,2939.0,1
2011,primero,burgos,99,183.0,0
2011,primero,caceres,153,158.0,0
2011,primero,cadiz,382,862.0,0
2011,primero,cantabria,251,262.0,0
2011,primero,castellon,172,395.0,0
2011,primero,ciudad real,159,288.0,1
2011,primero,cordoba,256,402.0,0
2011,primero,coruña,373,505.0,0
2011,primero,cuenca,73,242.0,0
2011,primero,gerona,151,504.0,0
2011,primero,granada,398,894.0,2
2011,primero,guadalajara,94,394.0,0
2011,primero,guipuzcoa,131,290.0,0
2011,primero,huelva,171,393.0,0
2011,primero,huesca,44,103.0,0
2011,primero,islas baleares,361,1032.0,1
2011,primero,jaen,182,378.0,2
2011,primero,las palmas,573,1088.0,1
2011,primero,leon,140,216.0,0
2011,primero,lerida,65,201.0,0
2011,primero,lugo,85,158.0,0
2011,primero,madrid,3766,4913.0,2
2011,primero,malaga,657,1263.0,1
2011,primero,melilla,41,71.0,0
2011,primero,murcia,489,1334.0,1
2011,primero,navarra,196,344.0,0
2011,primero,orense,66,158.0,0
2011,primero,palencia,35,88.0,0
2011,primero,pontevedra,293,542.0,0
2011,primero,rioja,90,177.0,0
2011,primero,salamanca,135,120.0,0
2011,primero,santa cruz de tenerife,507,859.0,0
2011,primero,segovia,69,46.0,1
2011,primero,sevilla,829,1848.0,0
2011,primero,soria,30,38.0,0
2011,primero,tarragona,205,652.0,1
2011,primero,teruel,14,43.0,0
2011,primero,toledo,250,313.0,0
2011,primero,valencia,898,2443.0,1
2011,primero,valladolid,197,345.0,0
2011,primero,vizcaya,250,505.0,0
2011,primero,zamora,60,62.0,0
2011,primero,zaragoza,266,619.0,0
2011,segundo,alava,42,223.0,0
2011,segundo,albacete,99,211.0,0
2011,segundo,alicante,616,1869.0,1
2011,segundo,almeria,224,665.0,2
2011,segundo,asturias,405,678.0,1
2011,segundo,avila,57,68.0,0
2011,segundo,badajoz,231,384.0,0
2011,segundo,barcelona,1605,3079.0,1
2011,segundo,burgos,74,159.0,0
2011,segundo,caceres,152,131.0,0
2011,segundo,cadiz,370,813.0,0
2011,segundo,cantabria,210,290.0,0
2011,segundo,castellon,147,385.0,0
2011,segundo,ciudad real,147,344.0,0
2011,segundo,cordoba,220,292.0,1
2011,segundo,coruña,333,573.0,1
2011,segundo,cuenca,80,224.0,0
2011,segundo,gerona,130,532.0,1
2011,segundo,granada,345,868.0,0
2011,segundo,guadalajara,80,177.0,0
2011,segundo,guipuzcoa,125,313.0,0
2011,segundo,huelva,179,409.0,0
2011,segundo,huesca,44,121.0,0
2011,segundo,islas baleares,404,1071.0,0
2011,segundo,jaen,183,339.0,0
2011,segundo,las palmas,536,1231.0,0
2011,segundo,leon,128,214.0,0
2011,segundo,lerida,59,245.0,0
2011,segundo,lugo,75,139.0,0
2011,segundo,madrid,3630,5443.0,3
2011,segundo,malaga,638,1543.0,0
2011,segundo,melilla,33,90.0,0
2011,segundo,murcia,440,1546.0,0
2011,segundo,navarra,193,375.0,1
2011,segundo,orense,86,123.0,0
2011,segundo,palencia,33,69.0,0
2011,segundo,pontevedra,258,515.0,0
2011,segundo,rioja,103,183.0,0
2011,segundo,salamanca,103,124.0,0
2011,segundo,santa cruz de tenerife,424,906.0,0
2011,segundo,segovia,47,49.0,0
2011,segundo,sevilla,817,2140.0,0
2011,segundo,soria,11,34.0,0
2011,segundo,tarragona,174,617.0,0
2011,segundo,teruel,19,56.0,0
2011,segundo,toledo,215,378.0,0
2011,segundo,valencia,918,2488.0,1
2011,segundo,valladolid,207,357.0,0
2011,segundo,vizcaya,249,511.0,0
2011,segundo,zamora,60,74.0,0
2011,segundo,zaragoza,261,679.0,0
2011,tercero,alava,78,210.0,0
2011,tercero,albacete,117,265.0,0
2011,tercero,alicante,692,2001.0,1
2011,tercero,almeria,266,530.0,1
2011,tercero,asturias,385,697.0,0
2011,tercero,avila,44,88.0,0
2011,tercero,badajoz,257,382.0,0
2011,tercero,barcelona,1590,3655.0,1
2011,tercero,burgos,121,176.0,1
2011,tercero,caceres,164,157.0,0
2011,tercero,cadiz,444,924.0,1
2011,tercero,cantabria,256,313.0,0
2011,tercero,castellon,163,452.0,1
2011,tercero,ciudad real,157,324.0,0
2011,tercero,cordoba,266,272.0,0
2011,tercero,coruña,377,395.0,0
2011,tercero,cuenca,96,236.0,0
2011,tercero,gerona,165,547.0,0
2011,tercero,granada,383,896.0,1
2011,tercero,guadalajara,99,191.0,0
2011,tercero,guipuzcoa,141,280.0,1
2011,tercero,huelva,178,321.0,0
2011,tercero,huesca,27,86.0,0
2011,tercero,islas baleares,384,1190.0,0
2011,tercero,jaen,179,385.0,0
2011,tercero,las palmas,635,1215.0,0
2011,tercero,leon,138,216.0,0
2011,tercero,lerida,70,261.0,0
2011,tercero,lugo,96,139.0,0
2011,tercero,madrid,3770,5324.0,2
2011,tercero,malaga,636,1702.0,0
2011,tercero,melilla,36,84.0,0
2011,tercero,murcia,504,1575.0,1
2011,tercero,navarra,239,407.0,0
2011,tercero,orense,66,145.0,0
2011,tercero,palencia,47,71.0,0
2011,tercero,pontevedra,274,620.0,0
2011,tercero,rioja,101,173.0,0
2011,tercero,salamanca,128,129.0,0
2011,tercero,santa cruz de tenerife,462,1025.0,1
2011,tercero,segovia,49,66.0,0
2011,tercero,sevilla,930,2025.0,1
2011,tercero,soria,22,29.0,0
2011,tercero,tarragona,222,737.0,0
2011,tercero,teruel,38,35.0,0
2011,tercero,toledo,295,349.0,0
2011,tercero,valencia,990,2378.0,2
2011,tercero,valladolid,249,400.0,0
2011,tercero,vizcaya,273,464.0,1
2011,tercero,zamora,43,88.0,0
2011,tercero,zaragoza,282,792.0,1
2012,cuarto,alava,59,201.0,1
2012,cuarto,albacete,87,166.0,1
2012,cuarto,alicante,481,1760.0,0
2012,cuarto,almeria,128,469.0,0
2012,cuarto,asturias,259,628.0,0
2012,cuarto,avila,72,59.0,0
2012,cuarto,badajoz,180,332.0,0
2012,cuarto,barcelona,1179,2921.0,2
2012,cuarto,burgos,74,149.0,0
2012,cuarto,caceres,131,166.0,0
2012,cuarto,cadiz,269,926.0,0
2012,cuarto,cantabria,119,274.0,0
2012,cuarto,castellon,123,435.0,0
2012,cuarto,ciudad real,115,264.0,0
2012,cuarto,cordoba,170,359.0,0
2012,cuarto,coruña,283,418.0,2
2012,cuarto,cuenca,47,145.0,1
2012,cuarto,gerona,86,480.0,0
2012,cuarto,granada,223,853.0,1
2012,cuarto,guadalajara,49,195.0,0
2012,cuarto,guipuzcoa,102,254.0,0
2012,cuarto,huelva,112,423.0,0
2012,cuarto,huesca,38,74.0,0
2012,cuarto,islas baleares,240,1096.0,1
2012,cuarto,jaen,134,388.0,1
2012,cuarto,las palmas,492,1017.0,0
2012,cuarto,leon,101,125.0,2
2012,cuarto,lerida,61,244.0,0
2012,cuarto,lugo,74,92.0,0
2012,cuarto,madrid,2769,5102.0,2
2012,cuarto,malaga,435,1589.0,0
2012,cuarto,melilla,35,112.0,0
2012,cuarto,murcia,328,1115.0,0
2012,cuarto,navarra,161,293.0,0
2012,cuarto,orense,56,123.0,0
2012,cuarto,palencia,26,62.0,0
2012,cuarto,pontevedra,175,488.0,0
2012,cuarto,rioja,57,164.0,0
2012,cuarto,salamanca,82,106.0,0
2012,cuarto,santa cruz de tenerife,385,821.0,0
2012,cuarto,segovia,40,73.0,0
2012,cuarto,sevilla,592,1550.0,0
2012,cuarto,soria,13,37.0,0
2012,cuarto,tarragona,156,542.0,1
2012,cuarto,teruel,12,39.0,0
2012,cuarto,toledo,180,243.0,0
2012,cuarto,valencia,618,2175.0,0
2012,cuarto,valladolid,120,249.0,0
2012,cuarto,vizcaya,196,485.0,0
2012,cuarto,zamora,49,81.0,0
2012,cuarto,zaragoza,176,702.0,0
2012,primero,alava,79,177.0,0
2012,primero,albacete,70,187.0,0
2012,primero,alicante,584,1597.0,0
2012,primero,almeria,186,505.0,0
2012,primero,asturias,336,605.0,0
2012,primero,avila,75,85.0,0
2012,primero,badajoz,200,282.0,1
2012,primero,barcelona,1502,2924.0,3
2012,primero,burgos,101,140.0,0
2012,primero,caceres,134,165.0,0
2012,primero,cadiz,291,888.0,0
2012,primero,cantabria,176,271.0,0
2012,primero,castellon,179,426.0,0
2012,primero,ciudad real,147,322.0,0
2012,primero,cordoba,214,197.0,0
2012,primero,coruña,342,346.0,0
2012,primero,cuenca,78,208.0,0
2012,primero,gerona,163,576.0,1
2012,primero,granada,345,901.0,0
2012,primero,guadalajara,67,136.0,0
2012,primero,guipuzcoa,104,259.0,1
2012,primero,huelva,140,399.0,0
2012,primero,huesca,33,75.0,0
2012,primero,islas baleares,318,1050.0,0
2012,primero,jaen,172,355.0,1
2012,primero,las palmas,465,1081.0,0
2012,primero,leon,164,201.0,0
2012,primero,lerida,92,224.0,0
2012,primero,lugo,83,131.0,0
2012,primero,madrid,3262,5237.0,1
2012,primero,malaga,512,1492.0,0
2012,primero,melilla,35,72.0,0
2012,primero,murcia,371,1161.0,0
2012,primero,navarra,195,327.0,0
2012,primero,orense,95,119.0,1
2012,primero,palencia,37,61.0,0
2012,primero,pontevedra,221,586.0,0
2012,primero,rioja,73,187.0,0
2012,primero,salamanca,117,102.0,0
2012,primero,santa cruz de tenerife,382,728.0,0
2012,primero,segovia,45,66.0,0
2012,primero,sevilla,706,1476.0,0
2012,primero,soria,20,29.0,0
2012,primero,tarragona,156,541.0,2
2012,primero,teruel,17,30.0,0
2012,primero,toledo,228,319.0,0
2012,primero,valencia,784,2044.0,1
2012,primero,valladolid,158,325.0,0
2012,primero,vizcaya,226,486.0,0
2012,primero,zamora,51,71.0,0
2012,primero,zaragoza,215,723.0,0
2012,segundo,alava,63,130.0,0
2012,segundo,albacete,70,153.0,0
2012,segundo,alicante,567,1950.0,3
2012,segundo,almeria,172,590.0,0
2012,segundo,asturias,307,564.0,1
2012,segundo,avila,56,73.0,0
2012,segundo,badajoz,222,346.0,0
2012,segundo,barcelona,1526,3095.0,1
2012,segundo,burgos,95,162.0,0
2012,segundo,caceres,114,152.0,0
2012,segundo,cadiz,311,772.0,0
2012,segundo,cantabria,166,296.0,0
2012,segundo,castellon,163,420.0,0
2012,segundo,ciudad real,110,302.0,1
2012,segundo,cordoba,179,227.0,0
2012,segundo,coruña,314,395.0,1
2012,segundo,cuenca,76,210.0,0
2012,segundo,gerona,154,538.0,1
2012,segundo,granada,326,808.0,0
2012,segundo,guadalajara,76,198.0,0
2012,segundo,guipuzcoa,106,222.0,0
2012,segundo,huelva,120,378.0,0
2012,segundo,huesca,27,72.0,0
2012,segundo,islas baleares,354,1249.0,1
2012,segundo,jaen,169,354.0,0
2012,segundo,las palmas,462,1055.0,1
2012,segundo,leon,113,201.0,0
2012,segundo,lerida,87,249.0,0
2012,segundo,lugo,79,140.0,0
2012,segundo,madrid,3327,5409.0,1
2012,segundo,malaga,551,1620.0,2
2012,segundo,melilla,26,65.0,0
2012,segundo,murcia,428,1213.0,0
2012,segundo,navarra,178,333.0,0
2012,segundo,orense,75,101.0,0
2012,segundo,palencia,22,56.0,0
2012,segundo,pontevedra,187,534.0,0
2012,segundo,rioja,54,174.0,0
2012,segundo,salamanca,99,113.0,0
2012,segundo,santa cruz de tenerife,385,815.0,0
2012,segundo,segovia,42,54.0,0
2012,segundo,sevilla,738,1772.0,2
2012,segundo,soria,21,25.0,0
2012,segundo,tarragona,166,690.0,1
2012,segundo,teruel,11,29.0,0
2012,segundo,toledo,254,341.0,0
2012,segundo,valencia,887,2369.0,0
2012,segundo,valladolid,164,327.0,0
2012,segundo,vizcaya,202,591.0,0
2012,segundo,zamora,49,75.0,0
2012,segundo,zaragoza,212,697.0,1
2012,tercero,alava,43,226.0,0
2012,tercero,albacete,70,198.0,0
2012,tercero,alicante,624,1939.0,0
2012,tercero,almeria,181,559.0,0
2012,tercero,asturias,298,634.0,0
2012,tercero,avila,45,99.0,0
2012,tercero,badajoz,204,383.0,0
2012,tercero,barcelona,1426,3372.0,1
2012,tercero,burgos,75,173.0,0
2012,tercero,caceres,124,141.0,0
2012,tercero,cadiz,358,876.0,0
2012,tercero,cantabria,160,265.0,0
2012,tercero,castellon,185,449.0,0
2012,tercero,ciudad real,108,250.0,0
2012,tercero,cordoba,185,391.0,0
2012,tercero,coruña,252,474.0,0
2012,tercero,cuenca,71,270.0,0
2012,tercero,gerona,130,541.0,0
2012,tercero,granada,314,885.0,0
2012,tercero,guadalajara,57,186.0,1
2012,tercero,guipuzcoa,109,240.0,0
2012,tercero,huelva,137,421.0,0
2012,tercero,huesca,36,87.0,0
2012,tercero,islas baleares,324,1344.0,0
2012,tercero,jaen,180,364.0,0
2012,tercero,las palmas,491,1077.0,0
2012,tercero,leon,102,178.0,0
2012,tercero,lerida,81,264.0,0
2012,tercero,lugo,63,116.0,0
2012,tercero,madrid,2977,5187.0,2
2012,tercero,malaga,576,1621.0,0
2012,tercero,melilla,32,68.0,0
2012,tercero,murcia,400,1307.0,0
2012,tercero,navarra,162,380.0,0
2012,tercero,orense,50,123.0,0
2012,tercero,palencia,31,71.0,0
2012,tercero,pontevedra,207,602.0,0
2012,tercero,rioja,55,176.0,0
2012,tercero,salamanca,83,98.0,0
2012,tercero,santa cruz de tenerife,470,1107.0,1
2012,tercero,segovia,40,53.0,0
2012,tercero,sevilla,733,1783.0,0
2012,tercero,soria,13,22.0,0
2012,tercero,tarragona,192,576.0,0
2012,tercero,teruel,23,29.0,0
2012,tercero,toledo,211,359.0,0
2012,tercero,valencia,898,2266.0,2
2012,tercero,valladolid,191,254.0,0
2012,tercero,vizcaya,197,582.0,0
2012,tercero,zamora,50,77.0,0
2012,tercero,zaragoza,229,671.0,0
2013,cuarto,alava,64,181.0,0
2013,cuarto,albacete,117,226.0,0
2013,cuarto,alicante,606,1535.0,1
2013,cuarto,almeria,197,534.0,1
2013,cuarto,asturias,380,550.0,0
2013,cuarto,avila,117,57.0,0
2013,cuarto,badajoz,211,305.0,0
2013,cuarto,barcelona,1537,3032.0,1
2013,cuarto,burgos,123,127.0,0
2013,cuarto,caceres,155,149.0,0
2013,cuarto,cadiz,382,896.0,0
2013,cuarto,cantabria,225,278.0,0
2013,cuarto,castellon,176,420.0,1
2013,cuarto,ciudad real,121,270.0,0
2013,cuarto,cordoba,289,329.0,0
2013,cuarto,coruña,351,402.0,0
2013,cuarto,cuenca,66,158.0,1
2013,cuarto,gerona,130,495.0,0
2013,cuarto,granada,348,743.0,0
2013,cuarto,guadalajara,74,144.0,0
2013,cuarto,guipuzcoa,123,218.0,0
2013,cuarto,huelva,178,411.0,0
2013,cuarto,huesca,31,71.0,0
2013,cuarto,islas baleares,350,1102.0,0
2013,cuarto,jaen,231,367.0,0
2013,cuarto,las palmas,545,1048.0,0
2013,cuarto,leon,166,214.0,0
2013,cuarto,lerida,55,229.0,1
2013,cuarto,lugo,71,147.0,0
2013,cuarto,madrid,3738,4832.0,1
2013,cuarto,malaga,611,1359.0,2
2013,cuarto,melilla,30,84.0,0
2013,cuarto,murcia,417,1305.0,0
2013,cuarto,navarra,169,319.0,0
2013,cuarto,orense,78,126.0,0
2013,cuarto,palencia,45,96.0,0
2013,cuarto,pontevedra,263,568.0,1
2013,cuarto,rioja,82,112.0,0
2013,cuarto,salamanca,99,66.0,0
2013,cuarto,santa cruz de tenerife,519,763.0,0
2013,cuarto,segovia,29,51.0,0
2013,cuarto,sevilla,919,1614.0,0
2013,cuarto,soria,11,23.0,0
2013,cuarto,tarragona,202,590.0,0
2013,cuarto,teruel,19,36.0,0
2013,cuarto,toledo,232,290.0,0
2013,cuarto,valencia,1068,2186.0,2
2013,cuarto,valladolid,224,442.0,0
2013,cuarto,vizcaya,253,583.0,0
2013,cuarto,zamora,40,54.0,0
2013,cuarto,zaragoza,305,725.0,0
2013,primero,alava,49,173.0,0
2013,primero,albacete,65,168.0,1
2013,primero,alicante,446,1623.0,2
2013,primero,almeria,135,382.0,0
2013,primero,asturias,272,641.0,0
2013,primero,avila,69,55.0,0
2013,primero,badajoz,165,305.0,0
2013,primero,barcelona,1167,2870.0,0
2013,primero,burgos,80,165.0,0
2013,primero,caceres,133,141.0,0
2013,primero,cadiz,283,896.0,0
2013,primero,cantabria,121,285.0,0
2013,primero,castellon,122,386.0,0
2013,primero,ciudad real,112,300.0,1
2013,primero,cordoba,161,421.0,0
2013,primero,coruña,291,428.0,0
2013,primero,cuenca,42,170.0,0
2013,primero,gerona,112,434.0,0
2013,primero,granada,209,813.0,0
2013,primero,guadalajara,67,156.0,0
2013,primero,guipuzcoa,90,204.0,0
2013,primero,huelva,120,304.0,0
2013,primero,huesca,27,79.0,0
2013,primero,islas baleares,243,911.0,2
2013,primero,jaen,129,375.0,0
2013,primero,las palmas,402,944.0,0
2013,primero,leon,138,167.0,0
2013,primero,lerida,54,215.0,0
2013,primero,lugo,70,112.0,1
2013,primero,madrid,2995,4722.0,3
2013,primero,malaga,424,1373.0,0
2013,primero,melilla,19,77.0,0
2013,primero,murcia,277,1142.0,0
2013,primero,navarra,128,281.0,0
2013,primero,orense,57,119.0,0
2013,primero,palencia,31,71.0,0
2013,primero,pontevedra,204,583.0,0
2013,primero,rioja,58,152.0,0
2013,primero,salamanca,101,106.0,0
2013,primero,santa cruz de tenerife,390,783.0,1
2013,primero,segovia,38,51.0,0
2013,primero,sevilla,655,1542.0,1
2013,primero,soria,16,23.0,0
2013,primero,tarragona,147,528.0,1
2013,primero,teruel,20,30.0,0
2013,primero,toledo,168,287.0,0
2013,primero,valencia,728,2088.0,2
2013,primero,valladolid,142,239.0,0
2013,primero,vizcaya,211,522.0,0
2013,primero,zamora,47,77.0,0
2013,primero,zaragoza,198,568.0,1
2013,segundo,alava,69,189.0,1
2013,segundo,albacete,83,195.0,0
2013,segundo,alicante,510,1623.0,0
2013,segundo,almeria,192,622.0,0
2013,segundo,asturias,312,633.0,0
2013,segundo,avila,45,71.0,0
2013,segundo,badajoz,202,310.0,0
2013,segundo,barcelona,1339,3056.0,0
2013,segundo,burgos,93,144.0,0
2013,segundo,caceres,137,173.0,0
2013,segundo,cadiz,340,972.0,1
2013,segundo,cantabria,165,264.0,1
2013,segundo,castellon,152,423.0,0
2013,segundo,ciudad real,133,267.0,0
2013,segundo,cordoba,212,429.0,2
2013,segundo,coruña,293,457.0,0
2013,segundo,cuenca,50,201.0,0
2013,segundo,gerona,124,489.0,0
2013,segundo,granada,306,883.0,0
2013,segundo,guadalajara,74,227.0,0
2013,segundo,guipuzcoa,96,266.0,0
2013,segundo,huelva,148,435.0,0
2013,segundo,huesca,47,72.0,0
2013,segundo,islas baleares,293,1040.0,0
2013,segundo,jaen,213,361.0,2
2013,segundo,las palmas,478,941.0,0
2013,segundo,leon,118,207.0,1
2013,segundo,lerida,50,217.0,1
2013,segundo,lugo,75,138.0,0
2013,segundo,madrid,3047,4964.0,3
2013,segundo,malaga,556,1563.0,0
2013,segundo,melilla,19,78.0,0
2013,segundo,murcia,358,1063.0,0
2013,segundo,navarra,184,308.0,0
2013,segundo,orense,76,113.0,0
2013,segundo,palencia,40,75.0,0
2013,segundo,pontevedra,227,602.0,0
2013,segundo,rioja,94,149.0,0
2013,segundo,salamanca,86,32.0,0
2013,segundo,santa cruz de tenerife,439,857.0,0
2013,segundo,segovia,37,37.0,0
2013,segundo,sevilla,873,1631.0,0
2013,segundo,soria,24,28.0,0
2013,segundo,tarragona,172,540.0,0
2013,segundo,teruel,23,34.0,0
2013,segundo,toledo,218,340.0,0
2013,segundo,valencia,839,2267.0,0
2013,segundo,valladolid,214,256.0,0
2013,segundo,vizcaya,206,549.0,0
2013,segundo,zamora,50,53.0,1
2013,segundo,zaragoza,237,650.0,1
2013,tercero,alava,46,208.0,0
2013,tercero,albacete,66,221.0,0
2013,tercero,alicante,632,1719.0,0
2013,tercero,almeria,188,541.0,0
2013,tercero,asturias,332,614.0,1
2013,tercero,avila,65,50.0,0
2013,tercero,badajoz,289,367.0,1
2013,tercero,barcelona,1304,3140.0,0
2013,tercero,burgos,81,151.0,0
2013,tercero,caceres,136,184.0,0
2013,tercero,cadiz,366,969.0,0
2013,tercero,cantabria,187,310.0,0
2013,tercero,castellon,147,421.0,0
2013,tercero,ciudad real,135,293.0,0
2013,tercero,cordoba,232,448.0,0
2013,tercero,coruña,287,485.0,0
2013,tercero,cuenca,84,161.0,0
2013,tercero,gerona,112,465.0,0
2013,tercero,granada,327,854.0,1
2013,tercero,guadalajara,87,172.0,1
2013,tercero,guipuzcoa,82,276.0,0
2013,tercero,huelva,161,490.0,0
2013,tercero,huesca,40,90.0,0
2013,tercero,islas baleares,333,1319.0,0
2013,tercero,jaen,178,369.0,0
2013,tercero,las palmas,455,1025.0,1
2013,tercero,leon,140,234.0,1
2013,tercero,lerida,60,235.0,0
2013,tercero,lugo,78,135.0,0
2013,tercero,madrid,3263,4988.0,2
2013,tercero,malaga,577,1914.0,1
2013,tercero,melilla,18,72.0,0
2013,tercero,murcia,373,1146.0,0
2013,tercero,navarra,171,311.0,0
2013,tercero,orense,71,136.0,1
2013,tercero,palencia,53,88.0,1
2013,tercero,pontevedra,222,623.0,0
2013,tercero,rioja,65,135.0,0
2013,tercero,salamanca,97,108.0,0
2013,tercero,santa cruz de tenerife,382,750.0,0
2013,tercero,segovia,26,77.0,0
2013,tercero,sevilla,884,1636.0,0
2013,tercero,soria,24,30.0,0
2013,tercero,tarragona,192,614.0,0
2013,tercero,teruel,28,30.0,0
2013,tercero,toledo,206,382.0,0
2013,tercero,valencia,760,2379.0,1
2013,tercero,valladolid,196,365.0,0
2013,tercero,vizcaya,178,568.0,0
2013,tercero,zamora,46,63.0,0
2013,tercero,zaragoza,244,689.0,0
2014,cuarto,alava,62,159.0,1
2014,cuarto,albacete,106,189.0,0
2014,cuarto,alicante,918,1466.0,0
2014,cuarto,almeria,246,509.0,0
2014,cuarto,asturias,353,610.0,0
2014,cuarto,avila,49,72.0,0
2014,cuarto,badajoz,211,347.0,0
2014,cuarto,barcelona,1809,3189.0,3
2014,cuarto,burgos,110,184.0,0
2014,cuarto,caceres,140,145.0,0
2014,cuarto,cadiz,514,974.0,0
2014,cuarto,cantabria,187,279.0,0
2014,cuarto,castellon,209,353.0,0
2014,cuarto,ciudad real,128,296.0,0
2014,cuarto,cordoba,284,405.0,0
2014,cuarto,coruña,174,507.0,0
2014,cuarto,cuenca,87,144.0,0
2014,cuarto,gerona,120,427.0,1
2014,cuarto,granada,361,825.0,0
2014,cuarto,guadalajara,96,179.0,0
2014,cuarto,guipuzcoa,137,241.0,0
2014,cuarto,huelva,210,384.0,0
2014,cuarto,huesca,37,52.0,0
2014,cuarto,islas baleares,321,1117.0,0
2014,cuarto,jaen,194,433.0,0
2014,cuarto,las palmas,563,922.0,0
2014,cuarto,leon,143,262.0,0
2014,cuarto,lerida,63,222.0,0
2014,cuarto,lugo,131,127.0,0
2014,cuarto,madrid,4147,4868.0,2
2014,cuarto,malaga,703,1499.0,0
2014,cuarto,melilla,31,74.0,1
2014,cuarto,murcia,453,1398.0,0
2014,cuarto,navarra,190,278.0,0
2014,cuarto,orense,68,132.0,0
2014,cuarto,palencia,68,37.0,0
2014,cuarto,pontevedra,408,550.0,0
2014,cuarto,rioja,112,132.0,0
2014,cuarto,salamanca,126,78.0,0
2014,cuarto,santa cruz de tenerife,473,794.0,0
2014,cuarto,segovia,51,43.0,0
2014,cuarto,sevilla,984,1652.0,0
2014,cuarto,soria,12,38.0,0
2014,cuarto,tarragona,184,470.0,0
2014,cuarto,teruel,30,44.0,0
2014,cuarto,toledo,277,419.0,0
2014,cuarto,valencia,1298,2101.0,2
2014,cuarto,valladolid,256,520.0,1
2014,cuarto,vizcaya,344,541.0,1
2014,cuarto,zamora,35,79.0,0
2014,cuarto,zaragoza,298,665.0,0
2014,primero,alava,82,155.0,0
2014,primero,albacete,87,200.0,0
2014,primero,alicante,667,1548.0,2
2014,primero,almeria,243,502.0,0
2014,primero,asturias,298,674.0,0
2014,primero,avila,61,69.0,0
2014,primero,badajoz,275,312.0,0
2014,primero,barcelona,1429,2894.0,4
2014,primero,burgos,110,151.0,0
2014,primero,caceres,129,152.0,0
2014,primero,cadiz,400,864.0,1
2014,primero,cantabria,189,268.0,0
2014,primero,castellon,172,329.0,0
2014,primero,ciudad real,121,294.0,0
2014,primero,cordoba,249,390.0,1
2014,primero,coruña,272,454.0,1
2014,primero,cuenca,68,155.0,0
2014,primero,gerona,105,423.0,0
2014,primero,granada,382,880.0,0
2014,primero,guadalajara,101,85.0,0
2014,primero,guipuzcoa,98,243.0,0
2014,primero,huelva,185,394.0,0
2014,primero,huesca,44,85.0,0
2014,primero,islas baleares,308,1008.0,1
2014,primero,jaen,195,433.0,0
2014,primero,las palmas,539,932.0,0
2014,primero,leon,117,234.0,0
2014,primero,lerida,62,216.0,0
2014,primero,lugo,90,140.0,1
2014,primero,madrid,3770,4730.0,3
2014,primero,malaga,601,1364.0,1
2014,primero,melilla,24,85.0,1
2014,primero,murcia,416,1060.0,0
2014,primero,navarra,180,368.0,0
2014,primero,orense,62,109.0,0
2014,primero,palencia,30,76.0,0
2014,primero,pontevedra,204,502.0,0
2014,primero,rioja,103,138.0,0
2014,primero,salamanca,123,83.0,0
2014,primero,santa cruz de tenerife,432,745.0,1
2014,primero,segovia,52,47.0,0
2014,primero,sevilla,790,1568.0,0
2014,primero,soria,19,33.0,0
2014,primero,tarragona,190,569.0,1
2014,primero,teruel,11,38.0,0
2014,primero,toledo,245,304.0,0
2014,primero,valencia,891,2255.0,0
2014,primero,valladolid,203,508.0,1
2014,primero,vizcaya,260,575.0,1
2014,primero,zamora,51,75.0,0
2014,primero,zaragoza,228,695.0,0
2014,segundo,alava,63,163.0,0
2014,segundo,albacete,87,206.0,0
2014,segundo,alicante,671,1656.0,0
2014,segundo,almeria,234,552.0,1
2014,segundo,asturias,318,634.0,0
2014,segundo,avila,58,57.0,0
2014,segundo,badajoz,191,299.0,0
2014,segundo,barcelona,1437,3117.0,1
2014,segundo,burgos,89,178.0,0
2014,segundo,caceres,120,181.0,0
2014,segundo,cadiz,383,1017.0,1
2014,segundo,cantabria,208,336.0,0
2014,segundo,castellon,165,419.0,0
2014,segundo,ciudad real,119,218.0,0
2014,segundo,cordoba,262,383.0,0
2014,segundo,coruña,248,463.0,1
2014,segundo,cuenca,57,172.0,0
2014,segundo,gerona,94,439.0,0
2014,segundo,granada,353,857.0,1
2014,segundo,guadalajara,64,146.0,0
2014,segundo,guipuzcoa,120,290.0,0
2014,segundo,huelva,193,391.0,0
2014,segundo,huesca,43,65.0,0
2014,segundo,islas baleares,352,1212.0,1
2014,segundo,jaen,203,441.0,0
2014,segundo,las palmas,505,922.0,0
2014,segundo,leon,118,219.0,1
2014,segundo,lerida,51,201.0,0
2014,segundo,lugo,93,165.0,1
2014,segundo,madrid,3820,4739.0,1
2014,segundo,malaga,685,1386.0,0
2014,segundo,melilla,32,80.0,0
2014,segundo,murcia,420,1322.0,0
2014,segundo,navarra,182,311.0,0
2014,segundo,orense,79,140.0,0
2014,segundo,palencia,52,39.0,0
2014,segundo,pontevedra,349,596.0,0
2014,segundo,rioja,94,173.0,0
2014,segundo,salamanca,100,99.0,0
2014,segundo,santa cruz de tenerife,379,755.0,0
2014,segundo,segovia,34,80.0,0
2014,segundo,sevilla,922,1640.0,0
2014,segundo,soria,12,36.0,0
2014,segundo,tarragona,216,589.0,1
2014,segundo,teruel,15,35.0,0
2014,segundo,toledo,222,306.0,0
2014,segundo,valencia,1006,2128.0,0
2014,segundo,valladolid,201,471.0,0
2014,segundo,vizcaya,287,591.0,0
2014,segundo,zamora,48,71.0,0
2014,segundo,zaragoza,285,713.0,0
2014,tercero,alava,69,186.0,0
2014,tercero,albacete,114,213.0,0
2014,tercero,alicante,850,1685.0,3
2014,tercero,almeria,273,521.0,1
2014,tercero,asturias,290,568.0,0
2014,tercero,avila,56,76.0,0
2014,tercero,badajoz,228,344.0,0
2014,tercero,barcelona,1619,3183.0,2
2014,tercero,burgos,101,167.0,0
2014,tercero,caceres,129,153.0,0
2014,tercero,cadiz,479,951.0,0
2014,tercero,cantabria,248,347.0,0
2014,tercero,castellon,203,410.0,0
2014,tercero,ciudad real,131,341.0,0
2014,tercero,cordoba,278,475.0,0
2014,tercero,coruña,209,504.0,0
2014,tercero,cuenca,69,129.0,0
2014,tercero,gerona,125,505.0,0
2014,tercero,granada,404,885.0,1
2014,tercero,guadalajara,93,150.0,0
2014,tercero,guipuzcoa,90,310.0,0
2014,tercero,huelva,189,431.0,0
2014,tercero,huesca,32,91.0,0
2014,tercero,islas baleares,407,1350.0,1
2014,tercero,jaen,178,398.0,0
2014,tercero,las palmas,554,1069.0,0
2014,tercero,leon,145,205.0,0
2014,tercero,lerida,58,258.0,0
2014,tercero,lugo,98,113.0,0
2014,tercero,madrid,4039,4933.0,1
2014,tercero,malaga,738,1674.0,2
2014,tercero,melilla,22,64.0,0
2014,tercero,murcia,503,1259.0,0
2014,tercero,navarra,222,371.0,0
2014,tercero,orense,72,125.0,0
2014,tercero,palencia,45,29.0,0
2014,tercero,pontevedra,344,582.0,2
2014,tercero,rioja,86,106.0,0
2014,tercero,salamanca,89,82.0,0
2014,tercero,santa cruz de tenerife,474,797.0,0
2014,tercero,segovia,54,46.0,0
2014,tercero,sevilla,979,1832.0,0
2014,tercero,soria,13,35.0,0
2014,tercero,tarragona,207,640.0,0
2014,tercero,teruel,16,40.0,0
2014,tercero,toledo,285,376.0,0
2014,tercero,valencia,1179,2285.0,0
2014,tercero,valladolid,162,563.0,0
2014,tercero,vizcaya,284,536.0,0
2014,tercero,zamora,64,90.0,0
2014,tercero,zaragoza,242,718.0,0
2015,cuarto,alava,123,222.0,0
2015,cuarto,albacete,92,196.0,0
2015,cuarto,alicante,963,1831.0,3
2015,cuarto,almeria,330,537.0,1
2015,cuarto,asturias,493,623.0,1
2015,cuarto,avila,81,74.0,0
2015,cuarto,badajoz,278,380.0,0
2015,cuarto,barcelona,2390,3448.0,0
2015,cuarto,burgos,135,160.0,0
2015,cuarto,caceres,215,250.0,0
2015,cuarto,cadiz,615,900.0,0
2015,cuarto,cantabria,287,420.0,0
2015,cuarto,castellon,258,367.0,0
2015,cuarto,ciudad real,146,366.0,0
2015,cuarto,cordoba,325,453.0,1
2015,cuarto,coruña,276,452.0,1
2015,cuarto,cuenca,127,127.0,0
2015,cuarto,gerona,201,535.0,0
2015,cuarto,granada,597,904.0,1
2015,cuarto,guadalajara,143,131.0,0
2015,cuarto,guipuzcoa,178,303.0,0
2015,cuarto,huelva,263,412.0,0
2015,cuarto,huesca,63,80.0,0
2015,cuarto,islas baleares,471,1007.0,0
2015,cuarto,jaen,218,365.0,0
2015,cuarto,las palmas,800,1043.0,1
2015,cuarto,leon,202,243.0,0
2015,cuarto,lerida,98,260.0,0
2015,cuarto,lugo,179,122.0,0
2015,cuarto,madrid,5229,4785.0,2
2015,cuarto,malaga,993,1594.0,0
2015,cuarto,melilla,25,99.0,0
2015,cuarto,murcia,690,1404.0,1
2015,cuarto,navarra,239,279.0,0
2015,cuarto,orense,67,117.0,0
2015,cuarto,palencia,68,64.0,1
2015,cuarto,pontevedra,607,563.0,4
2015,cuarto,rioja,125,189.0,0
2015,cuarto,salamanca,175,68.0,0
2015,cuarto,santa cruz de tenerife,807,1104.0,1
2015,cuarto,segovia,45,50.0,0
2015,cuarto,sevilla,1323,1739.0,3
2015,cuarto,soria,20,35.0,0
2015,cuarto,tarragona,341,530.0,0
2015,cuarto,teruel,39,31.0,0
2015,cuarto,toledo,404,374.0,0
2015,cuarto,valencia,1452,2500.0,1
2015,cuarto,valladolid,311,310.0,0
2015,cuarto,vizcaya,467,601.0,1
2015,cuarto,zamora,47,100.0,0
2015,cuarto,zaragoza,439,425.0,1
2015,primero,alava,78,191.0,0
2015,primero,albacete,100,201.0,0
2015,primero,alicante,807,1579.0,3
2015,primero,almeria,209,540.0,0
2015,primero,asturias,236,565.0,0
2015,primero,avila,54,56.0,0
2015,primero,badajoz,173,418.0,0
2015,primero,barcelona,1531,3100.0,1
2015,primero,burgos,110,147.0,0
2015,primero,caceres,101,155.0,1
2015,primero,cadiz,394,972.0,0
2015,primero,cantabria,138,252.0,0
2015,primero,castellon,163,357.0,0
2015,primero,ciudad real,102,240.0,0
2015,primero,cordoba,223,368.0,0
2015,primero,coruña,149,549.0,0
2015,primero,cuenca,63,136.0,0
2015,primero,gerona,106,417.0,0
2015,primero,granada,341,773.0,0
2015,primero,guadalajara,90,174.0,0
2015,primero,guipuzcoa,114,275.0,0
2015,primero,huelva,166,373.0,0
2015,primero,huesca,46,87.0,0
2015,primero,islas baleares,266,1106.0,0
2015,primero,jaen,180,368.0,0
2015,primero,las palmas,520,891.0,0
2015,primero,leon,134,214.0,0
2015,primero,lerida,70,189.0,1
2015,primero,lugo,93,116.0,0
2015,primero,madrid,3604,4284.0,0
2015,primero,malaga,584,1521.0,2
2015,primero,melilla,25,47.0,0
2015,primero,murcia,377,1098.0,0
2015,primero,navarra,156,339.0,0
2015,primero,orense,73,112.0,0
2015,primero,palencia,38,40.0,0
2015,primero,pontevedra,377,518.0,0
2015,primero,rioja,102,131.0,0
2015,primero,salamanca,101,80.0,0
2015,primero,santa cruz de tenerife,375,779.0,0
2015,primero,segovia,34,47.0,0
2015,primero,sevilla,808,1888.0,0
2015,primero,soria,5,34.0,0
2015,primero,tarragona,176,505.0,0
2015,primero,teruel,18,32.0,0
2015,primero,toledo,235,346.0,0
2015,primero,valencia,1082,2060.0,1
2015,primero,valladolid,215,327.0,0
2015,primero,vizcaya,230,572.0,0
2015,primero,zamora,74,75.0,0
2015,primero,zaragoza,264,649.0,0
2015,segundo,alava,76,179.0,1
2015,segundo,albacete,116,195.0,0
2015,segundo,alicante,1000,1581.0,1
2015,segundo,almeria,285,516.0,1
2015,segundo,asturias,356,572.0,0
2015,segundo,avila,65,69.0,0
2015,segundo,badajoz,220,425.0,0
2015,segundo,barcelona,2083,3291.0,1
2015,segundo,burgos,143,146.0,0
2015,segundo,caceres,122,159.0,0
2015,segundo,cadiz,528,908.0,0
2015,segundo,cantabria,206,321.0,1
2015,segundo,castellon,226,390.0,0
2015,segundo,ciudad real,127,237.0,0
2015,segundo,cordoba,265,421.0,0
2015,segundo,coruña,200,429.0,0
2015,segundo,cuenca,79,158.0,0
2015,segundo,gerona,164,482.0,0
2015,segundo,granada,455,895.0,0
2015,segundo,guadalajara,96,195.0,0
2015,segundo,guipuzcoa,145,295.0,0
2015,segundo,huelva,187,418.0,0
2015,segundo,huesca,43,60.0,0
2015,segundo,islas baleares,385,1168.0,0
2015,segundo,jaen,183,328.0,0
2015,segundo,las palmas,601,1018.0,0
2015,segundo,leon,145,246.0,0
2015,segundo,lerida,80,199.0,0
2015,segundo,lugo,105,160.0,0
2015,segundo,madrid,4355,4749.0,1
2015,segundo,malaga,795,1548.0,1
2015,segundo,melilla,37,77.0,0
2015,segundo,murcia,537,1222.0,0
2015,segundo,navarra,219,274.0,0
2015,segundo,orense,98,137.0,1
2015,segundo,palencia,58,52.0,0
2015,segundo,pontevedra,504,586.0,0
2015,segundo,rioja,102,138.0,0
2015,segundo,salamanca,137,71.0,0
2015,segundo,santa cruz de tenerife,487,833.0,0
2015,segundo,segovia,63,64.0,0
2015,segundo,sevilla,1104,1624.0,1
2015,segundo,soria,11,24.0,1
2015,segundo,tarragona,245,576.0,0
2015,segundo,teruel,26,43.0,0
2015,segundo,toledo,320,373.0,0
2015,segundo,valencia,1258,2335.0,0
2015,segundo,valladolid,275,478.0,0
2015,segundo,vizcaya,317,574.0,0
2015,segundo,zamora,68,60.0,0
2015,segundo,zaragoza,302,724.0,0
2015,tercero,alava,100,234.0,0
2015,tercero,albacete,136,205.0,0
2015,tercero,alicante,1053,1769.0,0
2015,tercero,almeria,313,713.0,0
2015,tercero,asturias,389,599.0,2
2015,tercero,avila,61,84.0,0
2015,tercero,badajoz,243,382.0,0
2015,tercero,barcelona,2092,3618.0,3
2015,tercero,burgos,150,168.0,0
2015,tercero,caceres,173,267.0,0
2015,tercero,cadiz,503,986.0,0
2015,tercero,cantabria,255,334.0,0
2015,tercero,castellon,224,411.0,0
2015,tercero,ciudad real,152,351.0,0
2015,tercero,cordoba,332,396.0,0
2015,tercero,coruña,294,495.0,0
2015,tercero,cuenca,95,167.0,1
2015,tercero,gerona,184,549.0,0
2015,tercero,granada,497,914.0,1
2015,tercero,guadalajara,136,169.0,0
2015,tercero,guipuzcoa,122,267.0,0
2015,tercero,huelva,246,413.0,0
2015,tercero,huesca,64,76.0,0
2015,tercero,islas baleares,504,1377.0,1
2015,tercero,jaen,244,421.0,1
2015,tercero,las palmas,731,1042.0,0
2015,tercero,leon,184,281.0,0
2015,tercero,lerida,71,256.0,0
2015,tercero,lugo,122,137.0,0
2015,tercero,madrid,4653,4709.0,1
2015,tercero,malaga,925,1514.0,1
2015,tercero,melilla,46,68.0,0
2015,tercero,murcia,659,1310.0,0
2015,tercero,navarra,222,299.0,0
2015,tercero,orense,80,139.0,0
2015,tercero,palencia,48,48.0,0
2015,tercero,pontevedra,491,578.0,2
2015,tercero,rioja,92,158.0,0
2015,tercero,salamanca,109,65.0,0
2015,tercero,santa cruz de tenerife,584,1048.0,1
2015,tercero,segovia,47,63.0,0
2015,tercero,sevilla,1083,1860.0,0
2015,tercero,soria,13,25.0,0
2015,tercero,tarragona,253,559.0,0
2015,tercero,teruel,27,37.0,0
2015,tercero,toledo,384,444.0,0
2015,tercero,valencia,1333,2214.0,2
2015,tercero,valladolid,345,474.0,0
2015,tercero,vizcaya,350,519.0,1
2015,tercero,zamora,48,102.0,0
2015,tercero,zaragoza,356,391.0,0
2016,cuarto,alava,104,186.0,0
2016,cuarto,albacete,124,201.0,0
2016,cuarto,alicante,747,1867.0,1
2016,cuarto,almeria,221,645.0,0
2016,cuarto,asturias,358,640.0,0
2016,cuarto,avila,75,72.0,1
2016,cuarto,badajoz,221,429.0,0
2016,cuarto,barcelona,1993,3438.0,1
2016,cuarto,burgos,143,203.0,1
2016,cuarto,caceres,123,224.0,0
2016,cuarto,cadiz,449,852.0,0
2016,cuarto,cantabria,167,362.0,0
2016,cuarto,castellon,196,399.0,0
2016,cuarto,ciudad real,120,379.0,0
2016,cuarto,cordoba,277,366.0,0
2016,cuarto,coruña,406,604.0,1
2016,cuarto,cuenca,67,92.0,0
2016,cuarto,gerona,150,461.0,0
2016,cuarto,granada,401,910.0,1
2016,cuarto,guadalajara,85,109.0,0
2016,cuarto,guipuzcoa,122,325.0,0
2016,cuarto,huelva,247,476.0,0
2016,cuarto,huesca,35,58.0,0
2016,cuarto,islas baleares,465,1285.0,1
2016,cuarto,jaen,212,432.0,0
2016,cuarto,las palmas,558,1136.0,1
2016,cuarto,leon,161,242.0,1
2016,cuarto,lerida,79,233.0,0
2016,cuarto,lugo,96,170.0,0
2016,cuarto,madrid,4525,5203.0,1
2016,cuarto,malaga,778,1745.0,0
2016,cuarto,melilla,22,99.0,0
2016,cuarto,murcia,539,1620.0,0
2016,cuarto,navarra,172,385.0,0
2016,cuarto,orense,92,183.0,0
2016,cuarto,palencia,54,61.0,0
2016,cuarto,pontevedra,325,551.0,1
2016,cuarto,rioja,98,166.0,0
2016,cuarto,salamanca,120,73.0,1
2016,cuarto,santa cruz de tenerife,526,890.0,0
2016,cuarto,segovia,49,93.0,0
2016,cuarto,sevilla,1030,1702.0,1
2016,cuarto,soria,19,41.0,0
2016,cuarto,tarragona,252,551.0,1
2016,cuarto,teruel,31,43.0,0
2016,cuarto,toledo,300,304.0,0
2016,cuarto,valencia,1283,2644.0,0
2016,cuarto,valladolid,235,333.0,0
2016,cuarto,vizcaya,307,617.0,0
2016,cuarto,zamora,38,69.0,0
2016,cuarto,zaragoza,334,728.0,0
2016,primero,alava,89,221.0,0
2016,primero,albacete,98,177.0,0
2016,primero,alicante,803,1538.0,0
2016,primero,almeria,276,663.0,0
2016,primero,asturias,448,645.0,2
2016,primero,avila,68,60.0,0
2016,primero,badajoz,233,360.0,1
2016,primero,barcelona,2010,3463.0,0
2016,primero,burgos,117,170.0,0
2016,primero,caceres,146,252.0,0
2016,primero,cadiz,481,956.0,0
2016,primero,cantabria,237,325.0,0
2016,primero,castellon,182,385.0,0
2016,primero,ciudad real,162,411.0,0
2016,primero,cordoba,305,356.0,0
2016,primero,coruña,334,546.0,0
2016,primero,cuenca,72,134.0,0
2016,primero,gerona,153,520.0,0
2016,primero,granada,462,975.0,0
2016,primero,guadalajara,131,199.0,1
2016,primero,guipuzcoa,141,297.0,0
2016,primero,huelva,189,440.0,0
2016,primero,huesca,56,65.0,0
2016,primero,islas baleares,473,1105.0,2
2016,primero,jaen,246,374.0,0
2016,primero,las palmas,601,1228.0,0
2016,primero,leon,210,206.0,0
2016,primero,lerida,75,292.0,0
2016,primero,lugo,97,135.0,1
2016,primero,madrid,4359,5150.0,1
2016,primero,malaga,793,1580.0,1
2016,primero,melilla,40,67.0,0
2016,primero,murcia,570,1522.0,0
2016,primero,navarra,237,364.0,0
2016,primero,orense,107,144.0,0
2016,primero,palencia,53,65.0,0
2016,primero,pontevedra,425,530.0,0
2016,primero,rioja,97,166.0,0
2016,primero,salamanca,132,75.0,0
2016,primero,santa cruz de tenerife,653,1195.0,0
2016,primero,segovia,44,42.0,0
2016,primero,sevilla,1052,1683.0,0
2016,primero,soria,24,25.0,0
2016,primero,tarragona,298,448.0,1
2016,primero,teruel,37,41.0,0
2016,primero,toledo,314,276.0,0
2016,primero,valencia,1426,2424.0,2
2016,primero,valladolid,221,318.0,0
2016,primero,vizcaya,341,715.0,0
2016,primero,zamora,72,81.0,0
2016,primero,zaragoza,346,508.0,1
2016,segundo,alava,88,255.0,0
2016,segundo,albacete,108,211.0,0
2016,segundo,alicante,869,1997.0,1
2016,segundo,almeria,253,706.0,0
2016,segundo,asturias,401,674.0,0
2016,segundo,avila,46,62.0,0
2016,segundo,badajoz,247,453.0,0
2016,segundo,barcelona,1962,3627.0,2
2016,segundo,burgos,181,169.0,0
2016,segundo,caceres,127,210.0,0
2016,segundo,cadiz,475,918.0,0
2016,segundo,cantabria,212,395.0,0
2016,segundo,castellon,216,428.0,0
2016,segundo,ciudad real,147,423.0,0
2016,segundo,cordoba,277,431.0,0
2016,segundo,coruña,440,498.0,0
2016,segundo,cuenca,65,169.0,0
2016,segundo,gerona,137,509.0,0
2016,segundo,granada,460,1007.0,0
2016,segundo,guadalajara,121,172.0,0
2016,segundo,guipuzcoa,128,324.0,0
2016,segundo,huelva,209,516.0,0
2016,segundo,huesca,56,75.0,0
2016,segundo,islas baleares,489,1209.0,1
2016,segundo,jaen,216,417.0,0
2016,segundo,las palmas,533,1196.0,0
2016,segundo,leon,174,254.0,0
2016,segundo,lerida,78,249.0,0
2016,segundo,lugo,110,196.0,1
2016,segundo,madrid,4466,5537.0,1
2016,segundo,malaga,762,1483.0,0
2016,segundo,melilla,18,100.0,0
2016,segundo,murcia,550,1610.0,0
2016,segundo,navarra,198,339.0,0
2016,segundo,orense,116,124.0,0
2016,segundo,palencia,50,56.0,0
2016,segundo,pontevedra,324,571.0,0
2016,segundo,rioja,95,178.0,0
2016,segundo,salamanca,126,68.0,1
2016,segundo,santa cruz de tenerife,541,1226.0,1
2016,segundo,segovia,44,55.0,0
2016,segundo,sevilla,1034,1976.0,1
2016,segundo,soria,20,26.0,0
2016,segundo,tarragona,246,494.0,0
2016,segundo,teruel,23,42.0,0
2016,segundo,toledo,294,262.0,0
2016,segundo,valencia,1351,2599.0,0
2016,segundo,valladolid,269,358.0,0
2016,segundo,vizcaya,324,674.0,0
2016,segundo,zamora,57,89.0,0
2016,segundo,zaragoza,340,702.0,1
2016,tercero,alava,106,222.0,0
2016,tercero,albacete,143,228.0,0
2016,tercero,alicante,1001,2094.0,1
2016,tercero,almeria,358,661.0,0
2016,tercero,asturias,452,788.0,0
2016,tercero,avila,89,47.0,0
2016,tercero,badajoz,327,513.0,0
2016,tercero,barcelona,2597,3854.0,1
2016,tercero,burgos,181,221.0,1
2016,tercero,caceres,178,192.0,0
2016,tercero,cadiz,692,1015.0,0
2016,tercero,cantabria,279,425.0,0
2016,tercero,castellon,273,420.0,1
2016,tercero,ciudad real,212,446.0,0
2016,tercero,cordoba,372,358.0,0
2016,tercero,coruña,511,545.0,0
2016,tercero,cuenca,101,148.0,0
2016,tercero,gerona,240,559.0,0
2016,tercero,granada,584,991.0,0
2016,tercero,guadalajara,157,187.0,0
2016,tercero,guipuzcoa,138,361.0,0
2016,tercero,huelva,280,500.0,1
2016,tercero,huesca,84,89.0,0
2016,tercero,islas baleares,628,1669.0,2
2016,tercero,jaen,278,475.0,0
2016,tercero,las palmas,638,1243.0,2
2016,tercero,leon,194,308.0,0
2016,tercero,lerida,90,274.0,0
2016,tercero,lugo,93,190.0,0
2016,tercero,madrid,5450,5645.0,0
2016,tercero,malaga,1081,1914.0,0
2016,tercero,melilla,39,145.0,1
2016,tercero,murcia,709,1550.0,0
2016,tercero,navarra,257,414.0,0
2016,tercero,orense,107,138.0,0
2016,tercero,palencia,74,74.0,0
2016,tercero,pontevedra,450,558.0,0
2016,tercero,rioja,108,180.0,0
2016,tercero,salamanca,158,97.0,0
2016,tercero,santa cruz de tenerife,626,1290.0,0
2016,tercero,segovia,47,69.0,0
2016,tercero,sevilla,1231,1889.0,0
2016,tercero,soria,22,16.0,0
2016,tercero,tarragona,361,574.0,0
2016,tercero,teruel,50,65.0,0
2016,tercero,toledo,434,377.0,0
2016,tercero,valencia,1572,2636.0,0
2016,tercero,valladolid,297,365.0,0
2016,tercero,vizcaya,378,567.0,1
2016,tercero,zamora,65,70.0,0
2016,tercero,zaragoza,386,746.0,1
2017,cuarto,alava,73,205.0,1
2017,cuarto,albacete,77,217.0,0
2017,cuarto,alicante,663,1992.0,1
2017,cuarto,almeria,190,796.0,1
2017,cuarto,asturias,367,698.0,0
2017,cuarto,avila,83,55.0,0
2017,cuarto,badajoz,158,438.0,0
2017,cuarto,barcelona,1817,3900.0,3
2017,cuarto,burgos,130,223.0,0
2017,cuarto,caceres,78,214.0,0
2017,cuarto,cadiz,396,946.0,0
2017,cuarto,cantabria,166,436.0,0
2017,cuarto,castellon,198,479.0,2
2017,cuarto,ciudad real,113,368.0,0
2017,cuarto,cordoba,230,464.0,0
2017,cuarto,coruña,371,570.0,0
2017,cuarto,cuenca,83,167.0,0
2017,cuarto,gerona,143,473.0,0
2017,cuarto,granada,306,947.0,0
2017,cuarto,guadalajara,88,159.0,1
2017,cuarto,guipuzcoa,127,287.0,0
2017,cuarto,huelva,160,563.0,0
2017,cuarto,huesca,60,86.0,0
2017,cuarto,islas baleares,387,1291.0,0
2017,cuarto,jaen,167,515.0,0
2017,cuarto,las palmas,530,1219.0,0
2017,cuarto,leon,154,229.0,0
2017,cuarto,lerida,77,325.0,0
2017,cuarto,lugo,53,138.0,0
2017,cuarto,madrid,3908,6915.0,0
2017,cuarto,malaga,647,1939.0,0
2017,cuarto,melilla,24,74.0,0
2017,cuarto,murcia,492,1949.0,0
2017,cuarto,navarra,217,403.0,0
2017,cuarto,orense,55,204.0,0
2017,cuarto,palencia,72,96.0,0
2017,cuarto,pontevedra,274,581.0,0
2017,cuarto,rioja,97,168.0,0
2017,cuarto,salamanca,144,155.0,0
2017,cuarto,santa cruz de tenerife,575,1038.0,1
2017,cuarto,segovia,37,69.0,0
2017,cuarto,sevilla,795,2234.0,0
2017,cuarto,soria,22,41.0,0
2017,cuarto,tarragona,224,741.0,0
2017,cuarto,teruel,29,38.0,0
2017,cuarto,toledo,238,420.0,0
2017,cuarto,valencia,1067,3057.0,1
2017,cuarto,valladolid,267,377.0,0
2017,cuarto,vizcaya,286,702.0,0
2017,cuarto,zamora,40,55.0,0
2017,cuarto,zaragoza,310,835.0,0
2017,primero,alava,97,248.0,0
2017,primero,albacete,114,190.0,0
2017,primero,alicante,897,2195.0,1
2017,primero,almeria,244,705.0,1
2017,primero,asturias,444,723.0,0
2017,primero,avila,103,90.0,0
2017,primero,badajoz,228,430.0,1
2017,primero,barcelona,2220,3954.0,2
2017,primero,burgos,127,177.0,0
2017,primero,caceres,110,234.0,0
2017,primero,cadiz,521,1009.0,0
2017,primero,cantabria,220,433.0,0
2017,primero,castellon,215,456.0,0
2017,primero,ciudad real,139,366.0,2
2017,primero,cordoba,284,412.0,0
2017,primero,coruña,462,648.0,0
2017,primero,cuenca,80,294.0,0
2017,primero,gerona,134,534.0,0
2017,primero,granada,438,975.0,0
2017,primero,guadalajara,90,115.0,0
2017,primero,guipuzcoa,159,359.0,0
2017,primero,huelva,228,557.0,0
2017,primero,huesca,51,73.0,0
2017,primero,islas baleares,385,1200.0,0
2017,primero,jaen,224,444.0,0
2017,primero,las palmas,619,1214.0,1
2017,primero,leon,156,258.0,0
2017,primero,lerida,84,318.0,0
2017,primero,lugo,89,152.0,0
2017,primero,madrid,4752,6467.0,2
2017,primero,malaga,842,2087.0,0
2017,primero,melilla,29,169.0,0
2017,primero,murcia,543,1744.0,0
2017,primero,navarra,251,450.0,1
2017,primero,orense,82,156.0,1
2017,primero,palencia,77,106.0,0
2017,primero,pontevedra,315,618.0,1
2017,primero,rioja,85,160.0,0
2017,primero,salamanca,137,189.0,0
2017,primero,santa cruz de tenerife,538,955.0,0
2017,primero,segovia,34,100.0,0
2017,primero,sevilla,1017,2352.0,0
2017,primero,soria,13,26.0,0
2017,primero,tarragona,291,911.0,0
2017,primero,teruel,38,58.0,0
2017,primero,toledo,307,453.0,3
2017,primero,valencia,1446,2850.0,2
2017,primero,valladolid,235,282.0,0
2017,primero,vizcaya,307,726.0,0
2017,primero,zamora,47,87.0,0
2017,primero,zaragoza,273,800.0,0
2017,segundo,alava,72,242.0,0
2017,segundo,albacete,103,192.0,0
2017,segundo,alicante,943,2337.0,0
2017,segundo,almeria,224,952.0,1
2017,segundo,asturias,424,666.0,0
2017,segundo,avila,80,75.0,0
2017,segundo,badajoz,209,507.0,0
2017,segundo,barcelona,2237,4230.0,2
2017,segundo,burgos,105,233.0,0
2017,segundo,caceres,114,238.0,0
2017,segundo,cadiz,449,1093.0,0
2017,segundo,cantabria,171,469.0,0
2017,segundo,castellon,231,464.0,0
2017,segundo,ciudad real,130,380.0,0
2017,segundo,cordoba,258,448.0,0
2017,segundo,coruña,475,641.0,0
2017,segundo,cuenca,61,188.0,0
2017,segundo,gerona,190,572.0,0
2017,segundo,granada,405,1085.0,1
2017,segundo,guadalajara,122,135.0,0
2017,segundo,guipuzcoa,155,320.0,0
2017,segundo,huelva,183,626.0,0
2017,segundo,huesca,52,135.0,0
2017,segundo,islas baleares,429,1390.0,0
2017,segundo,jaen,186,505.0,0
2017,segundo,las palmas,576,1173.0,1
2017,segundo,leon,165,279.0,0
2017,segundo,lerida,90,256.0,0
2017,segundo,lugo,66,288.0,0
2017,segundo,madrid,4863,6872.0,4
2017,segundo,malaga,796,2003.0,0
2017,segundo,melilla,24,81.0,0
2017,segundo,murcia,545,2006.0,1
2017,segundo,navarra,196,561.0,0
2017,segundo,orense,95,192.0,0
2017,segundo,palencia,89,96.0,0
2017,segundo,pontevedra,313,659.0,0
2017,segundo,rioja,102,200.0,0
2017,segundo,salamanca,124,156.0,0
2017,segundo,santa cruz de tenerife,594,965.0,1
2017,segundo,segovia,54,76.0,0
2017,segundo,sevilla,1002,2361.0,2
2017,segundo,soria,21,43.0,0
2017,segundo,tarragona,284,867.0,1
2017,segundo,teruel,24,57.0,0
2017,segundo,toledo,303,507.0,0
2017,segundo,valencia,1312,2926.0,0
2017,segundo,valladolid,285,343.0,0
2017,segundo,vizcaya,312,733.0,0
2017,segundo,zamora,48,88.0,0
2017,segundo,zaragoza,337,778.0,0
2017,tercero,alava,80,240.0,0
2017,tercero,albacete,90,221.0,0
2017,tercero,alicante,823,2471.0,0
2017,tercero,almeria,238,846.0,0
2017,tercero,asturias,392,624.0,0
2017,tercero,avila,105,80.0,0
2017,tercero,badajoz,179,495.0,0
2017,tercero,barcelona,2002,4141.0,0
2017,tercero,burgos,113,212.0,0
2017,tercero,caceres,112,231.0,0
2017,tercero,cadiz,487,990.0,0
2017,tercero,cantabria,233,570.0,0
2017,tercero,castellon,233,479.0,0
2017,tercero,ciudad real,110,327.0,0
2017,tercero,cordoba,247,479.0,0
2017,tercero,coruña,373,583.0,0
2017,tercero,cuenca,65,147.0,0
2017,tercero,gerona,178,552.0,0
2017,tercero,granada,376,1075.0,1
2017,tercero,guadalajara,103,149.0,0
2017,tercero,guipuzcoa,122,365.0,0
2017,tercero,huelva,178,648.0,0
2017,tercero,huesca,55,108.0,0
2017,tercero,islas baleares,440,1531.0,0
2017,tercero,jaen,207,536.0,0
2017,tercero,las palmas,587,1360.0,0
2017,tercero,leon,195,258.0,0
2017,tercero,lerida,66,345.0,0
2017,tercero,lugo,67,151.0,0
2017,tercero,madrid,4416,6705.0,1
2017,tercero,malaga,720,1825.0,0
2017,tercero,melilla,23,60.0,0
2017,tercero,murcia,558,2140.0,2
2017,tercero,navarra,189,422.0,0
2017,tercero,orense,72,195.0,0
2017,tercero,palencia,56,106.0,0
2017,tercero,pontevedra,311,660.0,0
2017,tercero,rioja,94,199.0,0
2017,tercero,salamanca,151,166.0,0
2017,tercero,santa cruz de tenerife,546,1079.0,1
2017,tercero,segovia,45,85.0,0
2017,tercero,sevilla,817,2154.0,0
2017,tercero,soria,14,27.0,0
2017,tercero,tarragona,255,833.0,0
2017,tercero,teruel,32,47.0,0
2017,tercero,toledo,293,551.0,0
2017,tercero,valencia,1194,3021.0,1
2017,tercero,valladolid,218,393.0,0
2017,tercero,vizcaya,294,765.0,1
2017,tercero,zamora,55,79.0,0
2017,tercero,zaragoza,273,845.0,0
2018,cuarto,alava,66,228.0,0
2018,cuarto,albacete,84,219.0,0
2018,cuarto,alicante,683,2091.0,0
2018,cuarto,almeria,215,1126.0,0
2018,cuarto,asturias,338,795.0,0
2018,cuarto,avila,38,87.0,0
2018,cuarto,badajoz,211,449.0,0
2018,cuarto,barcelona,2455,3921.0,1
2018,cuarto,burgos,119,172.0,0
2018,cuarto,caceres,120,195.0,0
2018,cuarto,cadiz,327,1078.0,0
2018,cuarto,cantabria,210,479.0,0
2018,cuarto,castellon,124,440.0,0
2018,cuarto,ciudad real,102,400.0,0
2018,cuarto,cordoba,221,456.0,0
2018,cuarto,coruña,303,725.0,0
2018,cuarto,cuenca,57,182.0,0
2018,cuarto,gerona,121,633.0,1
2018,cuarto,granada,309,1015.0,0
2018,cuarto,guadalajara,88,208.0,0
2018,cuarto,guipuzcoa,145,373.0,0
2018,cuarto,huelva,134,493.0,0
2018,cuarto,huesca,36,106.0,2
2018,cuarto,islas baleares,375,1356.0,1
2018,cuarto,jaen,132,538.0,0
2018,cuarto,las palmas,610,1168.0,0
2018,cuarto,leon,111,257.0,0
2018,cuarto,lerida,71,376.0,0
2018,cuarto,lugo,47,215.0,0
2018,cuarto,madrid,3523,6848.0,1
2018,cuarto,malaga,683,1935.0,0
2018,cuarto,melilla,18,87.0,0
2018,cuarto,murcia,467,1720.0,1
2018,cuarto,navarra,169,526.0,1
2018,cuarto,orense,92,227.0,0
2018,cuarto,palencia,34,75.0,0
2018,cuarto,pontevedra,225,607.0,0
2018,cuarto,rioja,67,217.0,0
2018,cuarto,salamanca,119,164.0,0
2018,cuarto,santa cruz de tenerife,533,960.0,0
2018,cuarto,segovia,56,88.0,0
2018,cuarto,sevilla,785,1847.0,1
2018,cuarto,soria,20,44.0,0
2018,cuarto,tarragona,231,763.0,0
2018,cuarto,teruel,25,32.0,0
2018,cuarto,toledo,262,523.0,0
2018,cuarto,valencia,1164,3207.0,0
2018,cuarto,valladolid,220,373.0,0
2018,cuarto,vizcaya,295,750.0,0
2018,cuarto,zamora,35,65.0,0
2018,cuarto,zaragoza,272,899.0,0
2018,primero,alava,72,235.0,0
2018,primero,albacete,115,190.0,0
2018,primero,alicante,749,2207.0,0
2018,primero,almeria,205,807.0,1
2018,primero,asturias,361,800.0,1
2018,primero,avila,69,66.0,0
2018,primero,badajoz,155,426.0,0
2018,primero,barcelona,1980,4142.0,0
2018,primero,burgos,149,228.0,0
2018,primero,caceres,152,184.0,0
2018,primero,cadiz,427,917.0,0
2018,primero,cantabria,170,521.0,0
2018,primero,castellon,201,423.0,0
2018,primero,ciudad real,117,399.0,0
2018,primero,cordoba,231,435.0,0
2018,primero,coruña,329,471.0,0
2018,primero,cuenca,51,161.0,0
2018,primero,gerona,151,466.0,0
2018,primero,granada,330,805.0,1
2018,primero,guadalajara,67,169.0,0
2018,primero,guipuzcoa,102,369.0,0
2018,primero,huelva,194,555.0,0
2018,primero,huesca,53,108.0,0
2018,primero,islas baleares,353,1170.0,0
2018,primero,jaen,165,487.0,0
2018,primero,las palmas,508,1125.0,0
2018,primero,leon,128,256.0,0
2018,primero,lerida,79,372.0,0
2018,primero,lugo,69,130.0,0
2018,primero,madrid,4105,6431.0,0
2018,primero,malaga,636,1893.0,1
2018,primero,melilla,24,122.0,0
2018,primero,murcia,505,2088.0,0
2018,primero,navarra,179,445.0,0
2018,primero,orense,58,177.0,0
2018,primero,palencia,67,74.0,0
2018,primero,pontevedra,302,476.0,0
2018,primero,rioja,71,174.0,0
2018,primero,salamanca,130,177.0,0
2018,primero,santa cruz de tenerife,564,976.0,1
2018,primero,segovia,57,72.0,0
2018,primero,sevilla,799,1964.0,0
2018,primero,soria,26,26.0,0
2018,primero,tarragona,212,760.0,0
2018,primero,teruel,31,71.0,0
2018,primero,toledo,273,440.0,2
2018,primero,valencia,999,2735.0,0
2018,primero,valladolid,257,282.0,0
2018,primero,vizcaya,296,822.0,0
2018,primero,zamora,43,67.0,0
2018,primero,zaragoza,302,690.0,0
2018,segundo,alava,98,252.0,1
2018,segundo,albacete,79,222.0,0
2018,segundo,alicante,836,2268.0,0
2018,segundo,almeria,251,1236.0,0
2018,segundo,asturias,335,749.0,0
2018,segundo,avila,89,82.0,0
2018,segundo,badajoz,204,427.0,0
2018,segundo,barcelona,2201,4139.0,1
2018,segundo,burgos,179,179.0,1
2018,segundo,caceres,94,195.0,0
2018,segundo,cadiz,429,1048.0,0
2018,segundo,cantabria,187,424.0,0
2018,segundo,castellon,183,421.0,0
2018,segundo,ciudad real,114,401.0,0
2018,segundo,cordoba,270,465.0,0
2018,segundo,coruña,357,742.0,0
2018,segundo,cuenca,57,159.0,0
2018,segundo,gerona,158,505.0,1
2018,segundo,granada,373,797.0,2
2018,segundo,guadalajara,91,176.0,0
2018,segundo,guipuzcoa,107,333.0,0
2018,segundo,huelva,218,616.0,0
2018,segundo,huesca,33,94.0,0
2018,segundo,islas baleares,379,1287.0,1
2018,segundo,jaen,178,521.0,0
2018,segundo,las palmas,613,1151.0,1
2018,segundo,leon,159,239.0,0
2018,segundo,lerida,60,355.0,0
2018,segundo,lugo,74,169.0,0
2018,segundo,madrid,4146,6698.0,0
2018,segundo,malaga,679,2092.0,0
2018,segundo,melilla,23,134.0,0
2018,segundo,murcia,558,2117.0,1
2018,segundo,navarra,146,455.0,0
2018,segundo,orense,70,189.0,0
2018,segundo,palencia,70,79.0,0
2018,segundo,pontevedra,256,625.0,1
2018,segundo,rioja,59,203.0,0
2018,segundo,salamanca,101,137.0,0
2018,segundo,santa cruz de tenerife,578,856.0,0
2018,segundo,segovia,62,104.0,0
2018,segundo,sevilla,850,2107.0,0
2018,segundo,soria,23,30.0,0
2018,segundo,tarragona,209,850.0,0
2018,segundo,teruel,23,57.0,0
2018,segundo,toledo,297,433.0,0
2018,segundo,valencia,1185,3060.0,0
2018,segundo,valladolid,260,356.0,0
2018,segundo,vizcaya,292,846.0,0
2018,segundo,zamora,44,97.0,0
2018,segundo,zaragoza,273,900.0,1
2018,tercero,alava,87,225.0,0
2018,tercero,albacete,89,270.0,0
2018,tercero,alicante,806,2280.0,1
2018,tercero,almeria,249,1183.0,1
2018,tercero,asturias,340,765.0,2
2018,tercero,avila,73,86.0,0
2018,tercero,badajoz,211,406.0,0
2018,tercero,barcelona,2911,4041.0,5
2018,tercero,burgos,127,211.0,0
2018,tercero,caceres,141,188.0,0
2018,tercero,cadiz,414,1113.0,0
2018,tercero,cantabria,204,576.0,0
2018,tercero,castellon,202,467.0,1
2018,tercero,ciudad real,136,522.0,0
2018,tercero,cordoba,253,470.0,0
2018,tercero,coruña,409,714.0,2
2018,tercero,cuenca,95,193.0,0
2018,tercero,gerona,164,557.0,0
2018,tercero,granada,340,938.0,2
2018,tercero,guadalajara,111,217.0,0
2018,tercero,guipuzcoa,142,377.0,0
2018,tercero,huelva,211,552.0,1
2018,tercero,huesca,58,133.0,0
2018,tercero,islas baleares,426,1539.0,0
2018,tercero,jaen,126,485.0,1
2018,tercero,las palmas,554,1129.0,0
2018,tercero,leon,154,250.0,1
2018,tercero,lerida,95,426.0,0
2018,tercero,lugo,64,195.0,0
2018,tercero,madrid,4346,6988.0,4
2018,tercero,malaga,783,2058.0,1
2018,tercero,melilla,21,106.0,0
2018,tercero,murcia,545,2325.0,0
2018,tercero,navarra,200,461.0,1
2018,tercero,orense,91,213.0,0
2018,tercero,palencia,66,79.0,0
2018,tercero,pontevedra,311,662.0,0
2018,tercero,rioja,132,245.0,0
2018,tercero,salamanca,132,177.0,0
2018,tercero,santa cruz de tenerife,594,977.0,1
2018,tercero,segovia,42,88.0,0
2018,tercero,sevilla,811,1827.0,0
2018,tercero,soria,23,38.0,0
2018,tercero,tarragona,253,792.0,0
2018,tercero,teruel,26,68.0,0
2018,tercero,toledo,347,468.0,0
2018,tercero,valencia,1163,3321.0,0
2018,tercero,valladolid,292,349.0,0
2018,tercero,vizcaya,269,830.0,1
2018,tercero,zamora,69,85.0,0
2018,tercero,zaragoza,321,895.0,1
2019,cuarto,alava,73,239.0,0
2019,cuarto,albacete,81,253.0,0
2019,cuarto,alicante,821,2479.0,1
2019,cuarto,almeria,204,894.0,0
2019,cuarto,asturias,334,715.0,0
2019,cuarto,avila,66,110.0,0
2019,cuarto,badajoz,159,389.0,0
2019,cuarto,barcelona,2531,3723.0,3
2019,cuarto,burgos,104,247.0,0
2019,cuarto,caceres,100,229.0,0
2019,cuarto,cadiz,362,1175.0,0
2019,cuarto,cantabria,180,497.0,0
2019,cuarto,castellon,272,559.0,0
2019,cuarto,ciudad real,131,460.0,0
2019,cuarto,cordoba,229,503.0,1
2019,cuarto,coruña,326,653.0,0
2019,cuarto,cuenca,65,194.0,0
2019,cuarto,gerona,138,628.0,0
2019,cuarto,granada,294,950.0,1
2019,cuarto,guadalajara,87,299.0,0
2019,cuarto,guipuzcoa,104,393.0,0
2019,cuarto,huelva,177,530.0,0
2019,cuarto,huesca,34,98.0,0
2019,cuarto,islas baleares,333,1851.0,0
2019,cuarto,jaen,154,541.0,0
2019,cuarto,las palmas,570,1408.0,0
2019,cuarto,leon,137,216.0,0
2019,cuarto,lerida,52,380.0,0
2019,cuarto,lugo,42,200.0,0
2019,cuarto,madrid,3635,6707.0,0
2019,cuarto,malaga,727,2088.0,0
2019,cuarto,melilla,20,80.0,0
2019,cuarto,murcia,424,1732.0,0
2019,cuarto,navarra,167,451.0,0
2019,cuarto,orense,57,114.0,0
2019,cuarto,palencia,57,83.0,0
2019,cuarto,pontevedra,234,561.0,0
2019,cuarto,rioja,90,194.0,0
2019,cuarto,salamanca,69,108.0,0
2019,cuarto,santa cruz de tenerife,537,959.0,1
2019,cuarto,segovia,54,99.0,0
2019,cuarto,sevilla,758,1744.0,0
2019,cuarto,soria,13,46.0,0
2019,cuarto,tarragona,206,831.0,0
2019,cuarto,teruel,22,52.0,0
2019,cuarto,toledo,289,409.0,0
2019,cuarto,valencia,1152,3108.0,0
2019,cuarto,valladolid,200,286.0,0
2019,cuarto,vizcaya,223,825.0,0
2019,cuarto,zamora,64,79.0,0
2019,cuarto,zaragoza,283,863.0,0
2019,primero,alava,71,246.0,0
2019,primero,albacete,76,215.0,0
2019,primero,alicante,624,2217.0,1
2019,primero,almeria,161,1083.0,0
2019,primero,asturias,332,742.0,0
2019,primero,avila,53,129.0,0
2019,primero,badajoz,124,426.0,0
2019,primero,barcelona,2383,3899.0,0
2019,primero,burgos,110,190.0,0
2019,primero,caceres,79,177.0,0
2019,primero,cadiz,310,1088.0,0
2019,primero,cantabria,173,452.0,1
2019,primero,castellon,134,426.0,0
2019,primero,ciudad real,104,441.0,0
2019,primero,cordoba,173,422.0,0
2019,primero,coruña,284,814.0,0
2019,primero,cuenca,53,161.0,0
2019,primero,gerona,138,557.0,0
2019,primero,granada,252,930.0,0
2019,primero,guadalajara,83,200.0,0
2019,primero,guipuzcoa,120,407.0,0
2019,primero,huelva,136,485.0,0
2019,primero,huesca,38,100.0,0
2019,primero,islas baleares,295,1202.0,0
2019,primero,jaen,121,453.0,0
2019,primero,las palmas,536,1306.0,1
2019,primero,leon,103,256.0,1
2019,primero,lerida,95,339.0,0
2019,primero,lugo,44,169.0,0
2019,primero,madrid,3599,6472.0,3
2019,primero,malaga,568,1833.0,2
2019,primero,melilla,17,78.0,0
2019,primero,murcia,370,1491.0,0
2019,primero,navarra,151,480.0,0
2019,primero,orense,44,161.0,0
2019,primero,palencia,28,66.0,0
2019,primero,pontevedra,205,592.0,1
2019,primero,rioja,88,203.0,0
2019,primero,salamanca,111,153.0,0
2019,primero,santa cruz de tenerife,436,940.0,2
2019,primero,segovia,51,100.0,0
2019,primero,sevilla,723,1889.0,1
2019,primero,soria,20,25.0,0
2019,primero,tarragona,217,634.0,1
2019,primero,teruel,15,51.0,0
2019,primero,toledo,246,502.0,0
2019,primero,valencia,1024,2983.0,0
2019,primero,valladolid,194,338.0,0
2019,primero,vizcaya,254,754.0,0
2019,primero,zamora,55,74.0,0
2019,primero,zaragoza,252,968.0,1
2019,segundo,alava,93,247.0,0
2019,segundo,albacete,70,227.0,0
2019,segundo,alicante,699,2247.0,1
2019,segundo,almeria,195,902.0,0
2019,segundo,asturias,315,697.0,0
2019,segundo,avila,66,96.0,0
2019,segundo,badajoz,192,411.0,0
2019,segundo,barcelona,2746,3742.0,1
2019,segundo,burgos,124,207.0,0
2019,segundo,caceres,142,221.0,0
2019,segundo,cadiz,362,1136.0,1
2019,segundo,cantabria,176,490.0,0
2019,segundo,castellon,165,412.0,1
2019,segundo,ciudad real,116,416.0,0
2019,segundo,cordoba,224,523.0,2
2019,segundo,coruña,332,611.0,0
2019,segundo,cuenca,61,193.0,0
2019,segundo,gerona,129,644.0,1
2019,segundo,granada,281,934.0,0
2019,segundo,guadalajara,96,177.0,0
2019,segundo,guipuzcoa,99,418.0,0
2019,segundo,huelva,160,586.0,1
2019,segundo,huesca,27,109.0,0
2019,segundo,islas baleares,366,1407.0,0
2019,segundo,jaen,171,570.0,1
2019,segundo,las palmas,565,1317.0,2
2019,segundo,leon,126,216.0,0
2019,segundo,lerida,53,369.0,0
2019,segundo,lugo,60,196.0,0
2019,segundo,madrid,3625,6208.0,1
2019,segundo,malaga,616,1920.0,1
2019,segundo,melilla,16,90.0,0
2019,segundo,murcia,395,1478.0,1
2019,segundo,navarra,142,455.0,0
2019,segundo,orense,46,227.0,0
2019,segundo,palencia,33,79.0,0
2019,segundo,pontevedra,205,573.0,0
2019,segundo,rioja,94,205.0,0
2019,segundo,salamanca,111,112.0,0
2019,segundo,santa cruz de tenerife,567,1154.0,1
2019,segundo,segovia,48,125.0,0
2019,segundo,sevilla,749,1791.0,0
2019,segundo,soria,26,38.0,0
2019,segundo,tarragona,202,747.0,0
2019,segundo,teruel,25,51.0,0
2019,segundo,toledo,263,460.0,0
2019,segundo,valencia,1122,3191.0,1
2019,segundo,valladolid,191,295.0,0
2019,segundo,vizcaya,261,784.0,0
2019,segundo,zamora,54,70.0,0
2019,segundo,zaragoza,283,721.0,0
2019,tercero,alava,72,258.0,0
2019,tercero,albacete,78,274.0,0
2019,tercero,alicante,860,2503.0,2
2019,tercero,almeria,209,980.0,1
2019,tercero,asturias,357,735.0,0
2019,tercero,avila,55,93.0,0
2019,tercero,badajoz,200,450.0,0
2019,tercero,barcelona,2774,3953.0,2
2019,tercero,burgos,129,232.0,2
2019,tercero,caceres,114,210.0,0
2019,tercero,cadiz,386,1086.0,0
2019,tercero,cantabria,172,565.0,1
2019,tercero,castellon,241,506.0,0
2019,tercero,ciudad real,110,427.0,0
2019,tercero,cordoba,196,485.0,1
2019,tercero,coruña,301,710.0,0
2019,tercero,cuenca,98,300.0,0
2019,tercero,gerona,151,767.0,0
2019,tercero,granada,367,969.0,0
2019,tercero,guadalajara,115,272.0,0
2019,tercero,guipuzcoa,113,478.0,0
2019,tercero,huelva,155,726.0,0
2019,tercero,huesca,51,107.0,0
2019,tercero,islas baleares,373,2033.0,1
2019,tercero,jaen,153,510.0,1
2019,tercero,las palmas,556,1402.0,1
2019,tercero,leon,140,250.0,0
2019,tercero,lerida,86,440.0,0
2019,tercero,lugo,60,188.0,1
2019,tercero,madrid,3547,6779.0,2
2019,tercero,malaga,700,2289.0,1
2019,tercero,melilla,34,140.0,0
2019,tercero,murcia,482,1725.0,0
2019,tercero,navarra,175,571.0,0
2019,tercero,orense,75,162.0,0
2019,tercero,palencia,56,95.0,0
2019,tercero,pontevedra,246,620.0,1
2019,tercero,rioja,108,220.0,0
2019,tercero,salamanca,88,135.0,0
2019,tercero,santa cruz de tenerife,522,1300.0,1
2019,tercero,segovia,47,97.0,0
2019,tercero,sevilla,764,1962.0,0
2019,tercero,soria,21,49.0,0
2019,tercero,tarragona,209,855.0,0
2019,tercero,teruel,24,50.0,0
2019,tercero,toledo,271,435.0,0
2019,tercero,valencia,1225,3301.0,0
2019,tercero,valladolid,253,404.0,0
2019,tercero,vizcaya,271,878.0,0
2019,tercero,zamora,51,72.0,0
2019,tercero,zaragoza,274,1074.0,0
2020,cuarto,alava,61,202.0,0
2020,cuarto,albacete,50,215.0,0
2020,cuarto,alicante,637,1897.0,0
2020,cuarto,almeria,142,786.0,0
2020,cuarto,asturias,284,522.0,0
2020,cuarto,avila,55,65.0,0
2020,cuarto,badajoz,168,380.0,0
2020,cuarto,barcelona,2307,3289.0,0
2020,cuarto,burgos,110,179.0,0
2020,cuarto,caceres,80,188.0,0
2020,cuarto,cadiz,374,1284.0,0
2020,cuarto,cantabria,151,368.0,0
2020,cuarto,castellon,214,491.0,0
2020,cuarto,ciudad real,118,303.0,1
2020,cuarto,cordoba,166,544.0,0
2020,cuarto,coruña,253,560.0,0
2020,cuarto,cuenca,56,151.0,0
2020,cuarto,gerona,117,604.0,1
2020,cuarto,granada,242,1081.0,0
2020,cuarto,guadalajara,110,321.0,0
2020,cuarto,guipuzcoa,101,334.0,0
2020,cuarto,huelva,104,546.0,0
2020,cuarto,huesca,35,98.0,0
2020,cuarto,islas baleares,362,1377.0,2
2020,cuarto,jaen,141,406.0,0
2020,cuarto,las palmas,575,1164.0,1
2020,cuarto,leon,102,235.0,0
2020,cuarto,lerida,54,322.0,0
2020,cuarto,lugo,70,183.0,0
2020,cuarto,madrid,3298,5715.0,1
2020,cuarto,malaga,587,1643.0,0
2020,cuarto,melilla,28,65.0,0
2020,cuarto,murcia,402,1498.0,0
2020,cuarto,navarra,137,418.0,0
2020,cuarto,orense,54,190.0,0
2020,cuarto,palencia,37,61.0,0
2020,cuarto,pontevedra,224,492.0,1
2020,cuarto,rioja,85,206.0,1
2020,cuarto,salamanca,88,90.0,0
2020,cuarto,santa cruz de tenerife,467,946.0,0
2020,cuarto,segovia,36,172.0,0
2020,cuarto,sevilla,652,1397.0,1
2020,cuarto,soria,23,46.0,0
2020,cuarto,tarragona,187,664.0,0
2020,cuarto,teruel,21,26.0,0
2020,cuarto,toledo,251,455.0,0
2020,cuarto,valencia,974,3126.0,1
2020,cuarto,valladolid,191,286.0,0
2020,cuarto,vizcaya,209,789.0,0
2020,cuarto,zamora,30,76.0,0
2020,cuarto,zaragoza,229,733.0,0
2020,primero,alava,95,230.0,0
2020,primero,albacete,94,193.0,0
2020,primero,alicante,751,2098.0,1
2020,primero,almeria,209,792.0,0
2020,primero,asturias,333,665.0,1
2020,primero,avila,73,67.0,0
2020,primero,badajoz,153,369.0,0
2020,primero,barcelona,2588,3292.0,3
2020,primero,burgos,106,224.0,0
2020,primero,caceres,73,177.0,0
2020,primero,cadiz,354,1177.0,0
2020,primero,cantabria,181,453.0,0
2020,primero,castellon,230,453.0,1
2020,primero,ciudad real,93,406.0,1
2020,primero,cordoba,190,563.0,1
2020,primero,coruña,346,598.0,0
2020,primero,cuenca,64,137.0,0
2020,primero,gerona,126,546.0,0
2020,primero,granada,327,923.0,2
2020,primero,guadalajara,84,178.0,0
2020,primero,guipuzcoa,86,329.0,0
2020,primero,huelva,157,509.0,0
2020,primero,huesca,37,86.0,0
2020,primero,islas baleares,307,1391.0,0
2020,primero,jaen,155,450.0,0
2020,primero,las palmas,537,1122.0,0
2020,primero,leon,124,191.0,0
2020,primero,lerida,59,321.0,0
2020,primero,lugo,51,176.0,2
2020,primero,madrid,3413,5575.0,1
2020,primero,malaga,711,1541.0,0
2020,primero,melilla,19,77.0,0
2020,primero,murcia,398,1499.0,0
2020,primero,navarra,183,475.0,0
2020,primero,orense,56,102.0,1
2020,primero,palencia,53,76.0,0
2020,primero,pontevedra,213,521.0,0
2020,primero,rioja,88,195.0,0
2020,primero,salamanca,93,120.0,0
2020,primero,santa cruz de tenerife,493,970.0,0
2020,primero,segovia,40,136.0,0
2020,primero,sevilla,799,1360.0,2
2020,primero,soria,4,32.0,0
2020,primero,tarragona,198,624.0,0
2020,primero,teruel,13,57.0,0
2020,primero,toledo,240,368.0,1
2020,primero,valencia,1102,2687.0,1
2020,primero,valladolid,244,301.0,0
2020,primero,vizcaya,263,728.0,1
2020,primero,zamora,42,60.0,0
2020,primero,zaragoza,302,565.0,0
2020,segundo,alava,85,197.0,0
2020,segundo,albacete,121,203.0,0
2020,segundo,alicante,1058,1806.0,1
2020,segundo,almeria,276,678.0,0
2020,segundo,asturias,485,697.0,0
2020,segundo,avila,89,67.0,0
2020,segundo,badajoz,242,312.0,0
2020,segundo,barcelona,4350,3085.0,1
2020,segundo,burgos,166,156.0,0
2020,segundo,caceres,114,208.0,0
2020,segundo,cadiz,547,1092.0,0
2020,segundo,cantabria,253,385.0,0
2020,segundo,castellon,333,391.0,0
2020,segundo,ciudad real,143,313.0,0
2020,segundo,cordoba,310,451.0,0
2020,segundo,coruña,459,627.0,0
2020,segundo,cuenca,93,166.0,0
2020,segundo,gerona,220,539.0,1
2020,segundo,granada,426,836.0,0
2020,segundo,guadalajara,133,243.0,0
2020,segundo,guipuzcoa,148,329.0,0
2020,segundo,huelva,180,616.0,0
2020,segundo,huesca,36,104.0,0
2020,segundo,islas baleares,590,1371.0,0
2020,segundo,jaen,237,433.0,1
2020,segundo,las palmas,853,1287.0,1
2020,segundo,leon,206,197.0,0
2020,segundo,lerida,111,316.0,0
2020,segundo,lugo,87,145.0,0
2020,segundo,madrid,5082,5103.0,0
2020,segundo,malaga,1094,1510.0,0
2020,segundo,melilla,41,72.0,0
2020,segundo,murcia,682,1378.0,0
2020,segundo,navarra,236,468.0,0
2020,segundo,orense,85,227.0,0
2020,segundo,palencia,72,51.0,0
2020,segundo,pontevedra,371,490.0,0
2020,segundo,rioja,88,183.0,0
2020,segundo,salamanca,138,87.0,0
2020,segundo,santa cruz de tenerife,682,917.0,0
2020,segundo,segovia,78,80.0,0
2020,segundo,sevilla,1135,1163.0,0
2020,segundo,soria,19,49.0,0
2020,segundo,tarragona,341,529.0,0
2020,segundo,teruel,25,42.0,0
2020,segundo,toledo,436,457.0,0
2020,segundo,valencia,1550,2761.0,0
2020,segundo,valladolid,369,241.0,0
2020,segundo,vizcaya,325,760.0,0
2020,segundo,zamora,59,57.0,0
2020,segundo,zaragoza,408,701.0,0
2020,tercero,alava,80,260.0,0
2020,tercero,albacete,114,332.0,1
2020,tercero,alicante,891,2354.0,0
2020,tercero,almeria,255,1109.0,0
2020,tercero,asturias,380,766.0,0
2020,tercero,avila,74,92.0,0
2020,tercero,badajoz,256,410.0,0
2020,tercero,barcelona,3279,3873.0,2
2020,tercero,burgos,109,209.0,0
2020,tercero,caceres,111,218.0,0
2020,tercero,cadiz,446,1474.0,3
2020,tercero,cantabria,182,462.0,1
2020,tercero,castellon,361,644.0,0
2020,tercero,ciudad real,144,478.0,0
2020,tercero,cordoba,221,481.0,0
2020,tercero,coruña,384,739.0,0
2020,tercero,cuenca,84,195.0,0
2020,tercero,gerona,161,688.0,0
2020,tercero,granada,433,1141.0,0
2020,tercero,guadalajara,100,207.0,0
2020,tercero,guipuzcoa,153,446.0,0
2020,tercero,huelva,195,732.0,0
2020,tercero,huesca,61,97.0,0
2020,tercero,islas baleares,421,1741.0,1
2020,tercero,jaen,200,600.0,0
2020,tercero,las palmas,654,1409.0,0
2020,tercero,leon,219,256.0,0
2020,tercero,lerida,81,446.0,0
2020,tercero,lugo,59,178.0,0
2020,tercero,madrid,4121,6070.0,1
2020,tercero,malaga,855,1962.0,0
2020,tercero,melilla,19,109.0,0
2020,tercero,murcia,592,1728.0,2
2020,tercero,navarra,191,435.0,0
2020,tercero,orense,102,270.0,0
2020,tercero,palencia,55,63.0,0
2020,tercero,pontevedra,296,580.0,0
2020,tercero,rioja,102,184.0,0
2020,tercero,salamanca,145,135.0,0
2020,tercero,santa cruz de tenerife,622,1111.0,2
2020,tercero,segovia,48,130.0,1
2020,tercero,sevilla,912,1567.0,0
2020,tercero,soria,46,48.0,0
2020,tercero,tarragona,319,788.0,0
2020,tercero,teruel,16,40.0,0
2020,tercero,toledo,287,448.0,0
2020,tercero,valencia,1332,3246.0,2
2020,tercero,valladolid,315,327.0,0
2020,tercero,vizcaya,278,751.0,0
2020,tercero,zamora,46,97.0,0
2020,tercero,zaragoza,328,728.0,0
2021,cuarto,alava,99,198.0,1
2021,cuarto,albacete,107,270.0,0
2021,cuarto,alicante,1071,2360.0,3
2021,cuarto,almeria,230,955.0,0
2021,cuarto,asturias,451,624.0,0
2021,cuarto,avila,71,109.0,0
2021,cuarto,badajoz,256,453.0,0
2021,cuarto,barcelona,3710,3821.0,1
2021,cuarto,burgos,130,215.0,0
2021,cuarto,caceres,128,248.0,0
2021,cuarto,cadiz,415,1387.0,2
2021,cuarto,cantabria,209,536.0,1
2021,cuarto,castellon,272,567.0,0
2021,cuarto,ciudad real,155,448.0,0
2021,cuarto,cordoba,203,558.0,0
2021,cuarto,coruña,386,648.0,0
2021,cuarto,cuenca,96,181.0,0
2021,cuarto,gerona,214,729.0,1
2021,cuarto,granada,378,1318.0,1
2021,cuarto,guadalajara,96,601.0,0
2021,cuarto,guipuzcoa,157,399.0,0
2021,cuarto,huelva,182,597.0,0
2021,cuarto,huesca,40,120.0,0
2021,cuarto,islas baleares,367,1629.0,0
2021,cuarto,jaen,222,520.0,0
2021,cuarto,las palmas,767,1332.0,0
2021,cuarto,leon,173,224.0,0
2021,cuarto,lerida,97,405.0,0
2021,cuarto,lugo,72,168.0,0
2021,cuarto,madrid,4515,6406.0,0
2021,cuarto,malaga,772,1653.0,0
2021,cuarto,melilla,29,73.0,0
2021,cuarto,murcia,587,1690.0,0
2021,cuarto,navarra,232,437.0,0
2021,cuarto,orense,82,202.0,0
2021,cuarto,palencia,41,85.0,0
2021,cuarto,pontevedra,332,538.0,0
2021,cuarto,rioja,97,234.0,0
2021,cuarto,salamanca,125,97.0,0
2021,cuarto,santa cruz de tenerife,696,956.0,0
2021,cuarto,segovia,58,165.0,0
2021,cuarto,sevilla,805,1655.0,0
2021,cuarto,soria,17,45.0,0
2021,cuarto,tarragona,318,680.0,0
2021,cuarto,teruel,34,47.0,0
2021,cuarto,toledo,307,476.0,0
2021,cuarto,valencia,1272,2978.0,1
2021,cuarto,valladolid,224,341.0,0
2021,cuarto,vizcaya,379,832.0,0
2021,cuarto,zamora,44,52.0,0
2021,cuarto,zaragoza,345,773.0,0
2021,primero,alava,68,177.0,0
2021,primero,albacete,70,231.0,0
2021,primero,alicante,753,1747.0,0
2021,primero,almeria,181,630.0,0
2021,primero,asturias,376,616.0,0
2021,primero,avila,69,90.0,0
2021,primero,badajoz,150,370.0,0
2021,primero,barcelona,2512,3348.0,0
2021,primero,burgos,87,201.0,0
2021,primero,caceres,96,169.0,0
2021,primero,cadiz,331,1058.0,0
2021,primero,cantabria,175,383.0,0
2021,primero,castellon,249,366.0,0
2021,primero,ciudad real,112,330.0,0
2021,primero,cordoba,212,568.0,0
2021,primero,coruña,349,596.0,0
2021,primero,cuenca,47,153.0,0
2021,primero,gerona,135,536.0,0
2021,primero,granada,269,1043.0,0
2021,primero,guadalajara,76,159.0,0
2021,primero,guipuzcoa,102,284.0,0
2021,primero,huelva,147,507.0,0
2021,primero,huesca,44,106.0,0
2021,primero,islas baleares,288,1147.0,0
2021,primero,jaen,134,408.0,0
2021,primero,las palmas,582,1076.0,0
2021,primero,leon,112,202.0,0
2021,primero,lerida,70,347.0,0
2021,primero,lugo,58,160.0,0
2021,primero,madrid,3272,5580.0,4
2021,primero,malaga,586,1519.0,0
2021,primero,melilla,16,81.0,0
2021,primero,murcia,452,1491.0,0
2021,primero,navarra,160,389.0,0
2021,primero,orense,72,165.0,0
2021,primero,palencia,34,65.0,0
2021,primero,pontevedra,245,513.0,0
2021,primero,rioja,82,170.0,0
2021,primero,salamanca,70,75.0,0
2021,primero,santa cruz de tenerife,513,919.0,0
2021,primero,segovia,35,103.0,0
2021,primero,sevilla,707,1338.0,0
2021,primero,soria,18,34.0,0
2021,primero,tarragona,207,537.0,0
2021,primero,teruel,20,39.0,0
2021,primero,toledo,269,501.0,0
2021,primero,valencia,1176,2681.0,0
2021,primero,valladolid,194,338.0,1
2021,primero,vizcaya,239,742.0,1
2021,primero,zamora,40,56.0,0
2021,primero,zaragoza,256,657.0,0
2021,segundo,alava,99,240.0,0
2021,segundo,albacete,122,247.0,0
2021,segundo,alicante,1063,2104.0,0
2021,segundo,almeria,259,680.0,1
2021,segundo,asturias,462,661.0,1
2021,segundo,avila,90,83.0,0
2021,segundo,badajoz,295,440.0,0
2021,segundo,barcelona,4038,3763.0,2
2021,segundo,burgos,108,191.0,0
2021,segundo,caceres,176,208.0,0
2021,segundo,cadiz,547,1219.0,0
2021,segundo,cantabria,259,474.0,0
2021,segundo,castellon,311,426.0,1
2021,segundo,ciudad real,142,333.0,0
2021,segundo,cordoba,281,692.0,0
2021,segundo,coruña,472,700.0,0
2021,segundo,cuenca,74,176.0,0
2021,segundo,gerona,208,613.0,1
2021,segundo,granada,394,1275.0,0
2021,segundo,guadalajara,138,389.0,1
2021,segundo,guipuzcoa,142,364.0,0
2021,segundo,huelva,183,655.0,0
2021,segundo,huesca,62,113.0,1
2021,segundo,islas baleares,472,1574.0,2
2021,segundo,jaen,207,535.0,1
2021,segundo,las palmas,925,1287.0,0
2021,segundo,leon,193,221.0,1
2021,segundo,lerida,106,326.0,0
2021,segundo,lugo,86,212.0,0
2021,segundo,madrid,5181,6504.0,2
2021,segundo,malaga,932,1735.0,0
2021,segundo,melilla,27,85.0,0
2021,segundo,murcia,708,1636.0,0
2021,segundo,navarra,244,446.0,0
2021,segundo,orense,90,185.0,0
2021,segundo,palencia,74,72.0,0
2021,segundo,pontevedra,367,552.0,0
2021,segundo,rioja,118,196.0,0
2021,segundo,salamanca,142,88.0,1
2021,segundo,santa cruz de tenerife,736,993.0,0
2021,segundo,segovia,75,139.0,0
2021,segundo,sevilla,1045,1530.0,1
2021,segundo,soria,24,39.0,0
2021,segundo,tarragona,345,698.0,2
2021,segundo,teruel,29,40.0,0
2021,segundo,toledo,354,506.0,0
2021,segundo,valencia,1692,3126.0,1
2021,segundo,valladolid,293,321.0,1
2021,segundo,vizcaya,409,799.0,0
2021,segundo,zamora,55,89.0,0
2021,segundo,zaragoza,481,741.0,1
2021,tercero,alava,84,205.0,0
2021,tercero,albacete,141,292.0,0
2021,tercero,alicante,1100,2391.0,1
2021,tercero,almeria,278,1035.0,0
2021,tercero,asturias,457,631.0,0
2021,tercero,avila,86,116.0,0
2021,tercero,badajoz,266,483.0,0
2021,tercero,barcelona,3875,4012.0,3
2021,tercero,burgos,102,250.0,0
2021,tercero,caceres,144,221.0,0
2021,tercero,cadiz,518,1542.0,0
2021,tercero,cantabria,240,505.0,0
2021,tercero,castellon,257,517.0,0
2021,tercero,ciudad real,149,437.0,0
2021,tercero,cordoba,222,571.0,0
2021,tercero,coruña,452,643.0,1
2021,tercero,cuenca,68,193.0,0
2021,tercero,gerona,208,752.0,0
2021,tercero,granada,333,1314.0,0
2021,tercero,guadalajara,100,284.0,0
2021,tercero,guipuzcoa,156,398.0,0
2021,tercero,huelva,230,759.0,0
2021,tercero,huesca,51,134.0,0
2021,tercero,islas baleares,446,2013.0,0
2021,tercero,jaen,193,536.0,0
2021,tercero,las palmas,804,1338.0,0
2021,tercero,leon,167,235.0,0
2021,tercero,lerida,96,449.0,0
2021,tercero,lugo,84,180.0,0
2021,tercero,madrid,4419,6964.0,1
2021,tercero,malaga,887,1954.0,2
2021,tercero,melilla,30,117.0,0
2021,tercero,murcia,674,1933.0,0
2021,tercero,navarra,276,358.0,1
2021,tercero,orense,78,189.0,0
2021,tercero,palencia,59,101.0,0
2021,tercero,pontevedra,338,608.0,0
2021,tercero,rioja,135,223.0,0
2021,tercero,salamanca,96,125.0,0
2021,tercero,santa cruz de tenerife,749,1101.0,0
2021,tercero,segovia,62,131.0,0
2021,tercero,sevilla,886,1579.0,1
2021,tercero,soria,20,48.0,0
2021,tercero,tarragona,354,841.0,1
2021,tercero,teruel,28,70.0,0
2021,tercero,toledo,374,611.0,0
2021,tercero,valencia,1541,3391.0,0
2021,tercero,valladolid,211,339.0,0
2021,tercero,vizcaya,367,719.0,0
2021,tercero,zamora,65,85.0,0
2021,tercero,zaragoza,434,1168.0,0
2022,cuarto,alava,107,318.0,0
2022,cuarto,albacete,99,227.0,1
2022,cuarto,alicante,861,2476.0,1
2022,cuarto,almeria,218,1083.0,0
2022,cuarto,asturias,627,762.0,1
2022,cuarto,avila,60,117.0,0
2022,cuarto,badajoz,265,474.0,0
2022,cuarto,barcelona,3503,3965.0,1
2022,cuarto,burgos,129,254.0,0
2022,cuarto,caceres,143,272.0,1
2022,cuarto,cadiz,425,1243.0,0
2022,cuarto,cantabria,267,579.0,0
2022,cuarto,castellon,259,910.0,0
2022,cuarto,ciudad real,130,421.0,0
2022,cuarto,cordoba,195,704.0,0
2022,cuarto,coruña,539,766.0,0
2022,cuarto,cuenca,81,167.0,0
2022,cuarto,gerona,169,715.0,0
2022,cuarto,granada,376,1332.0,0
2022,cuarto,guadalajara,94,177.0,0
2022,cuarto,guipuzcoa,165,340.0,0
2022,cuarto,huelva,164,638.0,0
2022,cuarto,huesca,104,135.0,0
2022,cuarto,islas baleares,405,1610.0,0
2022,cuarto,jaen,167,566.0,0
2022,cuarto,las palmas,991,1551.0,0
2022,cuarto,leon,193,280.0,0
2022,cuarto,lerida,100,420.0,1
2022,cuarto,lugo,111,176.0,0
2022,cuarto,madrid,5768,6485.0,3
2022,cuarto,malaga,793,2080.0,1
2022,cuarto,melilla,27,84.0,0
2022,cuarto,murcia,670,2025.0,1
2022,cuarto,navarra,278,740.0,0
2022,cuarto,orense,85,170.0,0
2022,cuarto,palencia,50,76.0,0
2022,cuarto,pontevedra,334,555.0,0
2022,cuarto,rioja,151,214.0,0
2022,cuarto,salamanca,97,103.0,0
2022,cuarto,santa cruz de tenerife,933,1113.0,0
2022,cuarto,segovia,57,130.0,0
2022,cuarto,sevilla,795,1865.0,1
2022,cuarto,soria,45,52.0,0
2022,cuarto,tarragona,320,730.0,0
2022,cuarto,teruel,42,68.0,0
2022,cuarto,toledo,369,565.0,1
2022,cuarto,valencia,1314,3125.0,0
2022,cuarto,valladolid,294,337.0,0
2022,cuarto,vizcaya,332,904.0,1
2022,cuarto,zamora,48,61.0,0
2022,cuarto,zaragoza,496,931.0,1
2022,primero,alava,108,197.0,0
2022,primero,albacete,109,248.0,0
2022,primero,alicante,862,2276.0,0
2022,primero,almeria,240,829.0,0
2022,primero,asturias,561,737.0,0
2022,primero,avila,74,85.0,0
2022,primero,badajoz,266,471.0,0
2022,primero,barcelona,3327,3506.0,2
2022,primero,burgos,93,210.0,0
2022,primero,caceres,105,229.0,0
2022,primero,cadiz,393,1495.0,0
2022,primero,cantabria,267,514.0,0
2022,primero,castellon,298,801.0,0
2022,primero,ciudad real,127,370.0,0
2022,primero,cordoba,180,677.0,0
2022,primero,coruña,484,646.0,0
2022,primero,cuenca,91,168.0,1
2022,primero,gerona,163,541.0,0
2022,primero,granada,303,1311.0,1
2022,primero,guadalajara,120,262.0,0
2022,primero,guipuzcoa,129,435.0,0
2022,primero,huelva,175,579.0,0
2022,primero,huesca,58,83.0,0
2022,primero,islas baleares,388,1443.0,0
2022,primero,jaen,181,548.0,0
2022,primero,las palmas,1062,1182.0,0
2022,primero,leon,150,231.0,0
2022,primero,lerida,82,366.0,0
2022,primero,lugo,82,185.0,0
2022,primero,madrid,5453,6534.0,1
2022,primero,malaga,703,1886.0,1
2022,primero,melilla,42,73.0,0
2022,primero,murcia,596,1730.0,1
2022,primero,navarra,241,458.0,1
2022,primero,orense,90,288.0,0
2022,primero,palencia,68,84.0,0
2022,primero,pontevedra,312,576.0,0
2022,primero,rioja,162,208.0,0
2022,primero,salamanca,95,115.0,0
2022,primero,santa cruz de tenerife,773,973.0,0
2022,primero,segovia,50,152.0,0
2022,primero,sevilla,734,1690.0,0
2022,primero,soria,22,43.0,0
2022,primero,tarragona,258,685.0,0
2022,primero,teruel,20,48.0,0
2022,primero,toledo,250,508.0,1
2022,primero,valencia,1192,3072.0,0
2022,primero,valladolid,198,308.0,0
2022,primero,vizcaya,297,816.0,0
2022,primero,zamora,42,51.0,0
2022,primero,zaragoza,520,842.0,0
2022,segundo,alava,122,264.0,0
2022,segundo,albacete,112,245.0,0
2022,segundo,alicante,969,2423.0,0
2022,segundo,almeria,235,1020.0,1
2022,segundo,asturias,767,773.0,0
2022,segundo,avila,57,118.0,0
2022,segundo,badajoz,315,555.0,0
2022,segundo,barcelona,3608,3890.0,1
2022,segundo,burgos,112,235.0,0
2022,segundo,caceres,219,330.0,0
2022,segundo,cadiz,450,1471.0,0
2022,segundo,cantabria,331,546.0,0
2022,segundo,castellon,323,1237.0,0
2022,segundo,ciudad real,132,406.0,1
2022,segundo,cordoba,229,675.0,1
2022,segundo,coruña,548,737.0,0
2022,segundo,cuenca,87,199.0,2
2022,segundo,gerona,159,699.0,1
2022,segundo,granada,349,1220.0,0
2022,segundo,guadalajara,122,286.0,0
2022,segundo,guipuzcoa,141,404.0,0
2022,segundo,huelva,201,589.0,0
2022,segundo,huesca,61,127.0,0
2022,segundo,islas baleares,433,1752.0,0
2022,segundo,jaen,173,568.0,0
2022,segundo,las palmas,994,1300.0,0
2022,segundo,leon,162,250.0,0
2022,segundo,lerida,87,454.0,0
2022,segundo,lugo,91,176.0,0
2022,segundo,madrid,6771,6958.0,1
2022,segundo,malaga,818,1956.0,1
2022,segundo,melilla,43,94.0,0
2022,segundo,murcia,905,2180.0,0
2022,segundo,navarra,315,498.0,0
2022,segundo,orense,96,335.0,0
2022,segundo,palencia,68,101.0,0
2022,segundo,pontevedra,371,565.0,0
2022,segundo,rioja,225,234.0,0
2022,segundo,salamanca,133,138.0,0
2022,segundo,santa cruz de tenerife,1005,1076.0,1
2022,segundo,segovia,61,117.0,0
2022,segundo,sevilla,844,1772.0,2
2022,segundo,soria,25,41.0,1
2022,segundo,tarragona,321,741.0,0
2022,segundo,teruel,29,74.0,0
2022,segundo,toledo,337,565.0,1
2022,segundo,valencia,1372,3249.0,1
2022,segundo,valladolid,275,353.0,0
2022,segundo,vizcaya,288,827.0,0
2022,segundo,zamora,59,47.0,0
2022,segundo,zaragoza,542,873.0,0
2022,tercero,alava,96,300.0,0
2022,tercero,albacete,154,279.0,0
2022,tercero,alicante,1132,2605.0,1
2022,tercero,almeria,255,1138.0,0
2022,tercero,asturias,680,814.0,0
2022,tercero,avila,89,117.0,0
2022,tercero,badajoz,308,502.0,0
2022,tercero,barcelona,4108,4238.0,1
2022,tercero,burgos,152,259.0,0
2022,tercero,caceres,192,323.0,0
2022,tercero,cadiz,528,1312.0,0
2022,tercero,cantabria,373,579.0,0
2022,tercero,castellon,345,951.0,0
2022,tercero,ciudad real,157,436.0,0
2022,tercero,cordoba,222,784.0,0
2022,tercero,coruña,598,783.0,0
2022,tercero,cuenca,83,232.0,0
2022,tercero,gerona,223,758.0,1
2022,tercero,granada,405,1462.0,1
2022,tercero,guadalajara,143,185.0,0
2022,tercero,guipuzcoa,135,387.0,0
2022,tercero,huelva,183,766.0,0
2022,tercero,huesca,113,154.0,0
2022,tercero,islas baleares,510,2195.0,0
2022,tercero,jaen,200,556.0,0
2022,tercero,las palmas,1152,1450.0,0
2022,tercero,leon,212,300.0,0
2022,tercero,lerida,93,515.0,0
2022,tercero,lugo,157,193.0,0
2022,tercero,madrid,7137,7821.0,2
2022,tercero,malaga,939,2354.0,0
2022,tercero,melilla,45,107.0,0
2022,tercero,murcia,941,1969.0,0
2022,tercero,navarra,384,656.0,0
2022,tercero,orense,127,242.0,0
2022,tercero,palencia,56,88.0,1
2022,tercero,pontevedra,467,636.0,0
2022,tercero,rioja,181,237.0,0
2022,tercero,salamanca,127,167.0,0
2022,tercero,santa cruz de tenerife,1117,1112.0,1
2022,tercero,segovia,74,169.0,0
2022,tercero,sevilla,945,1980.0,1
2022,tercero,soria,53,74.0,0
2022,tercero,tarragona,359,792.0,0
2022,tercero,teruel,39,81.0,0
2022,tercero,toledo,398,637.0,0
2022,tercero,valencia,1478,3441.0,0
2022,tercero,valladolid,296,297.0,1
2022,tercero,vizcaya,313,903.0,0
2022,tercero,zamora,66,105.0,0
2022,tercero,zaragoza,518,1038.0,1
2023,primero,alava,100,202.0,0
2023,primero,albacete,106,231.0,0
2023,primero,alicante,1036,2509.0,1
2023,primero,almeria,244,1040.0,0
2023,primero,asturias,643,838.0,0
2023,primero,avila,77,133.0,0
2023,primero,badajoz,292,640.0,0
2023,primero,barcelona,3918,3829.0,0
2023,primero,burgos,130,259.0,0
2023,primero,caceres,151,294.0,0
2023,primero,cadiz,430,1266.0,2
2023,primero,cantabria,303,625.0,0
2023,primero,castellon,303,1119.0,0
2023,primero,ciudad real,133,433.0,1
2023,primero,cordoba,272,656.0,0
2023,primero,coruña,587,686.0,0
2023,primero,cuenca,92,179.0,0
2023,primero,gerona,210,619.0,0
2023,primero,granada,392,1238.0,0
2023,primero,guadalajara,115,250.0,0
2023,primero,guipuzcoa,148,385.0,0
2023,primero,huelva,167,596.0,0
2023,primero,huesca,60,149.0,0
2023,primero,islas baleares,424,1688.0,0
2023,primero,jaen,191,559.0,0
2023,primero,las palmas,986,1428.0,0
2023,primero,leon,178,240.0,0
2023,primero,lerida,85,409.0,1
2023,primero,lugo,119,189.0,0
2023,primero,madrid,6503,6812.0,0
2023,primero,malaga,855,2064.0,1
2023,primero,melilla,22,103.0,0
2023,primero,murcia,772,2044.0,0
2023,primero,navarra,312,717.0,0
2023,primero,orense,130,227.0,0
2023,primero,palencia,55,168.0,0
2023,primero,pontevedra,422,645.0,1
2023,primero,rioja,205,231.0,0
2023,primero,salamanca,110,152.0,0
2023,primero,santa cruz de tenerife,1047,1124.0,1
2023,primero,segovia,58,218.0,0
2023,primero,sevilla,921,1927.0,1
2023,primero,soria,40,52.0,0
2023,primero,tarragona,318,743.0,0
2023,primero,teruel,47,60.0,0
2023,primero,toledo,331,496.0,0
2023,primero,valencia,1390,3584.0,0
2023,primero,valladolid,333,297.0,1
2023,primero,vizcaya,318,903.0,0
2023,primero,zamora,64,88.0,0
2023,primero,zaragoza,470,983.0,1
2023,segundo,alava,80,314.0,1
2023,segundo,albacete,118,270.0,0
2023,segundo,alicante,960,2680.0,0
2023,segundo,almeria,228,964.0,0
2023,segundo,asturias,542,742.0,0
2023,segundo,avila,65,137.0,1
2023,segundo,badajoz,315,671.0,0
2023,segundo,barcelona,4015,3929.0,3
2023,segundo,burgos,128,274.0,0
2023,segundo,caceres,167,329.0,0
2023,segundo,cadiz,472,1293.0,0
2023,segundo,cantabria,250,593.0,0
2023,segundo,castellon,257,995.0,0
2023,segundo,ciudad real,116,393.0,0
2023,segundo,cordoba,216,708.0,0
2023,segundo,coruña,554,692.0,0
2023,segundo,cuenca,92,200.0,0
2023,segundo,gerona,188,647.0,0
2023,segundo,granada,379,1623.0,1
2023,segundo,guadalajara,102,200.0,0
2023,segundo,guipuzcoa,169,409.0,1
2023,segundo,huelva,125,630.0,1
2023,segundo,huesca,73,167.0,0
2023,segundo,islas baleares,561,2012.0,0
2023,segundo,jaen,169,633.0,0
2023,segundo,las palmas,1063,1462.0,1
2023,segundo,leon,183,289.0,0
2023,segundo,lerida,128,509.0,0
2023,segundo,lugo,91,169.0,0
2023,segundo,madrid,6398,7303.0,2
2023,segundo,malaga,857,2319.0,1
2023,segundo,melilla,27,93.0,0
2023,segundo,murcia,732,1992.0,0
2023,segundo,navarra,306,677.0,0
2023,segundo,orense,128,177.0,0
2023,segundo,palencia,56,111.0,0
2023,segundo,pontevedra,432,669.0,1
2023,segundo,rioja,161,254.0,0
2023,segundo,salamanca,113,152.0,0
2023,segundo,santa cruz de tenerife,1040,1356.0,0
2023,segundo,segovia,81,149.0,0
2023,segundo,sevilla,850,1892.0,0
2023,segundo,soria,25,42.0,0
2023,segundo,tarragona,298,767.0,0
2023,segundo,teruel,42,77.0,0
2023,segundo,toledo,347,596.0,0
2023,segundo,valencia,1354,3210.0,0
2023,segundo,valladolid,279,321.0,0
2023,segundo,vizcaya,297,914.0,0
2023,segundo,zamora,60,109.0,0
2023,segundo,zaragoza,515,1113.0,0
2023,tercero,alava,97,,0
2023,tercero,albacete,148,,0
2023,tercero,alicante,1097,,1
2023,tercero,almeria,271,,1
2023,tercero,asturias,719,,0
2023,tercero,avila,89,,0
2023,tercero,badajoz,338,,0
2023,tercero,barcelona,4550,,1
2023,tercero,burgos,196,,0
2023,tercero,caceres,206,,0
2023,tercero,cadiz,511,,1
2023,tercero,cantabria,353,,0
2023,tercero,castellon,313,,1
2023,tercero,ciudad real,161,,0
2023,tercero,cordoba,287,,1
2023,tercero,coruña,642,,0
2023,tercero,cuenca,103,,0
2023,tercero,gerona,210,,2
2023,tercero,granada,417,,1
2023,tercero,guadalajara,176,,0
2023,tercero,guipuzcoa,177,,0
2023,tercero,huelva,205,,0
2023,tercero,huesca,106,,0
2023,tercero,islas baleares,677,,0
2023,tercero,jaen,191,,1
2023,tercero,las palmas,1083,,0
2023,tercero,leon,165,,0
2023,tercero,lerida,123,,0
2023,tercero,lugo,150,,0
2023,tercero,madrid,6636,,2
2023,tercero,malaga,922,,1
2023,tercero,melilla,38,,0
2023,tercero,murcia,899,,1
2023,tercero,navarra,313,,1
2023,tercero,orense,171,,0
2023,tercero,palencia,62,,0
2023,tercero,pontevedra,539,,0
2023,tercero,rioja,209,,1
2023,tercero,salamanca,159,,1
2023,tercero,santa cruz de tenerife,1141,,1
2023,tercero,segovia,76,,0
2023,tercero,sevilla,926,,2
2023,tercero,soria,39,,0
2023,tercero,tarragona,397,,2
2023,tercero,teruel,69,,0
2023,tercero,toledo,414,,1
2023,tercero,valencia,1633,,2
2023,tercero,valladolid,317,,0
2023,tercero,vizcaya,419,,0
2023,tercero,zamora,68,,0
2023,tercero,zaragoza,512,,0
