a√±o,trimestre,provincia,numero_ordenes_proteccion
2009,primero,almeria,82.0
2009,primero,cadiz,312.0
2009,primero,cordoba,125.0
2009,primero,granada,163.0
2009,primero,huelva,138.0
2009,primero,jaen,101.0
2009,primero,malaga,379.0
2009,primero,sevilla,509.0
2009,primero,huesca,20.0
2009,primero,teruel,19.0
2009,primero,zaragoza,140.0
2009,primero,asturias,191.0
2009,primero,illes balears,399.0
2009,primero,las palmas,417.0
2009,primero,santa cruz de tenerife,340.0
2009,primero,cantabria,111.0
2009,primero,avila,35.0
2009,primero,burgos,73.0
2009,primero,leon,109.0
2009,primero,palencia,31.0
2009,primero,salamanca,44.0
2009,primero,segovia,28.0
2009,primero,soria,17.0
2009,primero,valladolid,65.0
2009,primero,zamora,13.0
2009,primero,albacete,86.0
2009,primero,ciudad real,105.0
2009,primero,cuenca,47.0
2009,primero,guadalajara,68.0
2009,primero,toledo,176.0
2009,primero,barcelona,1147.0
2009,primero,girona,219.0
2009,primero,lleida,135.0
2009,primero,tarragona,260.0
2009,primero,alicante/alacant,608.0
2009,primero,castellon/castello,135.0
2009,primero,valencia/valencia,420.0
2009,primero,badajoz,104.0
2009,primero,caceres,56.0
2009,primero,a coruna,99.0
2009,primero,lugo,42.0
2009,primero,ourense,63.0
2009,primero,pontevedra,129.0
2009,primero,madrid,1540.0
2009,primero,murcia,466.0
2009,primero,navarra,97.0
2009,primero,araba/alava,49.0
2009,primero,gipuzkoa,73.0
2009,primero,bizkaia,125.0
2009,primero,la rioja,81.0
2009,primero,ceuta,31.0
2009,primero,melilla,4.0
2009,segundo,almeria,89.0
2009,segundo,cadiz,311.0
2009,segundo,cordoba,109.0
2009,segundo,granada,136.0
2009,segundo,huelva,155.0
2009,segundo,jaen,99.0
2009,segundo,malaga,385.0
2009,segundo,sevilla,547.0
2009,segundo,huesca,26.0
2009,segundo,teruel,17.0
2009,segundo,zaragoza,158.0
2009,segundo,asturias,217.0
2009,segundo,illes balears,383.0
2009,segundo,las palmas,470.0
2009,segundo,santa cruz de tenerife,303.0
2009,segundo,cantabria,87.0
2009,segundo,avila,34.0
2009,segundo,burgos,49.0
2009,segundo,leon,108.0
2009,segundo,palencia,29.0
2009,segundo,salamanca,47.0
2009,segundo,segovia,31.0
2009,segundo,soria,20.0
2009,segundo,valladolid,91.0
2009,segundo,zamora,20.0
2009,segundo,albacete,87.0
2009,segundo,ciudad real,129.0
2009,segundo,cuenca,56.0
2009,segundo,guadalajara,73.0
2009,segundo,toledo,259.0
2009,segundo,barcelona,1138.0
2009,segundo,girona,261.0
2009,segundo,lleida,73.0
2009,segundo,tarragona,258.0
2009,segundo,alicante/alacant,665.0
2009,segundo,castellon/castello,131.0
2009,segundo,valencia/valencia,437.0
2009,segundo,badajoz,124.0
2009,segundo,caceres,47.0
2009,segundo,a coruna,94.0
2009,segundo,lugo,38.0
2009,segundo,ourense,38.0
2009,segundo,pontevedra,148.0
2009,segundo,madrid,1687.0
2009,segundo,murcia,550.0
2009,segundo,navarra,103.0
2009,segundo,araba/alava,52.0
2009,segundo,gipuzkoa,91.0
2009,segundo,bizkaia,153.0
2009,segundo,la rioja,73.0
2009,segundo,ceuta,26.0
2009,segundo,melilla,5.0
2009,tercero,almeria,102.0
2009,tercero,cadiz,303.0
2009,tercero,cordoba,139.0
2009,tercero,granada,164.0
2009,tercero,huelva,173.0
2009,tercero,jaen,110.0
2009,tercero,malaga,373.0
2009,tercero,sevilla,554.0
2009,tercero,huesca,13.0
2009,tercero,teruel,11.0
2009,tercero,zaragoza,151.0
2009,tercero,asturias,224.0
2009,tercero,illes balears,424.0
2009,tercero,las palmas,398.0
2009,tercero,santa cruz de tenerife,314.0
2009,tercero,cantabria,111.0
2009,tercero,avila,30.0
2009,tercero,burgos,57.0
2009,tercero,leon,51.0
2009,tercero,palencia,29.0
2009,tercero,salamanca,48.0
2009,tercero,segovia,36.0
2009,tercero,soria,29.0
2009,tercero,valladolid,110.0
2009,tercero,zamora,13.0
2009,tercero,albacete,103.0
2009,tercero,ciudad real,161.0
2009,tercero,cuenca,36.0
2009,tercero,guadalajara,71.0
2009,tercero,toledo,236.0
2009,tercero,barcelona,1199.0
2009,tercero,girona,235.0
2009,tercero,lleida,71.0
2009,tercero,tarragona,282.0
2009,tercero,alicante/alacant,618.0
2009,tercero,castellon/castello,132.0
2009,tercero,valencia/valencia,512.0
2009,tercero,badajoz,144.0
2009,tercero,caceres,74.0
2009,tercero,a coruna,109.0
2009,tercero,lugo,46.0
2009,tercero,ourense,38.0
2009,tercero,pontevedra,164.0
2009,tercero,madrid,1812.0
2009,tercero,murcia,500.0
2009,tercero,navarra,87.0
2009,tercero,araba/alava,30.0
2009,tercero,gipuzkoa,89.0
2009,tercero,bizkaia,96.0
2009,tercero,la rioja,82.0
2009,tercero,ceuta,13.0
2009,tercero,melilla,2.0
2009,cuarto,almeria,90.0
2009,cuarto,cadiz,181.0
2009,cuarto,cordoba,125.0
2009,cuarto,granada,90.0
2009,cuarto,huelva,145.0
2009,cuarto,jaen,88.0
2009,cuarto,malaga,278.0
2009,cuarto,sevilla,463.0
2009,cuarto,huesca,25.0
2009,cuarto,teruel,9.0
2009,cuarto,zaragoza,118.0
2009,cuarto,asturias,201.0
2009,cuarto,illes balears,260.0
2009,cuarto,las palmas,453.0
2009,cuarto,santa cruz de tenerife,362.0
2009,cuarto,cantabria,90.0
2009,cuarto,avila,17.0
2009,cuarto,burgos,41.0
2009,cuarto,leon,78.0
2009,cuarto,palencia,18.0
2009,cuarto,salamanca,41.0
2009,cuarto,segovia,15.0
2009,cuarto,soria,6.0
2009,cuarto,valladolid,106.0
2009,cuarto,zamora,15.0
2009,cuarto,albacete,74.0
2009,cuarto,ciudad real,99.0
2009,cuarto,cuenca,41.0
2009,cuarto,guadalajara,80.0
2009,cuarto,toledo,194.0
2009,cuarto,barcelona,1013.0
2009,cuarto,girona,228.0
2009,cuarto,lleida,67.0
2009,cuarto,tarragona,201.0
2009,cuarto,alicante/alacant,528.0
2009,cuarto,castellon/castello,124.0
2009,cuarto,valencia/valencia,411.0
2009,cuarto,badajoz,117.0
2009,cuarto,caceres,48.0
2009,cuarto,a coruna,103.0
2009,cuarto,lugo,40.0
2009,cuarto,ourense,40.0
2009,cuarto,pontevedra,131.0
2009,cuarto,madrid,1531.0
2009,cuarto,murcia,462.0
2009,cuarto,navarra,79.0
2009,cuarto,araba/alava,20.0
2009,cuarto,gipuzkoa,73.0
2009,cuarto,bizkaia,138.0
2009,cuarto,la rioja,58.0
2009,cuarto,ceuta,11.0
2009,cuarto,melilla,3.0
2010,primero,almeria,99.0
2010,primero,cadiz,247.0
2010,primero,cordoba,87.0
2010,primero,granada,116.0
2010,primero,huelva,131.0
2010,primero,jaen,100.0
2010,primero,malaga,217.0
2010,primero,sevilla,408.0
2010,primero,huesca,20.0
2010,primero,teruel,19.0
2010,primero,zaragoza,115.0
2010,primero,asturias,199.0
2010,primero,illes balears,266.0
2010,primero,las palmas,475.0
2010,primero,santa cruz de tenerife,304.0
2010,primero,cantabria,84.0
2010,primero,avila,36.0
2010,primero,burgos,57.0
2010,primero,leon,97.0
2010,primero,palencia,27.0
2010,primero,salamanca,34.0
2010,primero,segovia,16.0
2010,primero,soria,20.0
2010,primero,valladolid,112.0
2010,primero,zamora,20.0
2010,primero,albacete,81.0
2010,primero,ciudad real,130.0
2010,primero,cuenca,40.0
2010,primero,guadalajara,66.0
2010,primero,toledo,236.0
2010,primero,barcelona,1063.0
2010,primero,girona,188.0
2010,primero,lleida,52.0
2010,primero,tarragona,221.0
2010,primero,alicante/alacant,499.0
2010,primero,castellon/castello,114.0
2010,primero,valencia/valencia,501.0
2010,primero,badajoz,132.0
2010,primero,caceres,46.0
2010,primero,a coruna,104.0
2010,primero,lugo,47.0
2010,primero,ourense,50.0
2010,primero,pontevedra,119.0
2010,primero,madrid,1450.0
2010,primero,murcia,427.0
2010,primero,navarra,63.0
2010,primero,araba/alava,16.0
2010,primero,gipuzkoa,69.0
2010,primero,bizkaia,113.0
2010,primero,la rioja,50.0
2010,primero,ceuta,15.0
2010,primero,melilla,2.0
2010,segundo,almeria,112.0
2010,segundo,cadiz,314.0
2010,segundo,cordoba,101.0
2010,segundo,granada,98.0
2010,segundo,huelva,161.0
2010,segundo,jaen,93.0
2010,segundo,malaga,252.0
2010,segundo,sevilla,481.0
2010,segundo,huesca,19.0
2010,segundo,teruel,15.0
2010,segundo,zaragoza,133.0
2010,segundo,asturias,208.0
2010,segundo,illes balears,424.0
2010,segundo,las palmas,400.0
2010,segundo,santa cruz de tenerife,269.0
2010,segundo,cantabria,77.0
2010,segundo,avila,28.0
2010,segundo,burgos,51.0
2010,segundo,leon,83.0
2010,segundo,palencia,22.0
2010,segundo,salamanca,23.0
2010,segundo,segovia,27.0
2010,segundo,soria,20.0
2010,segundo,valladolid,100.0
2010,segundo,zamora,14.0
2010,segundo,albacete,72.0
2010,segundo,ciudad real,108.0
2010,segundo,cuenca,24.0
2010,segundo,guadalajara,93.0
2010,segundo,toledo,234.0
2010,segundo,barcelona,1071.0
2010,segundo,girona,188.0
2010,segundo,lleida,73.0
2010,segundo,tarragona,238.0
2010,segundo,alicante/alacant,588.0
2010,segundo,castellon/castello,109.0
2010,segundo,valencia/valencia,525.0
2010,segundo,badajoz,161.0
2010,segundo,caceres,58.0
2010,segundo,a coruna,83.0
2010,segundo,lugo,50.0
2010,segundo,ourense,78.0
2010,segundo,pontevedra,140.0
2010,segundo,madrid,1582.0
2010,segundo,murcia,499.0
2010,segundo,navarra,82.0
2010,segundo,araba/alava,34.0
2010,segundo,gipuzkoa,73.0
2010,segundo,bizkaia,124.0
2010,segundo,la rioja,63.0
2010,segundo,ceuta,14.0
2010,segundo,melilla,1.0
2010,tercero,almeria,93.0
2010,tercero,cadiz,279.0
2010,tercero,cordoba,105.0
2010,tercero,granada,106.0
2010,tercero,huelva,165.0
2010,tercero,jaen,117.0
2010,tercero,malaga,287.0
2010,tercero,sevilla,460.0
2010,tercero,huesca,25.0
2010,tercero,teruel,13.0
2010,tercero,zaragoza,119.0
2010,tercero,asturias,207.0
2010,tercero,illes balears,363.0
2010,tercero,las palmas,310.0
2010,tercero,santa cruz de tenerife,327.0
2010,tercero,cantabria,88.0
2010,tercero,avila,25.0
2010,tercero,burgos,66.0
2010,tercero,leon,111.0
2010,tercero,palencia,16.0
2010,tercero,salamanca,20.0
2010,tercero,segovia,36.0
2010,tercero,soria,21.0
2010,tercero,valladolid,122.0
2010,tercero,zamora,12.0
2010,tercero,albacete,76.0
2010,tercero,ciudad real,125.0
2010,tercero,cuenca,31.0
2010,tercero,guadalajara,86.0
2010,tercero,toledo,166.0
2010,tercero,barcelona,1116.0
2010,tercero,girona,257.0
2010,tercero,lleida,70.0
2010,tercero,tarragona,276.0
2010,tercero,alicante/alacant,692.0
2010,tercero,castellon/castello,149.0
2010,tercero,valencia/valencia,475.0
2010,tercero,badajoz,144.0
2010,tercero,caceres,58.0
2010,tercero,a coruna,134.0
2010,tercero,lugo,57.0
2010,tercero,ourense,40.0
2010,tercero,pontevedra,119.0
2010,tercero,madrid,1570.0
2010,tercero,murcia,576.0
2010,tercero,navarra,87.0
2010,tercero,araba/alava,65.0
2010,tercero,gipuzkoa,88.0
2010,tercero,bizkaia,128.0
2010,tercero,la rioja,80.0
2010,tercero,ceuta,17.0
2010,tercero,melilla,0.0
2010,cuarto,almeria,62.0
2010,cuarto,cadiz,263.0
2010,cuarto,cordoba,90.0
2010,cuarto,granada,87.0
2010,cuarto,huelva,141.0
2010,cuarto,jaen,83.0
2010,cuarto,malaga,258.0
2010,cuarto,sevilla,382.0
2010,cuarto,huesca,13.0
2010,cuarto,teruel,11.0
2010,cuarto,zaragoza,101.0
2010,cuarto,asturias,204.0
2010,cuarto,illes balears,215.0
2010,cuarto,las palmas,333.0
2010,cuarto,santa cruz de tenerife,301.0
2010,cuarto,cantabria,80.0
2010,cuarto,avila,29.0
2010,cuarto,burgos,50.0
2010,cuarto,leon,104.0
2010,cuarto,palencia,15.0
2010,cuarto,salamanca,17.0
2010,cuarto,segovia,12.0
2010,cuarto,soria,23.0
2010,cuarto,valladolid,160.0
2010,cuarto,zamora,25.0
2010,cuarto,albacete,70.0
2010,cuarto,ciudad real,125.0
2010,cuarto,cuenca,35.0
2010,cuarto,guadalajara,52.0
2010,cuarto,toledo,204.0
2010,cuarto,barcelona,885.0
2010,cuarto,girona,189.0
2010,cuarto,lleida,70.0
2010,cuarto,tarragona,197.0
2010,cuarto,alicante/alacant,455.0
2010,cuarto,castellon/castello,140.0
2010,cuarto,valencia/valencia,465.0
2010,cuarto,badajoz,111.0
2010,cuarto,caceres,54.0
2010,cuarto,a coruna,81.0
2010,cuarto,lugo,47.0
2010,cuarto,ourense,50.0
2010,cuarto,pontevedra,143.0
2010,cuarto,madrid,1374.0
2010,cuarto,murcia,392.0
2010,cuarto,navarra,69.0
2010,cuarto,araba/alava,56.0
2010,cuarto,gipuzkoa,77.0
2010,cuarto,bizkaia,151.0
2010,cuarto,la rioja,68.0
2010,cuarto,ceuta,24.0
2010,cuarto,melilla,0.0
2011,primero,almeria,74.0
2011,primero,cadiz,224.0
2011,primero,cordoba,101.0
2011,primero,granada,107.0
2011,primero,huelva,110.0
2011,primero,jaen,86.0
2011,primero,malaga,313.0
2011,primero,sevilla,450.0
2011,primero,huesca,25.0
2011,primero,teruel,13.0
2011,primero,zaragoza,127.0
2011,primero,asturias,169.0
2011,primero,illes balears,213.0
2011,primero,las palmas,269.0
2011,primero,santa cruz de tenerife,293.0
2011,primero,cantabria,82.0
2011,primero,avila,28.0
2011,primero,burgos,60.0
2011,primero,leon,105.0
2011,primero,palencia,24.0
2011,primero,salamanca,27.0
2011,primero,segovia,18.0
2011,primero,soria,26.0
2011,primero,valladolid,96.0
2011,primero,zamora,17.0
2011,primero,albacete,74.0
2011,primero,ciudad real,87.0
2011,primero,cuenca,33.0
2011,primero,guadalajara,93.0
2011,primero,toledo,166.0
2011,primero,barcelona,878.0
2011,primero,girona,176.0
2011,primero,lleida,65.0
2011,primero,tarragona,216.0
2011,primero,alicante/alacant,580.0
2011,primero,castellon/castello,128.0
2011,primero,valencia/valencia,414.0
2011,primero,badajoz,162.0
2011,primero,caceres,50.0
2011,primero,a coruna,84.0
2011,primero,lugo,49.0
2011,primero,ourense,30.0
2011,primero,pontevedra,123.0
2011,primero,madrid,1445.0
2011,primero,murcia,493.0
2011,primero,navarra,66.0
2011,primero,araba/alava,36.0
2011,primero,gipuzkoa,89.0
2011,primero,bizkaia,94.0
2011,primero,la rioja,71.0
2011,primero,ceuta,38.0
2011,primero,melilla,0.0
2011,segundo,almeria,63.0
2011,segundo,cadiz,203.0
2011,segundo,cordoba,114.0
2011,segundo,granada,91.0
2011,segundo,huelva,147.0
2011,segundo,jaen,85.0
2011,segundo,malaga,246.0
2011,segundo,sevilla,507.0
2011,segundo,huesca,18.0
2011,segundo,teruel,21.0
2011,segundo,zaragoza,137.0
2011,segundo,asturias,193.0
2011,segundo,illes balears,206.0
2011,segundo,las palmas,359.0
2011,segundo,santa cruz de tenerife,299.0
2011,segundo,cantabria,76.0
2011,segundo,avila,40.0
2011,segundo,burgos,75.0
2011,segundo,leon,80.0
2011,segundo,palencia,19.0
2011,segundo,salamanca,20.0
2011,segundo,segovia,20.0
2011,segundo,soria,21.0
2011,segundo,valladolid,79.0
2011,segundo,zamora,11.0
2011,segundo,albacete,94.0
2011,segundo,ciudad real,107.0
2011,segundo,cuenca,48.0
2011,segundo,guadalajara,26.0
2011,segundo,toledo,186.0
2011,segundo,barcelona,1000.0
2011,segundo,girona,194.0
2011,segundo,lleida,65.0
2011,segundo,tarragona,212.0
2011,segundo,alicante/alacant,646.0
2011,segundo,castellon/castello,149.0
2011,segundo,valencia/valencia,434.0
2011,segundo,badajoz,93.0
2011,segundo,caceres,34.0
2011,segundo,a coruna,95.0
2011,segundo,lugo,49.0
2011,segundo,ourense,37.0
2011,segundo,pontevedra,105.0
2011,segundo,madrid,1469.0
2011,segundo,murcia,363.0
2011,segundo,navarra,80.0
2011,segundo,araba/alava,84.0
2011,segundo,gipuzkoa,79.0
2011,segundo,bizkaia,73.0
2011,segundo,la rioja,70.0
2011,segundo,ceuta,34.0
2011,segundo,melilla,2.0
2011,tercero,almeria,83.0
2011,tercero,cadiz,260.0
2011,tercero,cordoba,119.0
2011,tercero,granada,102.0
2011,tercero,huelva,125.0
2011,tercero,jaen,105.0
2011,tercero,malaga,250.0
2011,tercero,sevilla,448.0
2011,tercero,huesca,24.0
2011,tercero,teruel,20.0
2011,tercero,zaragoza,141.0
2011,tercero,asturias,190.0
2011,tercero,illes balears,244.0
2011,tercero,las palmas,376.0
2011,tercero,santa cruz de tenerife,333.0
2011,tercero,cantabria,74.0
2011,tercero,avila,60.0
2011,tercero,burgos,63.0
2011,tercero,leon,78.0
2011,tercero,palencia,38.0
2011,tercero,salamanca,15.0
2011,tercero,segovia,21.0
2011,tercero,soria,22.0
2011,tercero,valladolid,82.0
2011,tercero,zamora,27.0
2011,tercero,albacete,98.0
2011,tercero,ciudad real,110.0
2011,tercero,cuenca,46.0
2011,tercero,guadalajara,58.0
2011,tercero,toledo,157.0
2011,tercero,barcelona,1079.0
2011,tercero,girona,238.0
2011,tercero,lleida,68.0
2011,tercero,tarragona,247.0
2011,tercero,alicante/alacant,671.0
2011,tercero,castellon/castello,112.0
2011,tercero,valencia/valencia,438.0
2011,tercero,badajoz,153.0
2011,tercero,caceres,64.0
2011,tercero,a coruna,105.0
2011,tercero,lugo,60.0
2011,tercero,ourense,42.0
2011,tercero,pontevedra,113.0
2011,tercero,madrid,1487.0
2011,tercero,murcia,441.0
2011,tercero,navarra,68.0
2011,tercero,araba/alava,61.0
2011,tercero,gipuzkoa,87.0
2011,tercero,bizkaia,103.0
2011,tercero,la rioja,65.0
2011,tercero,ceuta,10.0
2011,tercero,melilla,0.0
2011,cuarto,almeria,49.0
2011,cuarto,cadiz,288.0
2011,cuarto,cordoba,113.0
2011,cuarto,granada,89.0
2011,cuarto,huelva,129.0
2011,cuarto,jaen,83.0
2011,cuarto,malaga,270.0
2011,cuarto,sevilla,378.0
2011,cuarto,huesca,31.0
2011,cuarto,teruel,14.0
2011,cuarto,zaragoza,138.0
2011,cuarto,asturias,217.0
2011,cuarto,illes balears,168.0
2011,cuarto,las palmas,309.0
2011,cuarto,santa cruz de tenerife,240.0
2011,cuarto,cantabria,71.0
2011,cuarto,avila,24.0
2011,cuarto,burgos,70.0
2011,cuarto,leon,125.0
2011,cuarto,palencia,12.0
2011,cuarto,salamanca,14.0
2011,cuarto,segovia,22.0
2011,cuarto,soria,17.0
2011,cuarto,valladolid,96.0
2011,cuarto,zamora,21.0
2011,cuarto,albacete,73.0
2011,cuarto,ciudad real,91.0
2011,cuarto,cuenca,23.0
2011,cuarto,guadalajara,51.0
2011,cuarto,toledo,157.0
2011,cuarto,barcelona,952.0
2011,cuarto,girona,236.0
2011,cuarto,lleida,55.0
2011,cuarto,tarragona,201.0
2011,cuarto,alicante/alacant,565.0
2011,cuarto,castellon/castello,115.0
2011,cuarto,valencia/valencia,459.0
2011,cuarto,badajoz,134.0
2011,cuarto,caceres,81.0
2011,cuarto,a coruna,113.0
2011,cuarto,lugo,35.0
2011,cuarto,ourense,82.0
2011,cuarto,pontevedra,127.0
2011,cuarto,madrid,1323.0
2011,cuarto,murcia,336.0
2011,cuarto,navarra,72.0
2011,cuarto,araba/alava,63.0
2011,cuarto,gipuzkoa,85.0
2011,cuarto,bizkaia,99.0
2011,cuarto,la rioja,50.0
2011,cuarto,ceuta,11.0
2011,cuarto,melilla,0.0
2012,primero,almeria,80.0
2012,primero,cadiz,331.0
2012,primero,cordoba,106.0
2012,primero,granada,91.0
2012,primero,huelva,117.0
2012,primero,jaen,100.0
2012,primero,malaga,288.0
2012,primero,sevilla,373.0
2012,primero,huesca,13.0
2012,primero,teruel,11.0
2012,primero,zaragoza,117.0
2012,primero,asturias,163.0
2012,primero,illes balears,179.0
2012,primero,las palmas,268.0
2012,primero,santa cruz de tenerife,224.0
2012,primero,cantabria,83.0
2012,primero,avila,27.0
2012,primero,burgos,46.0
2012,primero,leon,110.0
2012,primero,palencia,14.0
2012,primero,salamanca,20.0
2012,primero,segovia,19.0
2012,primero,soria,13.0
2012,primero,valladolid,100.0
2012,primero,zamora,21.0
2012,primero,albacete,66.0
2012,primero,ciudad real,107.0
2012,primero,cuenca,41.0
2012,primero,guadalajara,46.0
2012,primero,toledo,141.0
2012,primero,barcelona,1004.0
2012,primero,girona,204.0
2012,primero,lleida,59.0
2012,primero,tarragona,206.0
2012,primero,alicante/alacant,437.0
2012,primero,castellon/castello,125.0
2012,primero,valencia/valencia,456.0
2012,primero,badajoz,124.0
2012,primero,caceres,82.0
2012,primero,a coruna,104.0
2012,primero,lugo,53.0
2012,primero,ourense,80.0
2012,primero,pontevedra,136.0
2012,primero,madrid,1347.0
2012,primero,murcia,297.0
2012,primero,navarra,55.0
2012,primero,araba/alava,27.0
2012,primero,gipuzkoa,61.0
2012,primero,bizkaia,80.0
2012,primero,la rioja,61.0
2012,primero,ceuta,30.0
2012,primero,melilla,0.0
2012,segundo,almeria,111.0
2012,segundo,cadiz,304.0
2012,segundo,cordoba,105.0
2012,segundo,granada,99.0
2012,segundo,huelva,149.0
2012,segundo,jaen,106.0
2012,segundo,malaga,284.0
2012,segundo,sevilla,409.0
2012,segundo,huesca,25.0
2012,segundo,teruel,22.0
2012,segundo,zaragoza,122.0
2012,segundo,asturias,195.0
2012,segundo,illes balears,213.0
2012,segundo,las palmas,308.0
2012,segundo,santa cruz de tenerife,315.0
2012,segundo,cantabria,95.0
2012,segundo,avila,30.0
2012,segundo,burgos,43.0
2012,segundo,leon,148.0
2012,segundo,palencia,20.0
2012,segundo,salamanca,15.0
2012,segundo,segovia,20.0
2012,segundo,soria,12.0
2012,segundo,valladolid,94.0
2012,segundo,zamora,17.0
2012,segundo,albacete,64.0
2012,segundo,ciudad real,96.0
2012,segundo,cuenca,66.0
2012,segundo,guadalajara,63.0
2012,segundo,toledo,114.0
2012,segundo,barcelona,1066.0
2012,segundo,girona,216.0
2012,segundo,lleida,63.0
2012,segundo,tarragona,244.0
2012,segundo,alicante/alacant,583.0
2012,segundo,castellon/castello,108.0
2012,segundo,valencia/valencia,511.0
2012,segundo,badajoz,138.0
2012,segundo,caceres,75.0
2012,segundo,a coruna,90.0
2012,segundo,lugo,45.0
2012,segundo,ourense,77.0
2012,segundo,pontevedra,157.0
2012,segundo,madrid,1416.0
2012,segundo,murcia,286.0
2012,segundo,navarra,69.0
2012,segundo,araba/alava,62.0
2012,segundo,gipuzkoa,74.0
2012,segundo,bizkaia,106.0
2012,segundo,la rioja,65.0
2012,segundo,ceuta,22.0
2012,segundo,melilla,2.0
2012,tercero,almeria,85.0
2012,tercero,cadiz,253.0
2012,tercero,cordoba,116.0
2012,tercero,granada,107.0
2012,tercero,huelva,108.0
2012,tercero,jaen,91.0
2012,tercero,malaga,267.0
2012,tercero,sevilla,532.0
2012,tercero,huesca,22.0
2012,tercero,teruel,13.0
2012,tercero,zaragoza,151.0
2012,tercero,asturias,205.0
2012,tercero,illes balears,280.0
2012,tercero,las palmas,284.0
2012,tercero,santa cruz de tenerife,383.0
2012,tercero,cantabria,71.0
2012,tercero,avila,30.0
2012,tercero,burgos,53.0
2012,tercero,leon,89.0
2012,tercero,palencia,25.0
2012,tercero,salamanca,11.0
2012,tercero,segovia,20.0
2012,tercero,soria,10.0
2012,tercero,valladolid,113.0
2012,tercero,zamora,20.0
2012,tercero,albacete,64.0
2012,tercero,ciudad real,104.0
2012,tercero,cuenca,88.0
2012,tercero,guadalajara,75.0
2012,tercero,toledo,123.0
2012,tercero,barcelona,1064.0
2012,tercero,girona,231.0
2012,tercero,lleida,70.0
2012,tercero,tarragona,198.0
2012,tercero,alicante/alacant,599.0
2012,tercero,castellon/castello,128.0
2012,tercero,valencia/valencia,336.0
2012,tercero,badajoz,119.0
2012,tercero,caceres,71.0
2012,tercero,a coruna,94.0
2012,tercero,lugo,49.0
2012,tercero,ourense,79.0
2012,tercero,pontevedra,163.0
2012,tercero,madrid,1372.0
2012,tercero,murcia,314.0
2012,tercero,navarra,70.0
2012,tercero,araba/alava,27.0
2012,tercero,gipuzkoa,61.0
2012,tercero,bizkaia,101.0
2012,tercero,la rioja,70.0
2012,tercero,ceuta,21.0
2012,tercero,melilla,1.0
2012,cuarto,almeria,57.0
2012,cuarto,cadiz,317.0
2012,cuarto,cordoba,85.0
2012,cuarto,granada,81.0
2012,cuarto,huelva,94.0
2012,cuarto,jaen,117.0
2012,cuarto,malaga,258.0
2012,cuarto,sevilla,470.0
2012,cuarto,huesca,18.0
2012,cuarto,teruel,9.0
2012,cuarto,zaragoza,105.0
2012,cuarto,asturias,216.0
2012,cuarto,illes balears,158.0
2012,cuarto,las palmas,296.0
2012,cuarto,santa cruz de tenerife,282.0
2012,cuarto,cantabria,70.0
2012,cuarto,avila,48.0
2012,cuarto,burgos,53.0
2012,cuarto,leon,40.0
2012,cuarto,palencia,11.0
2012,cuarto,salamanca,9.0
2012,cuarto,segovia,17.0
2012,cuarto,soria,18.0
2012,cuarto,valladolid,93.0
2012,cuarto,zamora,16.0
2012,cuarto,albacete,68.0
2012,cuarto,ciudad real,85.0
2012,cuarto,cuenca,52.0
2012,cuarto,guadalajara,78.0
2012,cuarto,toledo,110.0
2012,cuarto,barcelona,904.0
2012,cuarto,girona,186.0
2012,cuarto,lleida,53.0
2012,cuarto,tarragona,213.0
2012,cuarto,alicante/alacant,448.0
2012,cuarto,castellon/castello,104.0
2012,cuarto,valencia/valencia,369.0
2012,cuarto,badajoz,103.0
2012,cuarto,caceres,67.0
2012,cuarto,a coruna,71.0
2012,cuarto,lugo,43.0
2012,cuarto,ourense,77.0
2012,cuarto,pontevedra,125.0
2012,cuarto,madrid,1316.0
2012,cuarto,murcia,252.0
2012,cuarto,navarra,63.0
2012,cuarto,araba/alava,22.0
2012,cuarto,gipuzkoa,74.0
2012,cuarto,bizkaia,113.0
2012,cuarto,la rioja,61.0
2012,cuarto,ceuta,27.0
2012,cuarto,melilla,2.0
2013,primero,almeria,52.0
2013,primero,cadiz,219.0
2013,primero,cordoba,109.0
2013,primero,granada,73.0
2013,primero,huelva,95.0
2013,primero,jaen,90.0
2013,primero,malaga,244.0
2013,primero,sevilla,400.0
2013,primero,huesca,16.0
2013,primero,teruel,7.0
2013,primero,zaragoza,106.0
2013,primero,asturias,167.0
2013,primero,illes balears,185.0
2013,primero,las palmas,270.0
2013,primero,santa cruz de tenerife,281.0
2013,primero,cantabria,67.0
2013,primero,avila,25.0
2013,primero,burgos,42.0
2013,primero,leon,58.0
2013,primero,palencia,15.0
2013,primero,salamanca,11.0
2013,primero,segovia,21.0
2013,primero,soria,13.0
2013,primero,valladolid,85.0
2013,primero,zamora,12.0
2013,primero,albacete,50.0
2013,primero,ciudad real,85.0
2013,primero,cuenca,35.0
2013,primero,guadalajara,63.0
2013,primero,toledo,108.0
2013,primero,barcelona,941.0
2013,primero,girona,210.0
2013,primero,lleida,64.0
2013,primero,tarragona,200.0
2013,primero,alicante/alacant,430.0
2013,primero,castellon/castello,102.0
2013,primero,valencia/valencia,370.0
2013,primero,badajoz,125.0
2013,primero,caceres,68.0
2013,primero,a coruna,82.0
2013,primero,lugo,39.0
2013,primero,ourense,70.0
2013,primero,pontevedra,122.0
2013,primero,madrid,1259.0
2013,primero,murcia,305.0
2013,primero,navarra,78.0
2013,primero,araba/alava,26.0
2013,primero,gipuzkoa,57.0
2013,primero,bizkaia,117.0
2013,primero,la rioja,57.0
2013,primero,ceuta,23.0
2013,primero,melilla,1.0
2013,segundo,almeria,131.0
2013,segundo,cadiz,247.0
2013,segundo,cordoba,111.0
2013,segundo,granada,95.0
2013,segundo,huelva,98.0
2013,segundo,jaen,74.0
2013,segundo,malaga,284.0
2013,segundo,sevilla,522.0
2013,segundo,huesca,27.0
2013,segundo,teruel,13.0
2013,segundo,zaragoza,118.0
2013,segundo,asturias,176.0
2013,segundo,illes balears,167.0
2013,segundo,las palmas,244.0
2013,segundo,santa cruz de tenerife,304.0
2013,segundo,cantabria,85.0
2013,segundo,avila,27.0
2013,segundo,burgos,47.0
2013,segundo,leon,55.0
2013,segundo,palencia,15.0
2013,segundo,salamanca,19.0
2013,segundo,segovia,24.0
2013,segundo,soria,16.0
2013,segundo,valladolid,98.0
2013,segundo,zamora,11.0
2013,segundo,albacete,100.0
2013,segundo,ciudad real,103.0
2013,segundo,cuenca,91.0
2013,segundo,guadalajara,88.0
2013,segundo,toledo,94.0
2013,segundo,barcelona,896.0
2013,segundo,girona,194.0
2013,segundo,lleida,49.0
2013,segundo,tarragona,124.0
2013,segundo,alicante/alacant,465.0
2013,segundo,castellon/castello,108.0
2013,segundo,valencia/valencia,460.0
2013,segundo,badajoz,121.0
2013,segundo,caceres,73.0
2013,segundo,a coruna,110.0
2013,segundo,lugo,54.0
2013,segundo,ourense,87.0
2013,segundo,pontevedra,127.0
2013,segundo,madrid,1284.0
2013,segundo,murcia,277.0
2013,segundo,navarra,74.0
2013,segundo,araba/alava,38.0
2013,segundo,gipuzkoa,81.0
2013,segundo,bizkaia,110.0
2013,segundo,la rioja,51.0
2013,segundo,ceuta,35.0
2013,segundo,melilla,2.0
2013,tercero,almeria,149.0
2013,tercero,cadiz,228.0
2013,tercero,cordoba,130.0
2013,tercero,granada,86.0
2013,tercero,huelva,119.0
2013,tercero,jaen,89.0
2013,tercero,malaga,276.0
2013,tercero,sevilla,512.0
2013,tercero,huesca,25.0
2013,tercero,teruel,6.0
2013,tercero,zaragoza,130.0
2013,tercero,asturias,205.0
2013,tercero,illes balears,213.0
2013,tercero,las palmas,284.0
2013,tercero,santa cruz de tenerife,268.0
2013,tercero,cantabria,93.0
2013,tercero,avila,27.0
2013,tercero,burgos,43.0
2013,tercero,leon,62.0
2013,tercero,palencia,37.0
2013,tercero,salamanca,28.0
2013,tercero,segovia,22.0
2013,tercero,soria,18.0
2013,tercero,valladolid,110.0
2013,tercero,zamora,12.0
2013,tercero,albacete,94.0
2013,tercero,ciudad real,132.0
2013,tercero,cuenca,81.0
2013,tercero,guadalajara,45.0
2013,tercero,toledo,93.0
2013,tercero,barcelona,929.0
2013,tercero,girona,194.0
2013,tercero,lleida,60.0
2013,tercero,tarragona,161.0
2013,tercero,alicante/alacant,534.0
2013,tercero,castellon/castello,88.0
2013,tercero,valencia/valencia,448.0
2013,tercero,badajoz,160.0
2013,tercero,caceres,75.0
2013,tercero,a coruna,93.0
2013,tercero,lugo,49.0
2013,tercero,ourense,85.0
2013,tercero,pontevedra,149.0
2013,tercero,madrid,1261.0
2013,tercero,murcia,283.0
2013,tercero,navarra,78.0
2013,tercero,araba/alava,51.0
2013,tercero,gipuzkoa,78.0
2013,tercero,bizkaia,100.0
2013,tercero,la rioja,34.0
2013,tercero,ceuta,22.0
2013,tercero,melilla,0.0
2013,cuarto,almeria,145.0
2013,cuarto,cadiz,254.0
2013,cuarto,cordoba,105.0
2013,cuarto,granada,79.0
2013,cuarto,huelva,94.0
2013,cuarto,jaen,71.0
2013,cuarto,malaga,260.0
2013,cuarto,sevilla,454.0
2013,cuarto,huesca,16.0
2013,cuarto,teruel,14.0
2013,cuarto,zaragoza,139.0
2013,cuarto,asturias,157.0
2013,cuarto,illes balears,142.0
2013,cuarto,las palmas,295.0
2013,cuarto,santa cruz de tenerife,272.0
2013,cuarto,cantabria,84.0
2013,cuarto,avila,33.0
2013,cuarto,burgos,41.0
2013,cuarto,leon,56.0
2013,cuarto,palencia,23.0
2013,cuarto,salamanca,26.0
2013,cuarto,segovia,13.0
2013,cuarto,soria,10.0
2013,cuarto,valladolid,86.0
2013,cuarto,zamora,11.0
2013,cuarto,albacete,97.0
2013,cuarto,ciudad real,128.0
2013,cuarto,cuenca,40.0
2013,cuarto,guadalajara,82.0
2013,cuarto,toledo,107.0
2013,cuarto,barcelona,905.0
2013,cuarto,girona,224.0
2013,cuarto,lleida,50.0
2013,cuarto,tarragona,202.0
2013,cuarto,alicante/alacant,517.0
2013,cuarto,castellon/castello,77.0
2013,cuarto,valencia/valencia,457.0
2013,cuarto,badajoz,94.0
2013,cuarto,caceres,45.0
2013,cuarto,a coruna,129.0
2013,cuarto,lugo,60.0
2013,cuarto,ourense,83.0
2013,cuarto,pontevedra,151.0
2013,cuarto,madrid,1305.0
2013,cuarto,murcia,301.0
2013,cuarto,navarra,77.0
2013,cuarto,araba/alava,42.0
2013,cuarto,gipuzkoa,52.0
2013,cuarto,bizkaia,87.0
2013,cuarto,la rioja,20.0
2013,cuarto,ceuta,8.0
2013,cuarto,melilla,8.0
2014,primero,almeria,192.0
2014,primero,cadiz,199.0
2014,primero,cordoba,138.0
2014,primero,granada,84.0
2014,primero,huelva,110.0
2014,primero,jaen,91.0
2014,primero,malaga,257.0
2014,primero,sevilla,436.0
2014,primero,huesca,22.0
2014,primero,teruel,6.0
2014,primero,zaragoza,127.0
2014,primero,asturias,164.0
2014,primero,illes balears,137.0
2014,primero,las palmas,314.0
2014,primero,santa cruz de tenerife,232.0
2014,primero,cantabria,84.0
2014,primero,avila,25.0
2014,primero,burgos,40.0
2014,primero,leon,40.0
2014,primero,palencia,26.0
2014,primero,salamanca,25.0
2014,primero,segovia,17.0
2014,primero,soria,17.0
2014,primero,valladolid,105.0
2014,primero,zamora,14.0
2014,primero,albacete,73.0
2014,primero,ciudad real,117.0
2014,primero,cuenca,39.0
2014,primero,guadalajara,44.0
2014,primero,toledo,111.0
2014,primero,barcelona,872.0
2014,primero,girona,162.0
2014,primero,lleida,63.0
2014,primero,tarragona,211.0
2014,primero,alicante/alacant,449.0
2014,primero,castellon/castello,100.0
2014,primero,valencia/valencia,424.0
2014,primero,badajoz,104.0
2014,primero,caceres,51.0
2014,primero,a coruna,97.0
2014,primero,lugo,43.0
2014,primero,ourense,72.0
2014,primero,pontevedra,116.0
2014,primero,madrid,1295.0
2014,primero,murcia,254.0
2014,primero,navarra,65.0
2014,primero,araba/alava,26.0
2014,primero,gipuzkoa,55.0
2014,primero,bizkaia,93.0
2014,primero,la rioja,24.0
2014,primero,ceuta,5.0
2014,primero,melilla,0.0
2014,segundo,almeria,163.0
2014,segundo,cadiz,231.0
2014,segundo,cordoba,109.0
2014,segundo,granada,110.0
2014,segundo,huelva,138.0
2014,segundo,jaen,83.0
2014,segundo,malaga,273.0
2014,segundo,sevilla,433.0
2014,segundo,huesca,26.0
2014,segundo,teruel,12.0
2014,segundo,zaragoza,138.0
2014,segundo,asturias,229.0
2014,segundo,illes balears,152.0
2014,segundo,las palmas,267.0
2014,segundo,santa cruz de tenerife,264.0
2014,segundo,cantabria,107.0
2014,segundo,avila,20.0
2014,segundo,burgos,51.0
2014,segundo,leon,53.0
2014,segundo,palencia,23.0
2014,segundo,salamanca,31.0
2014,segundo,segovia,20.0
2014,segundo,soria,21.0
2014,segundo,valladolid,101.0
2014,segundo,zamora,20.0
2014,segundo,albacete,90.0
2014,segundo,ciudad real,105.0
2014,segundo,cuenca,38.0
2014,segundo,guadalajara,34.0
2014,segundo,toledo,85.0
2014,segundo,barcelona,1029.0
2014,segundo,girona,205.0
2014,segundo,lleida,51.0
2014,segundo,tarragona,202.0
2014,segundo,alicante/alacant,473.0
2014,segundo,castellon/castello,123.0
2014,segundo,valencia/valencia,427.0
2014,segundo,badajoz,117.0
2014,segundo,caceres,62.0
2014,segundo,a coruna,90.0
2014,segundo,lugo,61.0
2014,segundo,ourense,29.0
2014,segundo,pontevedra,133.0
2014,segundo,madrid,1354.0
2014,segundo,murcia,313.0
2014,segundo,navarra,81.0
2014,segundo,araba/alava,8.0
2014,segundo,gipuzkoa,70.0
2014,segundo,bizkaia,101.0
2014,segundo,la rioja,53.0
2014,segundo,ceuta,8.0
2014,segundo,melilla,11.0
2014,tercero,almeria,144.0
2014,tercero,cadiz,257.0
2014,tercero,cordoba,123.0
2014,tercero,granada,101.0
2014,tercero,huelva,134.0
2014,tercero,jaen,81.0
2014,tercero,malaga,298.0
2014,tercero,sevilla,516.0
2014,tercero,huesca,42.0
2014,tercero,teruel,10.0
2014,tercero,zaragoza,168.0
2014,tercero,asturias,197.0
2014,tercero,illes balears,170.0
2014,tercero,las palmas,301.0
2014,tercero,santa cruz de tenerife,295.0
2014,tercero,cantabria,104.0
2014,tercero,avila,46.0
2014,tercero,burgos,47.0
2014,tercero,leon,42.0
2014,tercero,palencia,30.0
2014,tercero,salamanca,31.0
2014,tercero,segovia,19.0
2014,tercero,soria,18.0
2014,tercero,valladolid,128.0
2014,tercero,zamora,15.0
2014,tercero,albacete,91.0
2014,tercero,ciudad real,126.0
2014,tercero,cuenca,41.0
2014,tercero,guadalajara,48.0
2014,tercero,toledo,111.0
2014,tercero,barcelona,844.0
2014,tercero,girona,215.0
2014,tercero,lleida,77.0
2014,tercero,tarragona,194.0
2014,tercero,alicante/alacant,465.0
2014,tercero,castellon/castello,126.0
2014,tercero,valencia/valencia,521.0
2014,tercero,badajoz,141.0
2014,tercero,caceres,58.0
2014,tercero,a coruna,114.0
2014,tercero,lugo,41.0
2014,tercero,ourense,30.0
2014,tercero,pontevedra,150.0
2014,tercero,madrid,1366.0
2014,tercero,murcia,337.0
2014,tercero,navarra,84.0
2014,tercero,araba/alava,28.0
2014,tercero,gipuzkoa,89.0
2014,tercero,bizkaia,110.0
2014,tercero,la rioja,47.0
2014,tercero,ceuta,17.0
2014,tercero,melilla,19.0
2014,cuarto,almeria,142.0
2014,cuarto,cadiz,270.0
2014,cuarto,cordoba,102.0
2014,cuarto,granada,120.0
2014,cuarto,huelva,96.0
2014,cuarto,jaen,92.0
2014,cuarto,malaga,293.0
2014,cuarto,sevilla,464.0
2014,cuarto,huesca,27.0
2014,cuarto,teruel,13.0
2014,cuarto,zaragoza,131.0
2014,cuarto,asturias,183.0
2014,cuarto,illes balears,108.0
2014,cuarto,las palmas,244.0
2014,cuarto,santa cruz de tenerife,280.0
2014,cuarto,cantabria,85.0
2014,cuarto,avila,31.0
2014,cuarto,burgos,50.0
2014,cuarto,leon,40.0
2014,cuarto,palencia,22.0
2014,cuarto,salamanca,26.0
2014,cuarto,segovia,19.0
2014,cuarto,soria,17.0
2014,cuarto,valladolid,108.0
2014,cuarto,zamora,16.0
2014,cuarto,albacete,78.0
2014,cuarto,ciudad real,130.0
2014,cuarto,cuenca,39.0
2014,cuarto,guadalajara,66.0
2014,cuarto,toledo,115.0
2014,cuarto,barcelona,806.0
2014,cuarto,girona,193.0
2014,cuarto,lleida,70.0
2014,cuarto,tarragona,148.0
2014,cuarto,alicante/alacant,404.0
2014,cuarto,castellon/castello,116.0
2014,cuarto,valencia/valencia,440.0
2014,cuarto,badajoz,120.0
2014,cuarto,caceres,51.0
2014,cuarto,a coruna,111.0
2014,cuarto,lugo,41.0
2014,cuarto,ourense,23.0
2014,cuarto,pontevedra,176.0
2014,cuarto,madrid,1297.0
2014,cuarto,murcia,327.0
2014,cuarto,navarra,58.0
2014,cuarto,araba/alava,18.0
2014,cuarto,gipuzkoa,70.0
2014,cuarto,bizkaia,110.0
2014,cuarto,la rioja,56.0
2014,cuarto,ceuta,4.0
2014,cuarto,melilla,19.0
2015,primero,almeria,127.0
2015,primero,cadiz,288.0
2015,primero,cordoba,129.0
2015,primero,granada,171.0
2015,primero,huelva,116.0
2015,primero,jaen,143.0
2015,primero,malaga,419.0
2015,primero,sevilla,505.0
2015,primero,huesca,41.0
2015,primero,teruel,16.0
2015,primero,zaragoza,140.0
2015,primero,asturias,190.0
2015,primero,illes balears,150.0
2015,primero,las palmas,251.0
2015,primero,santa cruz de tenerife,234.0
2015,primero,cantabria,85.0
2015,primero,avila,19.0
2015,primero,burgos,34.0
2015,primero,leon,54.0
2015,primero,palencia,12.0
2015,primero,salamanca,27.0
2015,primero,segovia,14.0
2015,primero,soria,15.0
2015,primero,valladolid,102.0
2015,primero,zamora,27.0
2015,primero,albacete,106.0
2015,primero,ciudad real,119.0
2015,primero,cuenca,32.0
2015,primero,guadalajara,79.0
2015,primero,toledo,90.0
2015,primero,barcelona,887.0
2015,primero,girona,153.0
2015,primero,lleida,78.0
2015,primero,tarragona,179.0
2015,primero,alicante/alacant,452.0
2015,primero,castellon/castello,103.0
2015,primero,valencia/valencia,521.0
2015,primero,badajoz,89.0
2015,primero,caceres,53.0
2015,primero,a coruna,121.0
2015,primero,lugo,55.0
2015,primero,ourense,28.0
2015,primero,pontevedra,120.0
2015,primero,madrid,1191.0
2015,primero,murcia,289.0
2015,primero,navarra,89.0
2015,primero,araba/alava,12.0
2015,primero,gipuzkoa,68.0
2015,primero,bizkaia,93.0
2015,primero,la rioja,59.0
2015,primero,ceuta,5.0
2015,primero,melilla,28.0
2015,segundo,almeria,208.0
2015,segundo,cadiz,282.0
2015,segundo,cordoba,130.0
2015,segundo,granada,202.0
2015,segundo,huelva,140.0
2015,segundo,jaen,174.0
2015,segundo,malaga,430.0
2015,segundo,sevilla,490.0
2015,segundo,huesca,33.0
2015,segundo,teruel,27.0
2015,segundo,zaragoza,135.0
2015,segundo,asturias,190.0
2015,segundo,illes balears,191.0
2015,segundo,las palmas,269.0
2015,segundo,santa cruz de tenerife,279.0
2015,segundo,cantabria,108.0
2015,segundo,avila,21.0
2015,segundo,burgos,61.0
2015,segundo,leon,43.0
2015,segundo,palencia,19.0
2015,segundo,salamanca,27.0
2015,segundo,segovia,24.0
2015,segundo,soria,15.0
2015,segundo,valladolid,103.0
2015,segundo,zamora,35.0
2015,segundo,albacete,96.0
2015,segundo,ciudad real,129.0
2015,segundo,cuenca,50.0
2015,segundo,guadalajara,73.0
2015,segundo,toledo,105.0
2015,segundo,barcelona,921.0
2015,segundo,girona,120.0
2015,segundo,lleida,75.0
2015,segundo,tarragona,207.0
2015,segundo,alicante/alacant,435.0
2015,segundo,castellon/castello,89.0
2015,segundo,valencia/valencia,630.0
2015,segundo,badajoz,118.0
2015,segundo,caceres,62.0
2015,segundo,a coruna,127.0
2015,segundo,lugo,67.0
2015,segundo,ourense,64.0
2015,segundo,pontevedra,139.0
2015,segundo,madrid,1375.0
2015,segundo,murcia,344.0
2015,segundo,navarra,65.0
2015,segundo,araba/alava,25.0
2015,segundo,gipuzkoa,77.0
2015,segundo,bizkaia,115.0
2015,segundo,la rioja,55.0
2015,segundo,ceuta,25.0
2015,segundo,melilla,16.0
2015,tercero,almeria,248.0
2015,tercero,cadiz,293.0
2015,tercero,cordoba,124.0
2015,tercero,granada,175.0
2015,tercero,huelva,135.0
2015,tercero,jaen,161.0
2015,tercero,malaga,407.0
2015,tercero,sevilla,533.0
2015,tercero,huesca,38.0
2015,tercero,teruel,9.0
2015,tercero,zaragoza,184.0
2015,tercero,asturias,223.0
2015,tercero,illes balears,171.0
2015,tercero,las palmas,295.0
2015,tercero,santa cruz de tenerife,320.0
2015,tercero,cantabria,77.0
2015,tercero,avila,38.0
2015,tercero,burgos,53.0
2015,tercero,leon,61.0
2015,tercero,palencia,15.0
2015,tercero,salamanca,18.0
2015,tercero,segovia,21.0
2015,tercero,soria,13.0
2015,tercero,valladolid,124.0
2015,tercero,zamora,35.0
2015,tercero,albacete,84.0
2015,tercero,ciudad real,149.0
2015,tercero,cuenca,65.0
2015,tercero,guadalajara,66.0
2015,tercero,toledo,147.0
2015,tercero,barcelona,1126.0
2015,tercero,girona,258.0
2015,tercero,lleida,66.0
2015,tercero,tarragona,227.0
2015,tercero,alicante/alacant,495.0
2015,tercero,castellon/castello,106.0
2015,tercero,valencia/valencia,498.0
2015,tercero,badajoz,128.0
2015,tercero,caceres,69.0
2015,tercero,a coruna,144.0
2015,tercero,lugo,52.0
2015,tercero,ourense,92.0
2015,tercero,pontevedra,159.0
2015,tercero,madrid,1318.0
2015,tercero,murcia,418.0
2015,tercero,navarra,61.0
2015,tercero,araba/alava,39.0
2015,tercero,gipuzkoa,72.0
2015,tercero,bizkaia,114.0
2015,tercero,la rioja,62.0
2015,tercero,ceuta,7.0
2015,tercero,melilla,21.0
2015,cuarto,almeria,174.0
2015,cuarto,cadiz,244.0
2015,cuarto,cordoba,118.0
2015,cuarto,granada,253.0
2015,cuarto,huelva,124.0
2015,cuarto,jaen,153.0
2015,cuarto,malaga,307.0
2015,cuarto,sevilla,493.0
2015,cuarto,huesca,43.0
2015,cuarto,teruel,14.0
2015,cuarto,zaragoza,153.0
2015,cuarto,asturias,185.0
2015,cuarto,illes balears,154.0
2015,cuarto,las palmas,302.0
2015,cuarto,santa cruz de tenerife,291.0
2015,cuarto,cantabria,82.0
2015,cuarto,avila,33.0
2015,cuarto,burgos,47.0
2015,cuarto,leon,45.0
2015,cuarto,palencia,20.0
2015,cuarto,salamanca,24.0
2015,cuarto,segovia,13.0
2015,cuarto,soria,21.0
2015,cuarto,valladolid,99.0
2015,cuarto,zamora,29.0
2015,cuarto,albacete,71.0
2015,cuarto,ciudad real,117.0
2015,cuarto,cuenca,45.0
2015,cuarto,guadalajara,48.0
2015,cuarto,toledo,152.0
2015,cuarto,barcelona,922.0
2015,cuarto,girona,121.0
2015,cuarto,lleida,75.0
2015,cuarto,tarragona,201.0
2015,cuarto,alicante/alacant,460.0
2015,cuarto,castellon/castello,88.0
2015,cuarto,valencia/valencia,501.0
2015,cuarto,badajoz,106.0
2015,cuarto,caceres,79.0
2015,cuarto,a coruna,106.0
2015,cuarto,lugo,45.0
2015,cuarto,ourense,66.0
2015,cuarto,pontevedra,179.0
2015,cuarto,madrid,1223.0
2015,cuarto,murcia,414.0
2015,cuarto,navarra,76.0
2015,cuarto,araba/alava,22.0
2015,cuarto,gipuzkoa,81.0
2015,cuarto,bizkaia,101.0
2015,cuarto,la rioja,82.0
2015,cuarto,ceuta,15.0
2015,cuarto,melilla,13.0
2016,primero,almeria,215.0
2016,primero,cadiz,255.0
2016,primero,cordoba,121.0
2016,primero,granada,264.0
2016,primero,huelva,109.0
2016,primero,jaen,159.0
2016,primero,malaga,393.0
2016,primero,sevilla,482.0
2016,primero,huesca,33.0
2016,primero,teruel,20.0
2016,primero,zaragoza,239.0
2016,primero,asturias,215.0
2016,primero,illes balears,178.0
2016,primero,las palmas,280.0
2016,primero,santa cruz de tenerife,291.0
2016,primero,cantabria,93.0
2016,primero,avila,30.0
2016,primero,burgos,54.0
2016,primero,leon,39.0
2016,primero,palencia,26.0
2016,primero,salamanca,18.0
2016,primero,segovia,14.0
2016,primero,soria,15.0
2016,primero,valladolid,94.0
2016,primero,zamora,37.0
2016,primero,albacete,57.0
2016,primero,ciudad real,116.0
2016,primero,cuenca,46.0
2016,primero,guadalajara,51.0
2016,primero,toledo,108.0
2016,primero,barcelona,968.0
2016,primero,girona,129.0
2016,primero,lleida,78.0
2016,primero,tarragona,224.0
2016,primero,alicante/alacant,377.0
2016,primero,castellon/castello,92.0
2016,primero,valencia/valencia,549.0
2016,primero,badajoz,116.0
2016,primero,caceres,68.0
2016,primero,a coruna,126.0
2016,primero,lugo,59.0
2016,primero,ourense,92.0
2016,primero,pontevedra,93.0
2016,primero,madrid,1274.0
2016,primero,murcia,423.0
2016,primero,navarra,92.0
2016,primero,araba/alava,24.0
2016,primero,gipuzkoa,65.0
2016,primero,bizkaia,94.0
2016,primero,la rioja,88.0
2016,primero,ceuta,21.0
2016,primero,melilla,15.0
2016,segundo,almeria,266.0
2016,segundo,cadiz,317.0
2016,segundo,cordoba,112.0
2016,segundo,granada,223.0
2016,segundo,huelva,129.0
2016,segundo,jaen,191.0
2016,segundo,malaga,359.0
2016,segundo,sevilla,504.0
2016,segundo,huesca,38.0
2016,segundo,teruel,10.0
2016,segundo,zaragoza,169.0
2016,segundo,asturias,213.0
2016,segundo,illes balears,180.0
2016,segundo,las palmas,304.0
2016,segundo,santa cruz de tenerife,285.0
2016,segundo,cantabria,89.0
2016,segundo,avila,28.0
2016,segundo,burgos,56.0
2016,segundo,leon,63.0
2016,segundo,palencia,24.0
2016,segundo,salamanca,43.0
2016,segundo,segovia,16.0
2016,segundo,soria,16.0
2016,segundo,valladolid,136.0
2016,segundo,zamora,33.0
2016,segundo,albacete,46.0
2016,segundo,ciudad real,141.0
2016,segundo,cuenca,32.0
2016,segundo,guadalajara,63.0
2016,segundo,toledo,126.0
2016,segundo,barcelona,880.0
2016,segundo,girona,138.0
2016,segundo,lleida,94.0
2016,segundo,tarragona,208.0
2016,segundo,alicante/alacant,522.0
2016,segundo,castellon/castello,107.0
2016,segundo,valencia/valencia,586.0
2016,segundo,badajoz,128.0
2016,segundo,caceres,68.0
2016,segundo,a coruna,108.0
2016,segundo,lugo,61.0
2016,segundo,ourense,82.0
2016,segundo,pontevedra,127.0
2016,segundo,madrid,1339.0
2016,segundo,murcia,480.0
2016,segundo,navarra,84.0
2016,segundo,araba/alava,26.0
2016,segundo,gipuzkoa,81.0
2016,segundo,bizkaia,110.0
2016,segundo,la rioja,85.0
2016,segundo,ceuta,35.0
2016,segundo,melilla,26.0
2016,tercero,almeria,257.0
2016,tercero,cadiz,317.0
2016,tercero,cordoba,104.0
2016,tercero,granada,313.0
2016,tercero,huelva,143.0
2016,tercero,jaen,194.0
2016,tercero,malaga,368.0
2016,tercero,sevilla,484.0
2016,tercero,huesca,63.0
2016,tercero,teruel,17.0
2016,tercero,zaragoza,158.0
2016,tercero,asturias,201.0
2016,tercero,illes balears,234.0
2016,tercero,las palmas,246.0
2016,tercero,santa cruz de tenerife,375.0
2016,tercero,cantabria,77.0
2016,tercero,avila,22.0
2016,tercero,burgos,58.0
2016,tercero,leon,59.0
2016,tercero,palencia,31.0
2016,tercero,salamanca,31.0
2016,tercero,segovia,14.0
2016,tercero,soria,13.0
2016,tercero,valladolid,117.0
2016,tercero,zamora,35.0
2016,tercero,albacete,114.0
2016,tercero,ciudad real,157.0
2016,tercero,cuenca,27.0
2016,tercero,guadalajara,69.0
2016,tercero,toledo,144.0
2016,tercero,barcelona,966.0
2016,tercero,girona,139.0
2016,tercero,lleida,70.0
2016,tercero,tarragona,271.0
2016,tercero,alicante/alacant,481.0
2016,tercero,castellon/castello,116.0
2016,tercero,valencia/valencia,635.0
2016,tercero,badajoz,149.0
2016,tercero,caceres,69.0
2016,tercero,a coruna,202.0
2016,tercero,lugo,54.0
2016,tercero,ourense,108.0
2016,tercero,pontevedra,133.0
2016,tercero,madrid,1409.0
2016,tercero,murcia,453.0
2016,tercero,navarra,100.0
2016,tercero,araba/alava,18.0
2016,tercero,gipuzkoa,83.0
2016,tercero,bizkaia,83.0
2016,tercero,la rioja,78.0
2016,tercero,ceuta,41.0
2016,tercero,melilla,17.0
2016,cuarto,almeria,248.0
2016,cuarto,cadiz,295.0
2016,cuarto,cordoba,109.0
2016,cuarto,granada,228.0
2016,cuarto,huelva,115.0
2016,cuarto,jaen,141.0
2016,cuarto,malaga,386.0
2016,cuarto,sevilla,444.0
2016,cuarto,huesca,26.0
2016,cuarto,teruel,24.0
2016,cuarto,zaragoza,160.0
2016,cuarto,asturias,199.0
2016,cuarto,illes balears,163.0
2016,cuarto,las palmas,223.0
2016,cuarto,santa cruz de tenerife,340.0
2016,cuarto,cantabria,77.0
2016,cuarto,avila,32.0
2016,cuarto,burgos,69.0
2016,cuarto,leon,59.0
2016,cuarto,palencia,32.0
2016,cuarto,salamanca,35.0
2016,cuarto,segovia,21.0
2016,cuarto,soria,25.0
2016,cuarto,valladolid,98.0
2016,cuarto,zamora,30.0
2016,cuarto,albacete,73.0
2016,cuarto,ciudad real,183.0
2016,cuarto,cuenca,22.0
2016,cuarto,guadalajara,44.0
2016,cuarto,toledo,131.0
2016,cuarto,barcelona,848.0
2016,cuarto,girona,129.0
2016,cuarto,lleida,63.0
2016,cuarto,tarragona,201.0
2016,cuarto,alicante/alacant,444.0
2016,cuarto,castellon/castello,118.0
2016,cuarto,valencia/valencia,590.0
2016,cuarto,badajoz,116.0
2016,cuarto,caceres,73.0
2016,cuarto,a coruna,178.0
2016,cuarto,lugo,42.0
2016,cuarto,ourense,80.0
2016,cuarto,pontevedra,148.0
2016,cuarto,madrid,1309.0
2016,cuarto,murcia,395.0
2016,cuarto,navarra,83.0
2016,cuarto,araba/alava,23.0
2016,cuarto,gipuzkoa,62.0
2016,cuarto,bizkaia,100.0
2016,cuarto,la rioja,54.0
2016,cuarto,ceuta,34.0
2016,cuarto,melilla,13.0
2017,primero,almeria,279.0
2017,primero,cadiz,336.0
2017,primero,cordoba,95.0
2017,primero,granada,249.0
2017,primero,huelva,112.0
2017,primero,jaen,129.0
2017,primero,malaga,365.0
2017,primero,sevilla,412.0
2017,primero,huesca,33.0
2017,primero,teruel,20.0
2017,primero,zaragoza,142.0
2017,primero,asturias,187.0
2017,primero,illes balears,195.0
2017,primero,las palmas,233.0
2017,primero,santa cruz de tenerife,343.0
2017,primero,cantabria,70.0
2017,primero,avila,26.0
2017,primero,burgos,50.0
2017,primero,leon,80.0
2017,primero,palencia,25.0
2017,primero,salamanca,30.0
2017,primero,segovia,17.0
2017,primero,soria,15.0
2017,primero,valladolid,89.0
2017,primero,zamora,47.0
2017,primero,albacete,50.0
2017,primero,ciudad real,140.0
2017,primero,cuenca,35.0
2017,primero,guadalajara,56.0
2017,primero,toledo,115.0
2017,primero,barcelona,942.0
2017,primero,girona,115.0
2017,primero,lleida,80.0
2017,primero,tarragona,249.0
2017,primero,alicante/alacant,492.0
2017,primero,castellon/castello,140.0
2017,primero,valencia/valencia,603.0
2017,primero,badajoz,128.0
2017,primero,caceres,53.0
2017,primero,a coruna,186.0
2017,primero,lugo,37.0
2017,primero,ourense,100.0
2017,primero,pontevedra,146.0
2017,primero,madrid,1372.0
2017,primero,murcia,372.0
2017,primero,navarra,100.0
2017,primero,araba/alava,23.0
2017,primero,gipuzkoa,74.0
2017,primero,bizkaia,111.0
2017,primero,la rioja,65.0
2017,primero,ceuta,62.0
2017,primero,melilla,13.0
2017,segundo,almeria,293.0
2017,segundo,cadiz,403.0
2017,segundo,cordoba,124.0
2017,segundo,granada,242.0
2017,segundo,huelva,166.0
2017,segundo,jaen,164.0
2017,segundo,malaga,398.0
2017,segundo,sevilla,544.0
2017,segundo,huesca,49.0
2017,segundo,teruel,27.0
2017,segundo,zaragoza,122.0
2017,segundo,asturias,216.0
2017,segundo,illes balears,247.0
2017,segundo,las palmas,208.0
2017,segundo,santa cruz de tenerife,312.0
2017,segundo,cantabria,80.0
2017,segundo,avila,23.0
2017,segundo,burgos,81.0
2017,segundo,leon,81.0
2017,segundo,palencia,15.0
2017,segundo,salamanca,45.0
2017,segundo,segovia,18.0
2017,segundo,soria,27.0
2017,segundo,valladolid,98.0
2017,segundo,zamora,35.0
2017,segundo,albacete,65.0
2017,segundo,ciudad real,119.0
2017,segundo,cuenca,27.0
2017,segundo,guadalajara,76.0
2017,segundo,toledo,161.0
2017,segundo,barcelona,953.0
2017,segundo,girona,154.0
2017,segundo,lleida,85.0
2017,segundo,tarragona,231.0
2017,segundo,alicante/alacant,540.0
2017,segundo,castellon/castello,123.0
2017,segundo,valencia/valencia,527.0
2017,segundo,badajoz,134.0
2017,segundo,caceres,59.0
2017,segundo,a coruna,178.0
2017,segundo,lugo,56.0
2017,segundo,ourense,106.0
2017,segundo,pontevedra,137.0
2017,segundo,madrid,1592.0
2017,segundo,murcia,373.0
2017,segundo,navarra,102.0
2017,segundo,araba/alava,41.0
2017,segundo,gipuzkoa,70.0
2017,segundo,bizkaia,142.0
2017,segundo,la rioja,85.0
2017,segundo,ceuta,49.0
2017,segundo,melilla,39.0
2017,tercero,almeria,268.0
2017,tercero,cadiz,369.0
2017,tercero,cordoba,111.0
2017,tercero,granada,278.0
2017,tercero,huelva,132.0
2017,tercero,jaen,118.0
2017,tercero,malaga,350.0
2017,tercero,sevilla,503.0
2017,tercero,huesca,48.0
2017,tercero,teruel,13.0
2017,tercero,zaragoza,158.0
2017,tercero,asturias,215.0
2017,tercero,illes balears,271.0
2017,tercero,las palmas,237.0
2017,tercero,santa cruz de tenerife,318.0
2017,tercero,cantabria,92.0
2017,tercero,avila,34.0
2017,tercero,burgos,56.0
2017,tercero,leon,87.0
2017,tercero,palencia,11.0
2017,tercero,salamanca,33.0
2017,tercero,segovia,16.0
2017,tercero,soria,16.0
2017,tercero,valladolid,114.0
2017,tercero,zamora,44.0
2017,tercero,albacete,74.0
2017,tercero,ciudad real,113.0
2017,tercero,cuenca,27.0
2017,tercero,guadalajara,64.0
2017,tercero,toledo,133.0
2017,tercero,barcelona,959.0
2017,tercero,girona,138.0
2017,tercero,lleida,66.0
2017,tercero,tarragona,237.0
2017,tercero,alicante/alacant,515.0
2017,tercero,castellon/castello,98.0
2017,tercero,valencia/valencia,551.0
2017,tercero,badajoz,159.0
2017,tercero,caceres,58.0
2017,tercero,a coruna,163.0
2017,tercero,lugo,62.0
2017,tercero,ourense,100.0
2017,tercero,pontevedra,153.0
2017,tercero,madrid,1412.0
2017,tercero,murcia,408.0
2017,tercero,navarra,82.0
2017,tercero,araba/alava,22.0
2017,tercero,gipuzkoa,69.0
2017,tercero,bizkaia,114.0
2017,tercero,la rioja,53.0
2017,tercero,ceuta,31.0
2017,tercero,melilla,22.0
2017,cuarto,almeria,259.0
2017,cuarto,cadiz,346.0
2017,cuarto,cordoba,104.0
2017,cuarto,granada,255.0
2017,cuarto,huelva,115.0
2017,cuarto,jaen,140.0
2017,cuarto,malaga,349.0
2017,cuarto,sevilla,475.0
2017,cuarto,huesca,39.0
2017,cuarto,teruel,9.0
2017,cuarto,zaragoza,125.0
2017,cuarto,asturias,204.0
2017,cuarto,illes balears,193.0
2017,cuarto,las palmas,202.0
2017,cuarto,santa cruz de tenerife,272.0
2017,cuarto,cantabria,54.0
2017,cuarto,avila,26.0
2017,cuarto,burgos,55.0
2017,cuarto,leon,79.0
2017,cuarto,palencia,15.0
2017,cuarto,salamanca,41.0
2017,cuarto,segovia,13.0
2017,cuarto,soria,20.0
2017,cuarto,valladolid,109.0
2017,cuarto,zamora,26.0
2017,cuarto,albacete,64.0
2017,cuarto,ciudad real,101.0
2017,cuarto,cuenca,24.0
2017,cuarto,guadalajara,46.0
2017,cuarto,toledo,103.0
2017,cuarto,barcelona,858.0
2017,cuarto,girona,88.0
2017,cuarto,lleida,70.0
2017,cuarto,tarragona,216.0
2017,cuarto,alicante/alacant,449.0
2017,cuarto,castellon/castello,107.0
2017,cuarto,valencia/valencia,546.0
2017,cuarto,badajoz,140.0
2017,cuarto,caceres,61.0
2017,cuarto,a coruna,194.0
2017,cuarto,lugo,61.0
2017,cuarto,ourense,116.0
2017,cuarto,pontevedra,133.0
2017,cuarto,madrid,1363.0
2017,cuarto,murcia,402.0
2017,cuarto,navarra,81.0
2017,cuarto,araba/alava,32.0
2017,cuarto,gipuzkoa,68.0
2017,cuarto,bizkaia,106.0
2017,cuarto,la rioja,40.0
2017,cuarto,ceuta,26.0
2017,cuarto,melilla,13.0
2018,primero,almeria,314.0
2018,primero,cadiz,273.0
2018,primero,cordoba,103.0
2018,primero,granada,273.0
2018,primero,huelva,170.0
2018,primero,jaen,143.0
2018,primero,malaga,283.0
2018,primero,sevilla,440.0
2018,primero,huesca,33.0
2018,primero,teruel,21.0
2018,primero,zaragoza,109.0
2018,primero,asturias,194.0
2018,primero,illes balears,192.0
2018,primero,las palmas,215.0
2018,primero,santa cruz de tenerife,267.0
2018,primero,cantabria,87.0
2018,primero,avila,18.0
2018,primero,burgos,64.0
2018,primero,leon,73.0
2018,primero,palencia,12.0
2018,primero,salamanca,37.0
2018,primero,segovia,13.0
2018,primero,soria,9.0
2018,primero,valladolid,92.0
2018,primero,zamora,38.0
2018,primero,albacete,86.0
2018,primero,ciudad real,105.0
2018,primero,cuenca,28.0
2018,primero,guadalajara,52.0
2018,primero,toledo,133.0
2018,primero,barcelona,891.0
2018,primero,girona,127.0
2018,primero,lleida,77.0
2018,primero,tarragona,192.0
2018,primero,alicante/alacant,458.0
2018,primero,castellon/castello,117.0
2018,primero,valencia/valencia,538.0
2018,primero,badajoz,111.0
2018,primero,caceres,69.0
2018,primero,a coruna,164.0
2018,primero,lugo,42.0
2018,primero,ourense,133.0
2018,primero,pontevedra,120.0
2018,primero,madrid,1400.0
2018,primero,murcia,392.0
2018,primero,navarra,104.0
2018,primero,araba/alava,29.0
2018,primero,gipuzkoa,67.0
2018,primero,bizkaia,87.0
2018,primero,la rioja,66.0
2018,primero,ceuta,38.0
2018,primero,melilla,5.0
2018,segundo,almeria,415.0
2018,segundo,cadiz,340.0
2018,segundo,cordoba,95.0
2018,segundo,granada,231.0
2018,segundo,huelva,235.0
2018,segundo,jaen,137.0
2018,segundo,malaga,351.0
2018,segundo,sevilla,460.0
2018,segundo,huesca,30.0
2018,segundo,teruel,11.0
2018,segundo,zaragoza,126.0
2018,segundo,asturias,216.0
2018,segundo,illes balears,220.0
2018,segundo,las palmas,186.0
2018,segundo,santa cruz de tenerife,384.0
2018,segundo,cantabria,94.0
2018,segundo,avila,23.0
2018,segundo,burgos,64.0
2018,segundo,leon,55.0
2018,segundo,palencia,14.0
2018,segundo,salamanca,37.0
2018,segundo,segovia,14.0
2018,segundo,soria,19.0
2018,segundo,valladolid,101.0
2018,segundo,zamora,41.0
2018,segundo,albacete,81.0
2018,segundo,ciudad real,92.0
2018,segundo,cuenca,43.0
2018,segundo,guadalajara,59.0
2018,segundo,toledo,157.0
2018,segundo,barcelona,970.0
2018,segundo,girona,85.0
2018,segundo,lleida,66.0
2018,segundo,tarragona,259.0
2018,segundo,alicante/alacant,494.0
2018,segundo,castellon/castello,127.0
2018,segundo,valencia/valencia,617.0
2018,segundo,badajoz,143.0
2018,segundo,caceres,84.0
2018,segundo,a coruna,204.0
2018,segundo,lugo,38.0
2018,segundo,ourense,121.0
2018,segundo,pontevedra,119.0
2018,segundo,madrid,1432.0
2018,segundo,murcia,422.0
2018,segundo,navarra,83.0
2018,segundo,araba/alava,46.0
2018,segundo,gipuzkoa,82.0
2018,segundo,bizkaia,73.0
2018,segundo,la rioja,73.0
2018,segundo,ceuta,30.0
2018,segundo,melilla,7.0
2018,tercero,almeria,343.0
2018,tercero,cadiz,300.0
2018,tercero,cordoba,106.0
2018,tercero,granada,300.0
2018,tercero,huelva,178.0
2018,tercero,jaen,130.0
2018,tercero,malaga,379.0
2018,tercero,sevilla,510.0
2018,tercero,huesca,34.0
2018,tercero,teruel,15.0
2018,tercero,zaragoza,127.0
2018,tercero,asturias,229.0
2018,tercero,illes balears,262.0
2018,tercero,las palmas,183.0
2018,tercero,santa cruz de tenerife,452.0
2018,tercero,cantabria,94.0
2018,tercero,avila,32.0
2018,tercero,burgos,52.0
2018,tercero,leon,74.0
2018,tercero,palencia,21.0
2018,tercero,salamanca,27.0
2018,tercero,segovia,18.0
2018,tercero,soria,19.0
2018,tercero,valladolid,111.0
2018,tercero,zamora,31.0
2018,tercero,albacete,102.0
2018,tercero,ciudad real,125.0
2018,tercero,cuenca,45.0
2018,tercero,guadalajara,74.0
2018,tercero,toledo,154.0
2018,tercero,barcelona,952.0
2018,tercero,girona,140.0
2018,tercero,lleida,65.0
2018,tercero,tarragona,163.0
2018,tercero,alicante/alacant,503.0
2018,tercero,castellon/castello,127.0
2018,tercero,valencia/valencia,719.0
2018,tercero,badajoz,137.0
2018,tercero,caceres,50.0
2018,tercero,a coruna,201.0
2018,tercero,lugo,52.0
2018,tercero,ourense,117.0
2018,tercero,pontevedra,153.0
2018,tercero,madrid,1523.0
2018,tercero,murcia,430.0
2018,tercero,navarra,90.0
2018,tercero,araba/alava,41.0
2018,tercero,gipuzkoa,74.0
2018,tercero,bizkaia,66.0
2018,tercero,la rioja,90.0
2018,tercero,ceuta,31.0
2018,tercero,melilla,6.0
2018,cuarto,almeria,306.0
2018,cuarto,cadiz,359.0
2018,cuarto,cordoba,102.0
2018,cuarto,granada,242.0
2018,cuarto,huelva,162.0
2018,cuarto,jaen,94.0
2018,cuarto,malaga,388.0
2018,cuarto,sevilla,443.0
2018,cuarto,huesca,53.0
2018,cuarto,teruel,11.0
2018,cuarto,zaragoza,145.0
2018,cuarto,asturias,208.0
2018,cuarto,illes balears,308.0
2018,cuarto,las palmas,202.0
2018,cuarto,santa cruz de tenerife,310.0
2018,cuarto,cantabria,77.0
2018,cuarto,avila,25.0
2018,cuarto,burgos,57.0
2018,cuarto,leon,60.0
2018,cuarto,palencia,23.0
2018,cuarto,salamanca,35.0
2018,cuarto,segovia,13.0
2018,cuarto,soria,26.0
2018,cuarto,valladolid,106.0
2018,cuarto,zamora,33.0
2018,cuarto,albacete,75.0
2018,cuarto,ciudad real,113.0
2018,cuarto,cuenca,50.0
2018,cuarto,guadalajara,39.0
2018,cuarto,toledo,158.0
2018,cuarto,barcelona,874.0
2018,cuarto,girona,109.0
2018,cuarto,lleida,88.0
2018,cuarto,tarragona,194.0
2018,cuarto,alicante/alacant,596.0
2018,cuarto,castellon/castello,130.0
2018,cuarto,valencia/valencia,643.0
2018,cuarto,badajoz,146.0
2018,cuarto,caceres,94.0
2018,cuarto,a coruna,198.0
2018,cuarto,lugo,64.0
2018,cuarto,ourense,162.0
2018,cuarto,pontevedra,133.0
2018,cuarto,madrid,1463.0
2018,cuarto,murcia,404.0
2018,cuarto,navarra,91.0
2018,cuarto,araba/alava,31.0
2018,cuarto,gipuzkoa,62.0
2018,cuarto,bizkaia,85.0
2018,cuarto,la rioja,78.0
2018,cuarto,ceuta,38.0
2018,cuarto,melilla,3.0
2019,primero,almeria,367.0
2019,primero,cadiz,264.0
2019,primero,cordoba,110.0
2019,primero,granada,196.0
2019,primero,huelva,139.0
2019,primero,jaen,87.0
2019,primero,malaga,342.0
2019,primero,sevilla,415.0
2019,primero,huesca,45.0
2019,primero,teruel,20.0
2019,primero,zaragoza,183.0
2019,primero,asturias,215.0
2019,primero,illes balears,251.0
2019,primero,las palmas,240.0
2019,primero,santa cruz de tenerife,473.0
2019,primero,cantabria,55.0
2019,primero,avila,34.0
2019,primero,burgos,53.0
2019,primero,leon,53.0
2019,primero,palencia,17.0
2019,primero,salamanca,28.0
2019,primero,segovia,12.0
2019,primero,soria,10.0
2019,primero,valladolid,101.0
2019,primero,zamora,24.0
2019,primero,albacete,80.0
2019,primero,ciudad real,114.0
2019,primero,cuenca,44.0
2019,primero,guadalajara,68.0
2019,primero,toledo,131.0
2019,primero,barcelona,945.0
2019,primero,girona,111.0
2019,primero,lleida,70.0
2019,primero,tarragona,242.0
2019,primero,alicante/alacant,554.0
2019,primero,castellon/castello,118.0
2019,primero,valencia/valencia,615.0
2019,primero,badajoz,145.0
2019,primero,caceres,58.0
2019,primero,a coruna,162.0
2019,primero,lugo,46.0
2019,primero,ourense,90.0
2019,primero,pontevedra,135.0
2019,primero,madrid,1405.0
2019,primero,murcia,303.0
2019,primero,navarra,80.0
2019,primero,araba/alava,36.0
2019,primero,gipuzkoa,51.0
2019,primero,bizkaia,101.0
2019,primero,la rioja,67.0
2019,primero,ceuta,21.0
2019,primero,melilla,4.0
2019,segundo,almeria,490.0
2019,segundo,cadiz,380.0
2019,segundo,cordoba,109.0
2019,segundo,granada,199.0
2019,segundo,huelva,123.0
2019,segundo,jaen,88.0
2019,segundo,malaga,298.0
2019,segundo,sevilla,423.0
2019,segundo,huesca,59.0
2019,segundo,teruel,29.0
2019,segundo,zaragoza,160.0
2019,segundo,asturias,201.0
2019,segundo,illes balears,295.0
2019,segundo,las palmas,249.0
2019,segundo,santa cruz de tenerife,404.0
2019,segundo,cantabria,71.0
2019,segundo,avila,34.0
2019,segundo,burgos,59.0
2019,segundo,leon,52.0
2019,segundo,palencia,17.0
2019,segundo,salamanca,49.0
2019,segundo,segovia,17.0
2019,segundo,soria,21.0
2019,segundo,valladolid,99.0
2019,segundo,zamora,29.0
2019,segundo,albacete,88.0
2019,segundo,ciudad real,125.0
2019,segundo,cuenca,51.0
2019,segundo,guadalajara,65.0
2019,segundo,toledo,121.0
2019,segundo,barcelona,953.0
2019,segundo,girona,140.0
2019,segundo,lleida,79.0
2019,segundo,tarragona,227.0
2019,segundo,alicante/alacant,499.0
2019,segundo,castellon/castello,150.0
2019,segundo,valencia/valencia,700.0
2019,segundo,badajoz,174.0
2019,segundo,caceres,66.0
2019,segundo,a coruna,199.0
2019,segundo,lugo,71.0
2019,segundo,ourense,109.0
2019,segundo,pontevedra,145.0
2019,segundo,madrid,1522.0
2019,segundo,murcia,417.0
2019,segundo,navarra,96.0
2019,segundo,araba/alava,30.0
2019,segundo,gipuzkoa,61.0
2019,segundo,bizkaia,123.0
2019,segundo,la rioja,66.0
2019,segundo,ceuta,23.0
2019,segundo,melilla,7.0
2019,tercero,almeria,427.0
2019,tercero,cadiz,287.0
2019,tercero,cordoba,117.0
2019,tercero,granada,267.0
2019,tercero,huelva,153.0
2019,tercero,jaen,111.0
2019,tercero,malaga,486.0
2019,tercero,sevilla,467.0
2019,tercero,huesca,64.0
2019,tercero,teruel,15.0
2019,tercero,zaragoza,182.0
2019,tercero,asturias,218.0
2019,tercero,illes balears,358.0
2019,tercero,las palmas,213.0
2019,tercero,santa cruz de tenerife,382.0
2019,tercero,cantabria,76.0
2019,tercero,avila,36.0
2019,tercero,burgos,81.0
2019,tercero,leon,63.0
2019,tercero,palencia,25.0
2019,tercero,salamanca,35.0
2019,tercero,segovia,13.0
2019,tercero,soria,26.0
2019,tercero,valladolid,105.0
2019,tercero,zamora,28.0
2019,tercero,albacete,117.0
2019,tercero,ciudad real,119.0
2019,tercero,cuenca,51.0
2019,tercero,guadalajara,83.0
2019,tercero,toledo,143.0
2019,tercero,barcelona,989.0
2019,tercero,girona,163.0
2019,tercero,lleida,65.0
2019,tercero,tarragona,246.0
2019,tercero,alicante/alacant,627.0
2019,tercero,castellon/castello,164.0
2019,tercero,valencia/valencia,753.0
2019,tercero,badajoz,172.0
2019,tercero,caceres,48.0
2019,tercero,a coruna,203.0
2019,tercero,lugo,60.0
2019,tercero,ourense,99.0
2019,tercero,pontevedra,174.0
2019,tercero,madrid,1531.0
2019,tercero,murcia,464.0
2019,tercero,navarra,121.0
2019,tercero,araba/alava,33.0
2019,tercero,gipuzkoa,61.0
2019,tercero,bizkaia,161.0
2019,tercero,la rioja,46.0
2019,tercero,ceuta,35.0
2019,tercero,melilla,10.0
2019,cuarto,almeria,332.0
2019,cuarto,cadiz,296.0
2019,cuarto,cordoba,95.0
2019,cuarto,granada,225.0
2019,cuarto,huelva,140.0
2019,cuarto,jaen,119.0
2019,cuarto,malaga,344.0
2019,cuarto,sevilla,434.0
2019,cuarto,huesca,57.0
2019,cuarto,teruel,24.0
2019,cuarto,zaragoza,176.0
2019,cuarto,asturias,262.0
2019,cuarto,illes balears,364.0
2019,cuarto,las palmas,235.0
2019,cuarto,santa cruz de tenerife,271.0
2019,cuarto,cantabria,77.0
2019,cuarto,avila,28.0
2019,cuarto,burgos,78.0
2019,cuarto,leon,55.0
2019,cuarto,palencia,21.0
2019,cuarto,salamanca,25.0
2019,cuarto,segovia,29.0
2019,cuarto,soria,13.0
2019,cuarto,valladolid,118.0
2019,cuarto,zamora,42.0
2019,cuarto,albacete,86.0
2019,cuarto,ciudad real,127.0
2019,cuarto,cuenca,43.0
2019,cuarto,guadalajara,76.0
2019,cuarto,toledo,153.0
2019,cuarto,barcelona,896.0
2019,cuarto,girona,134.0
2019,cuarto,lleida,64.0
2019,cuarto,tarragona,226.0
2019,cuarto,alicante/alacant,559.0
2019,cuarto,castellon/castello,120.0
2019,cuarto,valencia/valencia,705.0
2019,cuarto,badajoz,120.0
2019,cuarto,caceres,65.0
2019,cuarto,a coruna,218.0
2019,cuarto,lugo,70.0
2019,cuarto,ourense,65.0
2019,cuarto,pontevedra,176.0
2019,cuarto,madrid,1415.0
2019,cuarto,murcia,405.0
2019,cuarto,navarra,96.0
2019,cuarto,araba/alava,32.0
2019,cuarto,gipuzkoa,39.0
2019,cuarto,bizkaia,106.0
2019,cuarto,la rioja,49.0
2019,cuarto,ceuta,35.0
2019,cuarto,melilla,15.0
2020,primero,almeria,342.0
2020,primero,cadiz,282.0
2020,primero,cordoba,123.0
2020,primero,granada,296.0
2020,primero,huelva,81.0
2020,primero,jaen,96.0
2020,primero,malaga,320.0
2020,primero,sevilla,387.0
2020,primero,huesca,51.0
2020,primero,teruel,21.0
2020,primero,zaragoza,118.0
2020,primero,asturias,196.0
2020,primero,illes balears,336.0
2020,primero,las palmas,213.0
2020,primero,santa cruz de tenerife,373.0
2020,primero,cantabria,71.0
2020,primero,avila,19.0
2020,primero,burgos,80.0
2020,primero,leon,56.0
2020,primero,palencia,22.0
2020,primero,salamanca,29.0
2020,primero,segovia,15.0
2020,primero,soria,15.0
2020,primero,valladolid,99.0
2020,primero,zamora,24.0
2020,primero,albacete,96.0
2020,primero,ciudad real,99.0
2020,primero,cuenca,24.0
2020,primero,guadalajara,40.0
2020,primero,toledo,139.0
2020,primero,barcelona,806.0
2020,primero,girona,127.0
2020,primero,lleida,64.0
2020,primero,tarragona,181.0
2020,primero,alicante/alacant,595.0
2020,primero,castellon/castello,88.0
2020,primero,valencia/valencia,549.0
2020,primero,badajoz,130.0
2020,primero,caceres,51.0
2020,primero,a coruna,258.0
2020,primero,lugo,58.0
2020,primero,ourense,69.0
2020,primero,pontevedra,144.0
2020,primero,madrid,1267.0
2020,primero,murcia,301.0
2020,primero,navarra,84.0
2020,primero,araba/alava,24.0
2020,primero,gipuzkoa,41.0
2020,primero,bizkaia,96.0
2020,primero,la rioja,73.0
2020,primero,ceuta,28.0
2020,primero,melilla,24.0
2020,segundo,almeria,278.0
2020,segundo,cadiz,269.0
2020,segundo,cordoba,119.0
2020,segundo,granada,241.0
2020,segundo,huelva,156.0
2020,segundo,jaen,97.0
2020,segundo,malaga,246.0
2020,segundo,sevilla,409.0
2020,segundo,huesca,62.0
2020,segundo,teruel,22.0
2020,segundo,zaragoza,140.0
2020,segundo,asturias,155.0
2020,segundo,illes balears,328.0
2020,segundo,las palmas,282.0
2020,segundo,santa cruz de tenerife,286.0
2020,segundo,cantabria,65.0
2020,segundo,avila,25.0
2020,segundo,burgos,46.0
2020,segundo,leon,79.0
2020,segundo,palencia,12.0
2020,segundo,salamanca,27.0
2020,segundo,segovia,12.0
2020,segundo,soria,8.0
2020,segundo,valladolid,74.0
2020,segundo,zamora,22.0
2020,segundo,albacete,85.0
2020,segundo,ciudad real,51.0
2020,segundo,cuenca,49.0
2020,segundo,guadalajara,27.0
2020,segundo,toledo,81.0
2020,segundo,barcelona,765.0
2020,segundo,girona,92.0
2020,segundo,lleida,73.0
2020,segundo,tarragona,139.0
2020,segundo,alicante/alacant,412.0
2020,segundo,castellon/castello,56.0
2020,segundo,valencia/valencia,482.0
2020,segundo,badajoz,100.0
2020,segundo,caceres,53.0
2020,segundo,a coruna,243.0
2020,segundo,lugo,47.0
2020,segundo,ourense,53.0
2020,segundo,pontevedra,146.0
2020,segundo,madrid,1212.0
2020,segundo,murcia,290.0
2020,segundo,navarra,126.0
2020,segundo,araba/alava,14.0
2020,segundo,gipuzkoa,46.0
2020,segundo,bizkaia,53.0
2020,segundo,la rioja,50.0
2020,segundo,ceuta,22.0
2020,segundo,melilla,22.0
2020,tercero,almeria,352.0
2020,tercero,cadiz,339.0
2020,tercero,cordoba,127.0
2020,tercero,granada,329.0
2020,tercero,huelva,213.0
2020,tercero,jaen,97.0
2020,tercero,malaga,320.0
2020,tercero,sevilla,482.0
2020,tercero,huesca,53.0
2020,tercero,teruel,7.0
2020,tercero,zaragoza,144.0
2020,tercero,asturias,207.0
2020,tercero,illes balears,315.0
2020,tercero,las palmas,302.0
2020,tercero,santa cruz de tenerife,302.0
2020,tercero,cantabria,89.0
2020,tercero,avila,20.0
2020,tercero,burgos,71.0
2020,tercero,leon,88.0
2020,tercero,palencia,18.0
2020,tercero,salamanca,19.0
2020,tercero,segovia,15.0
2020,tercero,soria,25.0
2020,tercero,valladolid,106.0
2020,tercero,zamora,49.0
2020,tercero,albacete,145.0
2020,tercero,ciudad real,98.0
2020,tercero,cuenca,50.0
2020,tercero,guadalajara,72.0
2020,tercero,toledo,170.0
2020,tercero,barcelona,1016.0
2020,tercero,girona,176.0
2020,tercero,lleida,75.0
2020,tercero,tarragona,221.0
2020,tercero,alicante/alacant,550.0
2020,tercero,castellon/castello,161.0
2020,tercero,valencia/valencia,717.0
2020,tercero,badajoz,133.0
2020,tercero,caceres,40.0
2020,tercero,a coruna,279.0
2020,tercero,lugo,57.0
2020,tercero,ourense,66.0
2020,tercero,pontevedra,193.0
2020,tercero,madrid,1359.0
2020,tercero,murcia,370.0
2020,tercero,navarra,95.0
2020,tercero,araba/alava,15.0
2020,tercero,gipuzkoa,45.0
2020,tercero,bizkaia,78.0
2020,tercero,la rioja,57.0
2020,tercero,ceuta,25.0
2020,tercero,melilla,21.0
2020,cuarto,almeria,186.0
2020,cuarto,cadiz,306.0
2020,cuarto,cordoba,108.0
2020,cuarto,granada,309.0
2020,cuarto,huelva,125.0
2020,cuarto,jaen,61.0
2020,cuarto,malaga,309.0
2020,cuarto,sevilla,396.0
2020,cuarto,huesca,40.0
2020,cuarto,teruel,10.0
2020,cuarto,zaragoza,84.0
2020,cuarto,asturias,168.0
2020,cuarto,illes balears,200.0
2020,cuarto,las palmas,252.0
2020,cuarto,santa cruz de tenerife,215.0
2020,cuarto,cantabria,60.0
2020,cuarto,avila,26.0
2020,cuarto,burgos,64.0
2020,cuarto,leon,67.0
2020,cuarto,palencia,19.0
2020,cuarto,salamanca,18.0
2020,cuarto,segovia,14.0
2020,cuarto,soria,16.0
2020,cuarto,valladolid,94.0
2020,cuarto,zamora,32.0
2020,cuarto,albacete,72.0
2020,cuarto,ciudad real,68.0
2020,cuarto,cuenca,32.0
2020,cuarto,guadalajara,41.0
2020,cuarto,toledo,139.0
2020,cuarto,barcelona,736.0
2020,cuarto,girona,93.0
2020,cuarto,lleida,61.0
2020,cuarto,tarragona,173.0
2020,cuarto,alicante/alacant,473.0
2020,cuarto,castellon/castello,106.0
2020,cuarto,valencia/valencia,566.0
2020,cuarto,badajoz,115.0
2020,cuarto,caceres,45.0
2020,cuarto,a coruna,174.0
2020,cuarto,lugo,50.0
2020,cuarto,ourense,43.0
2020,cuarto,pontevedra,129.0
2020,cuarto,madrid,1281.0
2020,cuarto,murcia,296.0
2020,cuarto,navarra,80.0
2020,cuarto,araba/alava,29.0
2020,cuarto,gipuzkoa,42.0
2020,cuarto,bizkaia,77.0
2020,cuarto,la rioja,69.0
2020,cuarto,ceuta,15.0
2020,cuarto,melilla,21.0
2021,primero,almeria,175.0
2021,primero,cadiz,242.0
2021,primero,cordoba,81.0
2021,primero,granada,331.0
2021,primero,huelva,269.0
2021,primero,jaen,75.0
2021,primero,malaga,266.0
2021,primero,sevilla,402.0
2021,primero,huesca,35.0
2021,primero,teruel,7.0
2021,primero,zaragoza,139.0
2021,primero,asturias,167.0
2021,primero,illes balears,156.0
2021,primero,las palmas,219.0
2021,primero,santa cruz de tenerife,207.0
2021,primero,cantabria,63.0
2021,primero,avila,39.0
2021,primero,burgos,70.0
2021,primero,leon,42.0
2021,primero,palencia,23.0
2021,primero,salamanca,12.0
2021,primero,segovia,12.0
2021,primero,soria,22.0
2021,primero,valladolid,115.0
2021,primero,zamora,21.0
2021,primero,albacete,89.0
2021,primero,ciudad real,84.0
2021,primero,cuenca,38.0
2021,primero,guadalajara,38.0
2021,primero,toledo,95.0
2021,primero,barcelona,768.0
2021,primero,girona,95.0
2021,primero,lleida,90.0
2021,primero,tarragona,188.0
2021,primero,alicante/alacant,474.0
2021,primero,castellon/castello,88.0
2021,primero,valencia/valencia,576.0
2021,primero,badajoz,134.0
2021,primero,caceres,55.0
2021,primero,a coruna,173.0
2021,primero,lugo,44.0
2021,primero,ourense,32.0
2021,primero,pontevedra,122.0
2021,primero,madrid,1195.0
2021,primero,murcia,281.0
2021,primero,navarra,69.0
2021,primero,araba/alava,31.0
2021,primero,gipuzkoa,46.0
2021,primero,bizkaia,78.0
2021,primero,la rioja,73.0
2021,primero,ceuta,20.0
2021,primero,melilla,10.0
2021,segundo,almeria,209.0
2021,segundo,cadiz,401.0
2021,segundo,cordoba,132.0
2021,segundo,granada,342.0
2021,segundo,huelva,164.0
2021,segundo,jaen,104.0
2021,segundo,malaga,333.0
2021,segundo,sevilla,402.0
2021,segundo,huesca,34.0
2021,segundo,teruel,11.0
2021,segundo,zaragoza,144.0
2021,segundo,asturias,143.0
2021,segundo,illes balears,239.0
2021,segundo,las palmas,268.0
2021,segundo,santa cruz de tenerife,197.0
2021,segundo,cantabria,98.0
2021,segundo,avila,33.0
2021,segundo,burgos,69.0
2021,segundo,leon,63.0
2021,segundo,palencia,31.0
2021,segundo,salamanca,22.0
2021,segundo,segovia,16.0
2021,segundo,soria,20.0
2021,segundo,valladolid,95.0
2021,segundo,zamora,25.0
2021,segundo,albacete,86.0
2021,segundo,ciudad real,96.0
2021,segundo,cuenca,33.0
2021,segundo,guadalajara,48.0
2021,segundo,toledo,99.0
2021,segundo,barcelona,921.0
2021,segundo,girona,117.0
2021,segundo,lleida,74.0
2021,segundo,tarragona,187.0
2021,segundo,alicante/alacant,521.0
2021,segundo,castellon/castello,100.0
2021,segundo,valencia/valencia,619.0
2021,segundo,badajoz,154.0
2021,segundo,caceres,53.0
2021,segundo,a coruna,253.0
2021,segundo,lugo,53.0
2021,segundo,ourense,52.0
2021,segundo,pontevedra,167.0
2021,segundo,madrid,1520.0
2021,segundo,murcia,365.0
2021,segundo,navarra,98.0
2021,segundo,araba/alava,36.0
2021,segundo,gipuzkoa,48.0
2021,segundo,bizkaia,97.0
2021,segundo,la rioja,74.0
2021,segundo,ceuta,22.0
2021,segundo,melilla,16.0
2021,tercero,almeria,268.0
2021,tercero,cadiz,328.0
2021,tercero,cordoba,110.0
2021,tercero,granada,359.0
2021,tercero,huelva,106.0
2021,tercero,jaen,85.0
2021,tercero,malaga,325.0
2021,tercero,sevilla,456.0
2021,tercero,huesca,58.0
2021,tercero,teruel,21.0
2021,tercero,zaragoza,181.0
2021,tercero,asturias,171.0
2021,tercero,illes balears,280.0
2021,tercero,las palmas,262.0
2021,tercero,santa cruz de tenerife,224.0
2021,tercero,cantabria,87.0
2021,tercero,avila,47.0
2021,tercero,burgos,83.0
2021,tercero,leon,50.0
2021,tercero,palencia,32.0
2021,tercero,salamanca,29.0
2021,tercero,segovia,11.0
2021,tercero,soria,20.0
2021,tercero,valladolid,118.0
2021,tercero,zamora,30.0
2021,tercero,albacete,70.0
2021,tercero,ciudad real,103.0
2021,tercero,cuenca,44.0
2021,tercero,guadalajara,57.0
2021,tercero,toledo,140.0
2021,tercero,barcelona,869.0
2021,tercero,girona,138.0
2021,tercero,lleida,88.0
2021,tercero,tarragona,233.0
2021,tercero,alicante/alacant,646.0
2021,tercero,castellon/castello,127.0
2021,tercero,valencia/valencia,700.0
2021,tercero,badajoz,166.0
2021,tercero,caceres,58.0
2021,tercero,a coruna,210.0
2021,tercero,lugo,47.0
2021,tercero,ourense,44.0
2021,tercero,pontevedra,136.0
2021,tercero,madrid,1377.0
2021,tercero,murcia,479.0
2021,tercero,navarra,87.0
2021,tercero,araba/alava,35.0
2021,tercero,gipuzkoa,65.0
2021,tercero,bizkaia,105.0
2021,tercero,la rioja,89.0
2021,tercero,ceuta,30.0
2021,tercero,melilla,20.0
2021,cuarto,almeria,201.0
2021,cuarto,cadiz,335.0
2021,cuarto,cordoba,106.0
2021,cuarto,granada,358.0
2021,cuarto,huelva,147.0
2021,cuarto,jaen,111.0
2021,cuarto,malaga,255.0
2021,cuarto,sevilla,479.0
2021,cuarto,huesca,41.0
2021,cuarto,teruel,13.0
2021,cuarto,zaragoza,183.0
2021,cuarto,asturias,160.0
2021,cuarto,illes balears,222.0
2021,cuarto,las palmas,271.0
2021,cuarto,santa cruz de tenerife,228.0
2021,cuarto,cantabria,116.0
2021,cuarto,avila,36.0
2021,cuarto,burgos,74.0
2021,cuarto,leon,56.0
2021,cuarto,palencia,35.0
2021,cuarto,salamanca,28.0
2021,cuarto,segovia,24.0
2021,cuarto,soria,32.0
2021,cuarto,valladolid,105.0
2021,cuarto,zamora,16.0
2021,cuarto,albacete,82.0
2021,cuarto,ciudad real,95.0
2021,cuarto,cuenca,41.0
2021,cuarto,guadalajara,63.0
2021,cuarto,toledo,150.0
2021,cuarto,barcelona,892.0
2021,cuarto,girona,132.0
2021,cuarto,lleida,99.0
2021,cuarto,tarragona,194.0
2021,cuarto,alicante/alacant,630.0
2021,cuarto,castellon/castello,110.0
2021,cuarto,valencia/valencia,633.0
2021,cuarto,badajoz,141.0
2021,cuarto,caceres,64.0
2021,cuarto,a coruna,227.0
2021,cuarto,lugo,52.0
2021,cuarto,ourense,44.0
2021,cuarto,pontevedra,128.0
2021,cuarto,madrid,1390.0
2021,cuarto,murcia,391.0
2021,cuarto,navarra,101.0
2021,cuarto,araba/alava,16.0
2021,cuarto,gipuzkoa,81.0
2021,cuarto,bizkaia,141.0
2021,cuarto,la rioja,74.0
2021,cuarto,ceuta,28.0
2021,cuarto,melilla,20.0
2022,primero,almeria,272.0
2022,primero,cadiz,264.0
2022,primero,cordoba,88.0
2022,primero,granada,343.0
2022,primero,huelva,95.0
2022,primero,jaen,123.0
2022,primero,malaga,352.0
2022,primero,sevilla,444.0
2022,primero,huesca,31.0
2022,primero,teruel,13.0
2022,primero,zaragoza,189.0
2022,primero,asturias,193.0
2022,primero,illes balears,279.0
2022,primero,las palmas,257.0
2022,primero,santa cruz de tenerife,228.0
2022,primero,cantabria,105.0
2022,primero,avila,19.0
2022,primero,burgos,62.0
2022,primero,leon,55.0
2022,primero,palencia,28.0
2022,primero,salamanca,39.0
2022,primero,segovia,32.0
2022,primero,soria,26.0
2022,primero,valladolid,96.0
2022,primero,zamora,17.0
2022,primero,albacete,81.0
2022,primero,ciudad real,101.0
2022,primero,cuenca,47.0
2022,primero,guadalajara,35.0
2022,primero,toledo,116.0
2022,primero,barcelona,864.0
2022,primero,girona,115.0
2022,primero,lleida,87.0
2022,primero,tarragona,173.0
2022,primero,alicante/alacant,569.0
2022,primero,castellon/castello,95.0
2022,primero,valencia/valencia,674.0
2022,primero,badajoz,135.0
2022,primero,caceres,72.0
2022,primero,a coruna,215.0
2022,primero,lugo,40.0
2022,primero,ourense,62.0
2022,primero,pontevedra,135.0
2022,primero,madrid,1226.0
2022,primero,murcia,334.0
2022,primero,navarra,90.0
2022,primero,araba/alava,24.0
2022,primero,gipuzkoa,72.0
2022,primero,bizkaia,154.0
2022,primero,la rioja,78.0
2022,primero,ceuta,24.0
2022,primero,melilla,29.0
2022,segundo,almeria,279.0
2022,segundo,cadiz,330.0
2022,segundo,cordoba,120.0
2022,segundo,granada,332.0
2022,segundo,huelva,133.0
2022,segundo,jaen,145.0
2022,segundo,malaga,351.0
2022,segundo,sevilla,462.0
2022,segundo,huesca,45.0
2022,segundo,teruel,17.0
2022,segundo,zaragoza,166.0
2022,segundo,asturias,242.0
2022,segundo,illes balears,359.0
2022,segundo,las palmas,193.0
2022,segundo,santa cruz de tenerife,251.0
2022,segundo,cantabria,112.0
2022,segundo,avila,37.0
2022,segundo,burgos,65.0
2022,segundo,leon,50.0
2022,segundo,palencia,35.0
2022,segundo,salamanca,38.0
2022,segundo,segovia,18.0
2022,segundo,soria,22.0
2022,segundo,valladolid,132.0
2022,segundo,zamora,27.0
2022,segundo,albacete,89.0
2022,segundo,ciudad real,109.0
2022,segundo,cuenca,44.0
2022,segundo,guadalajara,47.0
2022,segundo,toledo,169.0
2022,segundo,barcelona,1081.0
2022,segundo,girona,158.0
2022,segundo,lleida,94.0
2022,segundo,tarragona,192.0
2022,segundo,alicante/alacant,588.0
2022,segundo,castellon/castello,151.0
2022,segundo,valencia/valencia,740.0
2022,segundo,badajoz,156.0
2022,segundo,caceres,101.0
2022,segundo,a coruna,195.0
2022,segundo,lugo,52.0
2022,segundo,ourense,84.0
2022,segundo,pontevedra,155.0
2022,segundo,madrid,1473.0
2022,segundo,murcia,431.0
2022,segundo,navarra,100.0
2022,segundo,araba/alava,23.0
2022,segundo,gipuzkoa,100.0
2022,segundo,bizkaia,152.0
2022,segundo,la rioja,97.0
2022,segundo,ceuta,20.0
2022,segundo,melilla,22.0
2022,tercero,almeria,281.0
2022,tercero,cadiz,294.0
2022,tercero,cordoba,117.0
2022,tercero,granada,219.0
2022,tercero,huelva,122.0
2022,tercero,jaen,140.0
2022,tercero,malaga,330.0
2022,tercero,sevilla,502.0
2022,tercero,huesca,52.0
2022,tercero,teruel,20.0
2022,tercero,zaragoza,204.0
2022,tercero,asturias,232.0
2022,tercero,illes balears,415.0
2022,tercero,las palmas,197.0
2022,tercero,santa cruz de tenerife,218.0
2022,tercero,cantabria,95.0
2022,tercero,avila,29.0
2022,tercero,burgos,86.0
2022,tercero,leon,75.0
2022,tercero,palencia,26.0
2022,tercero,salamanca,34.0
2022,tercero,segovia,26.0
2022,tercero,soria,35.0
2022,tercero,valladolid,104.0
2022,tercero,zamora,39.0
2022,tercero,albacete,90.0
2022,tercero,ciudad real,125.0
2022,tercero,cuenca,49.0
2022,tercero,guadalajara,42.0
2022,tercero,toledo,178.0
2022,tercero,barcelona,1011.0
2022,tercero,girona,157.0
2022,tercero,lleida,104.0
2022,tercero,tarragona,216.0
2022,tercero,alicante/alacant,542.0
2022,tercero,castellon/castello,125.0
2022,tercero,valencia/valencia,653.0
2022,tercero,badajoz,156.0
2022,tercero,caceres,92.0
2022,tercero,a coruna,193.0
2022,tercero,lugo,68.0
2022,tercero,ourense,62.0
2022,tercero,pontevedra,169.0
2022,tercero,madrid,1490.0
2022,tercero,murcia,394.0
2022,tercero,navarra,126.0
2022,tercero,araba/alava,34.0
2022,tercero,gipuzkoa,50.0
2022,tercero,bizkaia,164.0
2022,tercero,la rioja,67.0
2022,tercero,ceuta,30.0
2022,tercero,melilla,23.0
2022,cuarto,almeria,305.0
2022,cuarto,cadiz,299.0
2022,cuarto,cordoba,93.0
2022,cuarto,granada,283.0
2022,cuarto,huelva,189.0
2022,cuarto,jaen,141.0
2022,cuarto,malaga,369.0
2022,cuarto,sevilla,481.0
2022,cuarto,huesca,47.0
2022,cuarto,teruel,19.0
2022,cuarto,zaragoza,148.0
2022,cuarto,asturias,201.0
2022,cuarto,illes balears,343.0
2022,cuarto,las palmas,273.0
2022,cuarto,santa cruz de tenerife,237.0
2022,cuarto,cantabria,93.0
2022,cuarto,avila,26.0
2022,cuarto,burgos,77.0
2022,cuarto,leon,58.0
2022,cuarto,palencia,36.0
2022,cuarto,salamanca,27.0
2022,cuarto,segovia,23.0
2022,cuarto,soria,21.0
2022,cuarto,valladolid,132.0
2022,cuarto,zamora,26.0
2022,cuarto,albacete,87.0
2022,cuarto,ciudad real,111.0
2022,cuarto,cuenca,43.0
2022,cuarto,guadalajara,36.0
2022,cuarto,toledo,119.0
2022,cuarto,barcelona,802.0
2022,cuarto,girona,150.0
2022,cuarto,lleida,95.0
2022,cuarto,tarragona,155.0
2022,cuarto,alicante/alacant,514.0
2022,cuarto,castellon/castello,91.0
2022,cuarto,valencia/valencia,716.0
2022,cuarto,badajoz,122.0
2022,cuarto,caceres,78.0
2022,cuarto,a coruna,201.0
2022,cuarto,lugo,52.0
2022,cuarto,ourense,55.0
2022,cuarto,pontevedra,144.0
2022,cuarto,madrid,1375.0
2022,cuarto,murcia,393.0
2022,cuarto,navarra,98.0
2022,cuarto,araba/alava,42.0
2022,cuarto,gipuzkoa,56.0
2022,cuarto,bizkaia,159.0
2022,cuarto,la rioja,57.0
2022,cuarto,ceuta,18.0
2022,cuarto,melilla,10.0
2023,primero,almeria,253.0
2023,primero,cadiz,221.0
2023,primero,cordoba,105.0
2023,primero,granada,198.0
2023,primero,huelva,153.0
2023,primero,jaen,134.0
2023,primero,malaga,357.0
2023,primero,sevilla,523.0
2023,primero,huesca,51.0
2023,primero,teruel,18.0
2023,primero,zaragoza,162.0
2023,primero,asturias,234.0
2023,primero,illes balears,341.0
2023,primero,las palmas,233.0
2023,primero,santa cruz de tenerife,180.0
2023,primero,cantabria,111.0
2023,primero,avila,34.0
2023,primero,burgos,98.0
2023,primero,leon,68.0
2023,primero,palencia,31.0
2023,primero,salamanca,48.0
2023,primero,segovia,19.0
2023,primero,soria,29.0
2023,primero,valladolid,102.0
2023,primero,zamora,45.0
2023,primero,albacete,86.0
2023,primero,ciudad real,114.0
2023,primero,cuenca,32.0
2023,primero,guadalajara,70.0
2023,primero,toledo,176.0
2023,primero,barcelona,987.0
2023,primero,girona,138.0
2023,primero,lleida,88.0
2023,primero,tarragona,178.0
2023,primero,alicante/alacant,577.0
2023,primero,castellon/castello,103.0
2023,primero,valencia/valencia,606.0
2023,primero,badajoz,145.0
2023,primero,caceres,53.0
2023,primero,a coruna,232.0
2023,primero,lugo,56.0
2023,primero,ourense,56.0
2023,primero,pontevedra,151.0
2023,primero,madrid,1444.0
2023,primero,murcia,375.0
2023,primero,navarra,92.0
2023,primero,araba/alava,18.0
2023,primero,gipuzkoa,48.0
2023,primero,bizkaia,187.0
2023,primero,la rioja,78.0
2023,primero,ceuta,30.0
2023,primero,melilla,11.0
2023,segundo,almeria,229.0
2023,segundo,cadiz,270.0
2023,segundo,cordoba,115.0
2023,segundo,granada,257.0
2023,segundo,huelva,172.0
2023,segundo,jaen,193.0
2023,segundo,malaga,379.0
2023,segundo,sevilla,536.0
2023,segundo,huesca,45.0
2023,segundo,teruel,22.0
2023,segundo,zaragoza,169.0
2023,segundo,asturias,213.0
2023,segundo,illes balears,381.0
2023,segundo,las palmas,221.0
2023,segundo,santa cruz de tenerife,250.0
2023,segundo,cantabria,127.0
2023,segundo,avila,36.0
2023,segundo,burgos,78.0
2023,segundo,leon,90.0
2023,segundo,palencia,35.0
2023,segundo,salamanca,44.0
2023,segundo,segovia,22.0
2023,segundo,soria,26.0
2023,segundo,valladolid,111.0
2023,segundo,zamora,47.0
2023,segundo,albacete,94.0
2023,segundo,ciudad real,143.0
2023,segundo,cuenca,40.0
2023,segundo,guadalajara,54.0
2023,segundo,toledo,161.0
2023,segundo,barcelona,1003.0
2023,segundo,girona,154.0
2023,segundo,lleida,128.0
2023,segundo,tarragona,201.0
2023,segundo,alicante/alacant,704.0
2023,segundo,castellon/castello,117.0
2023,segundo,valencia/valencia,612.0
2023,segundo,badajoz,129.0
2023,segundo,caceres,58.0
2023,segundo,a coruna,208.0
2023,segundo,lugo,63.0
2023,segundo,ourense,54.0
2023,segundo,pontevedra,152.0
2023,segundo,madrid,1508.0
2023,segundo,murcia,440.0
2023,segundo,navarra,117.0
2023,segundo,araba/alava,37.0
2023,segundo,gipuzkoa,50.0
2023,segundo,bizkaia,190.0
2023,segundo,la rioja,73.0
2023,segundo,ceuta,25.0
2023,segundo,melilla,23.0
